d,test_mse,alias_operator_norm,model_insufficiency,data_insufficiency,aliasing,fitted_noise,component_cross_term,reconstruction_error,seed,sweep_value
40.0,0.29707455090729873,263.7133473270923,0.09969761057216844,0.14969616303314404,0.04486646267580424,0.004329881830619463,-0.0015155672044374624,1.1657341758564144e-15,0.0,8.0
40.0,0.16051189003903715,253.38078662421796,0.08208572145834556,0.09119703080031263,0.05918391569058954,0.0018941487101050787,-0.07384892662031567,1.2212453270876722e-15,0.0,16.0
40.0,0.18366815914521578,253.02941956462362,0.1508663242493195,0.0421624906058343,0.13477757977208582,0.0034529600027447508,-0.14759119548476862,1.7763568394002505e-15,0.0,24.0
40.0,0.1499930297406061,266.287143752191,0.04306870290651617,0.01260395747139749,0.08272261444532342,0.01046659269109411,0.0011311622262749343,1.582067810090848e-15,0.0,32.0
40.0,130.1764199599244,12078.073709162094,0.1189598308078704,3.3600228483603516e-28,85.12484404303629,4.681987852234309,40.25062823384593,7.105427357601002e-14,0.0,40.0
40.0,0.12677192870522005,318.4706710765262,0.08218627717957744,7.698685821454079e-30,0.158624523618519,0.011199404956049536,-0.1252382770489259,3.552713678800501e-15,0.0,48.0
40.0,0.12581340067811275,266.970362918962,0.10218234826900177,2.263355883185277e-30,0.17104173142490137,0.0054307218510807175,-0.1528414008668711,2.1094237467877974e-15,0.0,56.0
40.0,0.08818169928619221,249.51213281285467,0.1195138730195332,1.4798951884821434e-30,0.11711110036965044,0.0031974403152899055,-0.15164071441828134,1.6375789613221059e-15,0.0,64.0
40.0,0.08854667448587987,260.95471596741845,0.12617215123052544,2.1394795181224054e-30,0.11914921535178667,0.002233863842130997,-0.15900855593856322,1.7763568394002505e-15,0.0,72.0
40.0,0.06102031555961491,247.0484298735394,0.07670045378691605,2.1769726062138916e-30,0.09211201180128087,0.0034058059815706403,-0.11119795601015264,1.609823385706477e-15,0.0,80.0
40.0,0.07014382486748924,250.5192326703517,0.12438624514125492,2.10777526644637e-30,0.11835105551781466,0.0017515325020680595,-0.1743450082936484,1.6653345369377348e-15,0.0,88.0
40.0,0.17472667993087648,220.8899360025177,0.03173731115715493,0.1561759695240579,0.01494941768085065,0.0011057714857420132,-0.029241789916929023,1.1102230246251565e-15,1.0,8.0
40.0,0.17886987072755092,305.935415144746,0.25560118978150415,0.09049671784662441,0.29240379189377386,0.0023366931524664144,-0.4619685219468179,1.6653345369377348e-15,1.0,16.0
40.0,0.23332700109107285,326.84480965461165,0.21850676314006473,0.027307418705303677,0.251765301546088,0.007458102576123402,-0.271710584876507,1.734723475976807e-15,1.0,24.0
40.0,0.3263260100928356,419.08164903738043,0.17277252013086752,0.02103032818379444,0.3454781218704392,0.028396561898157698,-0.2413515219904233,3.1086244689504383e-15,1.0,32.0
40.0,2.559595716973746,887.3271724795094,0.13848405989966775,1.4813530181147516e-29,1.139933743858027,0.437557065622873,0.8436208475931781,5.773159728050814e-15,1.0,40.0
40.0,0.2939461088792182,368.03276638729625,0.074241111865728,2.187889723439881e-30,0.2838548852284515,0.005847066878825991,-0.06999695509378728,2.6645352591003757e-15,1.0,48.0
40.0,0.20835012779973877,279.0325627923005,0.13276742463035576,1.6458355265240824e-29,0.1713118426809429,0.01389716561951874,-0.10962630513107863,1.5543122344752192e-15,1.0,56.0
40.0,0.16734601790670983,267.04248130621687,0.13191664086284624,9.10420137152491e-31,0.18875792048708348,0.00462570693165157,-0.15795425037487149,1.5543122344752192e-15,1.0,64.0
40.0,0.04927594770755526,264.5125320458743,0.10949651528495494,2.6803655806966055e-30,0.11962488848587371,0.002073672134939922,-0.18191912819821332,2.6922908347160046e-15,1.0,72.0
40.0,0.09311008476294964,276.3408958728298,0.11374259511198373,8.794489236193397e-31,0.14534809462269893,0.002724633328082448,-0.16870523829981549,1.609823385706477e-15,1.0,80.0
40.0,0.03431988083823036,243.0096539610914,0.07701086095734233,1.7996601339571072e-30,0.09170639893838582,0.0036686965028354173,-0.13806607556033323,1.7763568394002505e-15,1.0,88.0
40.0,0.29435438048344925,232.00816683714837,0.056103296488078574,0.20324252031243423,0.005906320625061749,0.0029730398203690537,0.02612920323750567,1.3322676295501878e-15,2.0,8.0
40.0,0.1681978695530684,267.5543637067617,0.07760219671315613,0.07997465344978036,0.10627478239625598,0.0028589084140889405,-0.098512671420213,1.1102230246251565e-15,2.0,16.0
40.0,0.1944441436851769,246.7272892578275,0.10233971886604919,0.057689639159116186,0.08938467431073027,0.0033877196951325778,-0.058357608345851325,1.3322676295501878e-15,2.0,24.0
40.0,0.22342732951151273,314.78301778598535,0.10177897696242744,0.021736229672613013,0.15761807083488266,0.005075283060667806,-0.06278123101907818,2.1094237467877974e-15,2.0,32.0
40.0,0.5528502854661412,3155.224847984138,0.11697035643977435,2.8352482379125397e-28,0.6296606927064841,0.09574464525244405,-0.2895254089325613,1.532107773982716e-14,2.0,40.0
40.0,0.07709566413835486,320.79620018606397,0.053335909731937706,2.65325192995601e-30,0.06546197654565566,0.009149417105917254,-0.05085163924515576,2.0816681711721685e-15,2.0,48.0
40.0,0.1375331184684367,265.6454873217651,0.16160151546952947,3.219532104136634e-30,0.22080834880529324,0.004619342754176113,-0.24949608856056216,3.3029134982598407e-15,2.0,56.0
40.0,0.11061560795948493,242.61270462036302,0.19993880787215176,2.1427918275805717e-30,0.2083832498041036,0.008037095207818194,-0.3057435449245886,1.3322676295501878e-15,2.0,64.0
40.0,0.04458036625988854,245.33146538047023,0.0682331470112322,9.122713640994699e-31,0.07754361057601805,0.004301403831406002,-0.10549779515876773,1.5543122344752192e-15,2.0,72.0
40.0,0.05727269082457359,285.76960963058485,0.06569812189541996,2.3162491425969767e-29,0.07757294806919418,0.007009544857393862,-0.0930079239974344,2.4424906541753444e-15,2.0,80.0
40.0,0.09122190143300847,247.33599138468233,0.09829441413395713,6.9720120402603385e-31,0.10613318312583561,0.0028437795747332725,-0.11604947540151754,1.1102230246251565e-15,2.0,88.0
40.0,0.2710002696697206,241.31297379207686,0.13475304346676273,0.1189215717738559,0.03320755314587916,0.0004688390131172788,-0.016350737729894482,1.3322676295501878e-15,3.0,8.0
40.0,0.12914911586867656,273.4562085887988,0.08522263917626152,0.09348030353715736,0.04758208722280642,0.0010286386393211031,-0.09816455270686986,1.4988010832439613e-15,3.0,16.0
40.0,0.24919609116128932,283.32366424517505,0.2675197643638194,0.020224974279268657,0.11754972153724139,0.016354130673195372,-0.17245249969223553,1.4849232954361469e-15,3.0,24.0
40.0,0.262987873765156,296.4914302301713,0.10286276401170052,0.02513218009107878,0.2809143857385592,0.007533816056424709,-0.15345527213260723,1.7763568394002505e-15,3.0,32.0
40.0,36.10243058254305,4373.413552788407,0.058798093713911134,8.275619022276319e-30,17.832640114395268,3.15049243155351,15.060499942880362,1.9539925233402755e-14,3.0,40.0
40.0,0.35647287265111255,335.29703426430757,0.07384522599235258,2.2372264868060246e-29,0.36101243907847547,0.009741148293985983,-0.0881259407137015,3.9968028886505635e-15,3.0,48.0
40.0,0.2554318850437597,310.6733885775271,0.08108497138948512,1.2547349938327993e-29,0.2968315222217665,0.005929170724831666,-0.12841377929232362,1.7763568394002505e-15,3.0,56.0
40.0,0.04437476562254429,263.56627439866395,0.04490078456253711,5.741850678186907e-31,0.05424932164040824,0.006376831223154699,-0.06115217180355577,1.4988010832439613e-15,3.0,64.0
40.0,0.060666897963058616,278.63460377620737,0.09520200050434398,1.5914117957851265e-30,0.1315180255893652,0.0025788081355121043,-0.16863193626616269,1.2212453270876722e-15,3.0,72.0
40.0,0.100968669114968,246.52396543727684,0.07866016670000935,9.171965066452446e-30,0.09110408641410811,0.0028911675938216213,-0.07168675159297107,1.7763568394002505e-15,3.0,80.0
40.0,0.08611058396334045,249.7934581820202,0.13769904958290316,8.670361801711266e-30,0.1365045750066693,0.0035717434642489505,-0.19166478409048096,2.400857290751901e-15,3.0,88.0
40.0,0.3990705137719076,257.7572028567497,0.23482461116042727,0.18432390094430046,0.27061114322993485,0.0009568781534854718,-0.2916460197162405,1.3322676295501878e-15,4.0,8.0
40.0,0.29374041906705317,261.04891034384724,0.07682980236611436,0.13343931147809635,0.10442029976026865,0.006771478433258616,-0.027720472970684806,1.7763568394002505e-15,4.0,16.0
40.0,0.21607227861831507,231.90814282948563,0.04583574665905288,0.12242646207219675,0.05865673206885119,0.003208860726429257,-0.01405552290821499,1.5543122344752192e-15,4.0,24.0
40.0,0.3167825897655755,483.6009989201806,0.1740132744290379,0.01982437793888249,0.32859537367162295,0.018633851513847766,-0.22428428778781562,2.3869795029440866e-15,4.0,32.0
40.0,51.13120777760345,6514.711953865896,0.09043253535036155,3.938811776559665e-29,18.440674740730913,8.275138777650353,24.324961723871823,3.241851231905457e-14,4.0,40.0
40.0,0.2460061359781623,312.9609566018779,0.3198783168422309,1.5733113854658565e-30,0.46863458468906793,0.043298453282300975,-0.5858052188354375,2.3314683517128287e-15,4.0,48.0
40.0,0.13368318878937918,246.7302774570625,0.09359957768642793,9.121652633517896e-31,0.16243535911174983,0.008757058651210995,-0.13110880666000957,1.7763568394002505e-15,4.0,56.0
40.0,0.2150571513604624,244.9012024361714,0.1278626714855547,1.9414098095931446e-30,0.16278435554888077,0.0057727063869113335,-0.0813625820608844,1.7208456881689926e-15,4.0,64.0
40.0,0.11886106547228495,242.08017103248432,0.13982670560101362,6.792277793341176e-30,0.17216973098983873,0.0021320849126668386,-0.19526745603123427,1.4432899320127035e-15,4.0,72.0
40.0,0.03267698791702583,263.4086313668546,0.03913922594862722,2.394362230728875e-30,0.039118317588019286,0.00232280449278738,-0.047903360112408054,1.582067810090848e-15,4.0,80.0
40.0,0.07370455830032854,250.7079888556822,0.27709320699744466,6.124503125462044e-31,0.24221963324510148,0.001972024282969288,-0.44758030622518696,1.4432899320127035e-15,4.0,88.0
40.0,0.3716068461546972,262.0611098092443,0.06231538135683279,0.28106440272581135,0.018400336486532543,0.0016814034213343703,0.00814532216418612,1.3322676295501878e-15,5.0,8.0
40.0,0.12940351293445412,265.77272887777656,0.1499763382499752,0.0843501671435297,0.12970812195937392,0.0017860427289070422,-0.23641715714733175,1.1102230246251565e-15,5.0,16.0
40.0,0.21832307140270257,257.51158359441456,0.07772955517250517,0.07705506794857431,0.12126269698067542,0.0050247998475350195,-0.06274904854658736,1.4432899320127035e-15,5.0,24.0
40.0,0.3271779173165125,458.8291513609563,0.09648580068360275,0.02655476629754371,0.306711531643559,0.008308396149936644,-0.11088257745812963,2.6367796834847468e-15,5.0,32.0
40.0,426.74656923362386,17178.17799408237,0.13170062670116034,1.7679339308509626e-27,367.8665844187312,2.0631736086423693,56.68511057954913,1.4210854715202004e-13,5.0,40.0
40.0,0.24730067520440258,350.3242454365052,0.17504530135823668,1.6551742673609707e-30,0.4338625755042511,0.013908379492131312,-0.37551558115021655,3.774758283725532e-15,5.0,48.0
40.0,0.15090145266229354,265.5751523452445,0.1057781949382832,4.126242007166647e-30,0.17899106348512328,0.006549578262187524,-0.14041738402330045,2.1094237467877974e-15,5.0,56.0
40.0,0.0636288687411899,255.23480785282584,0.052878581252496004,1.5732136538327237e-29,0.06823887558646698,0.0035895467280049934,-0.06107813482577806,1.7208456881689926e-15,5.0,64.0
40.0,0.03843638732912451,262.69881062649944,0.0776460086268382,1.7024321232522586e-29,0.08934558676075727,0.00410200316128009,-0.13265721121975105,1.4432899320127035e-15,5.0,72.0
40.0,0.1199367480710039,249.66421653682812,0.16929671872673407,5.289527636298314e-30,0.14402114087058399,0.0017947236799993231,-0.19517583520631349,1.3183898417423734e-15,5.0,80.0
40.0,0.037081484292711575,257.1446894885441,0.06967542795615592,2.4203924464284536e-30,0.06659802057250314,0.0017186067713602258,-0.10091057100730771,1.4883927423881005e-15,5.0,88.0
40.0,0.32860669286220956,285.24217930462737,0.1974029686383863,0.1792172843731522,0.2607477482358148,0.0020939903271375883,-0.31085529871228135,1.2212453270876722e-15,6.0,8.0
40.0,0.17506484326045377,246.1595799547163,0.1543588897591467,0.13438202848120387,0.1461061806070844,0.004292404385442806,-0.26407465997242396,1.3322676295501878e-15,6.0,16.0
40.0,0.07950362838882397,301.3925901873481,0.05218715530314094,0.041636833050766105,0.04724418246848538,0.005752731958912518,-0.06731727439248097,1.4710455076283324e-15,6.0,24.0
40.0,0.1942853477654722,336.70957897062027,0.06609718709761571,0.03378584285037581,0.1188390597763559,0.012875809194257359,-0.03731255115313256,1.7763568394002505e-15,6.0,32.0
40.0,1.3935449636127286,3056.884985547609,0.19162167840989147,4.563093383982245e-30,3.221228297310509,0.6567681728374556,-2.6760731849451274,1.0658141036401503e-14,6.0,40.0
40.0,0.21683067482291193,424.811962580897,0.09524504865956016,6.141139260508962e-30,0.24785554463558895,0.016688533968448018,-0.1429584524406852,2.4424906541753444e-15,6.0,48.0
40.0,0.1510657482182966,265.12069876333317,0.15656621881641708,5.6468509982307106e-30,0.16537079040316555,0.004445884026119413,-0.17531714502740542,2.7755575615628914e-15,6.0,56.0
40.0,0.11072692443606146,269.4180545092758,0.08280695373897295,1.6114689731407914e-30,0.13408658692787523,0.0015854844759620932,-0.10775210070674883,1.582067810090848e-15,6.0,64.0
40.0,0.06391644049519007,262.1206339249635,0.07331098234896759,1.5697111700773886e-30,0.07612830292120945,0.004872198416099519,-0.09039504319108649,1.7763568394002505e-15,6.0,72.0
40.0,0.12161197480609465,245.79677400955967,0.1758792949534816,4.028228334290395e-30,0.16741570777847545,0.00287629574384809,-0.2245593236697105,1.8041124150158794e-15,6.0,80.0
40.0,0.04008437257242253,265.0562087240283,0.14491188408647482,1.4241276152179443e-29,0.15215936328275564,0.002324869423384224,-0.25931174422019215,1.942890293094024e-15,6.0,88.0
40.0,0.23565137696702976,229.29605010098535,0.09820794383508172,0.20081220834958213,0.014998064685175522,0.0018412633572872572,-0.08020810326009686,8.881784197001252e-16,7.0,8.0
40.0,0.22901956960135167,251.88977195844885,0.11673795686113692,0.13207920826793834,0.09943766159789386,0.001158416902231795,-0.12039367402784923,1.6653345369377348e-15,7.0,16.0
40.0,0.11943261889449147,257.23812623460265,0.42676115531427994,0.03739054959039925,0.3382224022917156,0.004438990615278843,-0.6873804789171822,1.4988010832439613e-15,7.0,24.0
40.0,0.18669791616396098,272.07656443072904,0.12264435261154774,0.024053419430497897,0.18747973258983608,0.021347202113380676,-0.1688267905813014,2.3592239273284576e-15,7.0,32.0
40.0,39.7594547960405,2777.2882847433034,0.18830894481467025,8.659569278390799e-29,32.45562001601721,0.533975316450767,6.581550518757858,1.7763568394002505e-14,7.0,40.0
40.0,0.25436312388862997,354.5139662904763,0.20749628900854555,2.170488689677125e-30,0.33945252975219353,0.044731809542125696,-0.33731750441423486,3.774758283725532e-15,7.0,48.0
40.0,0.19119962983531472,275.91889992696804,0.3402298698154769,1.4445717605542362e-30,0.42323434151398054,0.00554988337468282,-0.5778144648688256,2.7755575615628914e-15,7.0,56.0
40.0,0.27463852735668953,253.26290646794203,0.17970496896889712,1.4665281805149283e-29,0.32285132241693365,0.0032023909096255206,-0.23112015493876675,2.6645352591003757e-15,7.0,64.0
40.0,0.02256494758456288,275.0079908279114,0.02634109376670218,5.967149435491226e-30,0.022762333114422495,0.0028226635098248555,-0.02936114280638665,1.970645868709653e-15,7.0,72.0
40.0,0.019889475487792536,263.0611586410719,0.05220125140636421,4.66841106492865e-30,0.050995274335507976,0.0023330410653473284,-0.08564009131942699,1.942890293094024e-15,7.0,80.0
40.0,0.08205504417948896,252.8240146283063,0.13465128085150524,1.4759658404563672e-30,0.08906192749487467,0.001722866177033174,-0.14338103034392413,1.1102230246251565e-15,7.0,88.0
40.0,0.226366999636472,263.40748732853353,0.12431077023938043,0.10368744300155026,0.01868870040949066,0.0011651190171305219,-0.021485033031079875,9.992007221626409e-16,8.0,8.0
40.0,0.33498863739112805,251.8465307920488,0.1488749614528474,0.15517683237333613,0.28547495641735987,0.0028036702411277916,-0.25734178309354316,1.4432899320127035e-15,8.0,16.0
40.0,0.2080689668421556,275.32262189106217,0.14807626457196732,0.056732579695264455,0.17658493946781198,0.00832740636176087,-0.18165222325464903,1.6653345369377348e-15,8.0,24.0
40.0,0.5296222542132616,480.49740348801294,0.12736542291467187,0.013907956348736285,0.5956339742831549,0.04183325976138461,-0.24911835909468605,2.55351295663786e-15,8.0,32.0
40.0,56.12281683759374,10467.49274721418,0.04448976765121482,3.2928471348763115e-27,59.08312305740196,0.20423012950964856,-3.209026116969085,7.815970093361102e-14,8.0,40.0
40.0,0.23732635256552265,415.9969611697845,0.10428493264578184,1.6426760103916572e-28,0.2349818679786647,0.007074736709914799,-0.1090151847688387,2.886579864025407e-15,8.0,48.0
40.0,0.11632627186405511,288.5647112557285,0.10560758040103141,2.7546752341460544e-30,0.1374330477929595,0.00850337161277948,-0.13521772794271528,1.942890293094024e-15,8.0,56.0
40.0,0.09275573758036124,245.29930131001072,0.13985675070852088,1.610970655305804e-30,0.24058566577355006,0.009842890332774681,-0.29752956923448437,1.887379141862766e-15,8.0,64.0
40.0,0.0716761036284913,249.8022803409799,0.11248976813213671,8.444811774591536e-30,0.11690026995652769,0.0037475485715377285,-0.16146148303171082,1.7763568394002505e-15,8.0,72.0
40.0,0.0552423826082261,228.33574304335997,0.0796845691504133,1.3443526912262146e-30,0.07093926513654704,0.002641858302325952,-0.0980233099810602,2.220446049250313e-15,8.0,80.0
40.0,0.09134439457166449,248.2062859441387,0.16582620122491953,3.1281492046211764e-29,0.1595594501967131,0.001308361947068289,-0.23534961879703642,2.4424906541753444e-15,8.0,88.0
40.0,0.28776613288825587,251.6976045183012,0.07676992100516836,0.18716108266437848,0.027747007847165744,0.0006866213302679021,-0.004598499958724633,1.1102230246251565e-15,9.0,8.0
40.0,0.21751900618577524,270.9871798709518,0.07154100488902923,0.14678097274431273,0.054515071086435926,0.0029918935360970607,-0.05830993607009971,2.220446049250313e-15,9.0,16.0
40.0,0.17889998456299383,269.6001904315706,0.12327178128848251,0.10015449962550174,0.0793059080799447,0.0059527346280845335,-0.12978493905901967,1.3322676295501878e-15,9.0,24.0
40.0,0.20149591871539496,672.0454751790629,0.14290060862072188,0.02698089365107515,0.4639442384309004,0.035071316983570265,-0.46740113897087265,1.9984014443252818e-15,9.0,32.0
40.0,63.8249431009813,4747.960741956591,0.14427960224016212,1.064746537374177e-28,16.372733456292977,16.97880977681582,30.32912026563234,2.9976021664879227e-14,9.0,40.0
40.0,0.24109402238219377,312.28578439880243,0.12507114842940115,5.158004410711116e-30,0.2563627399051147,0.006246810320221259,-0.14658667627254338,2.942091015256665e-15,9.0,48.0
40.0,0.11594870249921713,290.36316296827334,0.08808236710302339,1.798020761658144e-30,0.11126314101064654,0.003117022856346885,-0.08651382847079969,2.6645352591003757e-15,9.0,56.0
40.0,0.04911006434189933,286.15505918880973,0.04074780196068621,4.0585467777388305e-30,0.03518672372098352,0.0027571216443415926,-0.02958158298411199,2.0539125955565396e-15,9.0,64.0
40.0,0.037345827932537226,259.4962479713755,0.0632184662409293,3.4800626790649085e-30,0.0923937978190396,0.003657161773933891,-0.12192359790136557,1.6792123247455493e-15,9.0,72.0
40.0,0.05987321586665582,251.22266703923998,0.10837046607773422,2.8899369828396483e-29,0.12343047626893287,0.0026837711750051403,-0.17461149765501643,1.887379141862766e-15,9.0,80.0
40.0,0.1094718338828175,248.11876531709956,0.12161322741135433,1.4498147190828678e-30,0.10435910441277324,0.002623546729622616,-0.11912404467093268,1.5543122344752192e-15,9.0,88.0
40.0,0.24731288480953478,281.78455833467626,0.1337160102955754,0.15291137429419993,0.12297213390793832,0.0010747730769959099,-0.16336140676517474,1.5543122344752192e-15,10.0,8.0
40.0,0.2112937068167589,270.1724617885765,0.12039357557756576,0.0729726859705651,0.11643189506397575,0.0024223496596789914,-0.1009267994550267,9.992007221626409e-16,10.0,16.0
40.0,0.10903995045453758,263.88267944262265,0.22995928032408425,0.051743443400913317,0.19585710141576546,0.007020949302997618,-0.37554082398922306,1.304512053934559e-15,10.0,24.0
40.0,0.3182694134800217,300.84846370576696,0.11634556185886054,0.044742124761469215,0.2504496190148684,0.019885851307894713,-0.11315374346307117,2.275957200481571e-15,10.0,32.0
40.0,266.2992854688068,11939.428961201818,0.08924207079290183,1.0305154556742331e-27,224.42992945247005,1.934544301785933,39.8455696437579,4.263256414560601e-14,10.0,40.0
40.0,0.19848808066539664,456.5051888484024,0.04693643460778935,3.456850630775936e-30,0.15324528916630273,0.018828463683827602,-0.02052210679252306,2.886579864025407e-15,10.0,48.0
40.0,0.2925253188504704,256.99342968765666,0.6451320000423317,6.621710518086991e-30,0.9126212378624907,0.0035933763621701317,-1.268821295416522,2.858824288409778e-15,10.0,56.0
40.0,0.08540119845171062,275.9748772651388,0.07892530943799808,5.830593224507671e-30,0.09446631249747382,0.004932704255423839,-0.09292312773918512,1.7763568394002505e-15,10.0,64.0
40.0,0.06505077976706894,270.85116005099945,0.08615844301782923,3.2226664403413405e-29,0.09110902340594193,0.0018118534586040306,-0.11402854011530625,1.7208456881689926e-15,10.0,72.0
40.0,0.09848901894140016,245.25053768792793,0.07455544438219427,1.063791360707086e-30,0.07598501219470077,0.0020566061350918495,-0.05410804377058673,1.609823385706477e-15,10.0,80.0
40.0,0.12842070862918747,248.4988508311452,0.2522798956207259,6.103972286991608e-30,0.20437543114138335,0.0021026741521634838,-0.33033729228508524,1.3600232051658168e-15,10.0,88.0
40.0,0.3293292240550899,291.9919368258501,0.06322115743454626,0.24595862098799692,0.018747217226119238,0.0008340474634048467,0.0005681809430226337,1.3322676295501878e-15,11.0,8.0
40.0,0.2063651882151446,241.63819739898577,0.09511869522207593,0.10147049495042307,0.08105357074642042,0.005720008561866229,-0.07699758126564105,1.4988010832439613e-15,11.0,16.0
40.0,0.19580020411158838,316.9672650135681,0.07467901048708364,0.053901065579170945,0.09610659178077617,0.0080477156981348,-0.036934179433577186,1.887379141862766e-15,11.0,24.0
40.0,0.1496383961744832,325.05581211404154,0.08963211663232176,0.042863778528213936,0.1371611126198784,0.008318324612455779,-0.12833693621838665,1.8318679906315083e-15,11.0,32.0
40.0,65.40204847444525,4653.693366456633,0.15830915607125345,2.1031619854121545e-29,61.96813507543831,0.0909179768356904,3.1846862660999946,2.4868995751603507e-14,11.0,40.0
40.0,0.07789835884102579,302.49604706206617,0.04351041713517688,1.6699216626184597e-30,0.11379309847707553,0.0112590253683054,-0.09066418213953202,2.4980018054066022e-15,11.0,48.0
40.0,0.07991440354079297,254.81626173644577,0.05716589479773444,5.816454558296742e-30,0.1255164829243885,0.004174344935419265,-0.10694231911674922,2.4980018054066022e-15,11.0,56.0
40.0,0.04382051112783056,259.10332205196477,0.032112199915416514,7.525854032599735e-30,0.034884018495186624,0.006750338826544724,-0.029926046109317303,2.4424906541753444e-15,11.0,64.0
40.0,0.12699982322496087,263.09009240199055,0.4868220089170506,1.741112021549353e-30,0.4868178204738309,0.0026386479307216482,-0.8492786540966423,1.7763568394002505e-15,11.0,72.0
40.0,0.0880153352164204,258.5589639374989,0.21089193569726286,4.67490783308549e-30,0.2653013688515191,0.002834037358772761,-0.39101200669113434,1.609823385706477e-15,11.0,80.0
40.0,0.030111302082008712,247.3136915075701,0.05961378301527637,1.6475703883948484e-29,0.04592436609697403,0.003378775610135451,-0.07880562264037713,1.7763568394002505e-15,11.0,88.0
40.0,0.15753718808164685,261.9410260122308,0.10411101498069467,0.15060487637035042,0.05714718711840759,0.003514357537824142,-0.15784024792562995,1.3877787807814457e-15,12.0,8.0
40.0,0.19838445703526578,307.99169017356377,0.23931551002814855,0.09650575134380965,0.26063155920478237,0.01246985518095848,-0.41053821872243335,1.887379141862766e-15,12.0,16.0
40.0,0.1639821244549029,264.0305150803593,0.05034139682456915,0.08013267175304203,0.0641736210113786,0.0038916592526891214,-0.034557224386776025,1.3600232051658168e-15,12.0,24.0
40.0,0.5476064221074715,288.5557185633833,0.13108425499061552,0.024758477886426884,0.6341911011635174,0.02629328192310093,-0.26872069385618924,2.0539125955565396e-15,12.0,32.0
40.0,2.07730343373826,1252.6226703004247,0.09734325828179038,5.5250143256680996e-30,1.6310177522528535,0.20029994091239328,0.1486424822912229,7.549516567451064e-15,12.0,40.0
40.0,0.33214513374322885,306.9551664703891,0.1603142960397389,1.1309691183946981e-29,0.3388381791749274,0.009531349005261555,-0.176538690476699,3.2751579226442118e-15,12.0,48.0
40.0,0.19764800334995558,243.2540558815708,0.7189051755289577,2.478387275984148e-30,0.7801515490716799,0.013002692467147869,-1.31441141371783,3.608224830031759e-15,12.0,56.0
40.0,0.09605554946880487,264.6077323392298,0.08956765769913569,2.134955292216996e-30,0.14723011656383267,0.007306031009123913,-0.1480482558032874,2.3314683517128287e-15,12.0,64.0
40.0,0.07202079582465482,267.8255200816745,0.047265352895029186,7.7915978788941655e-31,0.07232517046529699,0.0021141051389520094,-0.04968383267462337,1.3877787807814457e-15,12.0,72.0
40.0,0.07249000667193076,248.40613943755397,0.066899697034637,1.1090252641201147e-30,0.07215396294267107,0.0026422118842323334,-0.06920586518960964,1.5126788710517758e-15,12.0,80.0
40.0,0.06799877047568388,249.79724173265495,0.3557583825204937,1.0741964296528576e-30,0.3348027437963871,0.0028037858557476013,-0.6253661416969445,2.220446049250313e-15,12.0,88.0
40.0,0.2624429888956833,224.63838265386983,0.08317226104610778,0.1913959000442255,0.04103240968739693,0.00043950364461898454,-0.05359708552666592,1.4918621893400541e-15,13.0,8.0
40.0,0.15727098053290045,256.0650546780549,0.08544863542698378,0.05291982067989945,0.07348228518312891,0.0025129278202631567,-0.057092688577374845,1.4432899320127035e-15,13.0,16.0
40.0,0.21551979715073222,286.6506936782632,0.08137123650641422,0.06804793999631578,0.11817041915977114,0.006395173535299908,-0.05846497204706885,1.1657341758564144e-15,13.0,24.0
40.0,0.14648024359349449,362.38966336395214,0.05058893394324292,0.016435213511113843,0.12923668354324674,0.008982560242993785,-0.058763147647102804,2.4702462297909733e-15,13.0,32.0
40.0,9652.925890850573,79810.33630448372,0.11127429222129913,4.7731696737220226e-26,5990.960284298246,436.2244040729913,3225.6299281871143,2.8421709430404007e-13,13.0,40.0
40.0,0.0718981863353844,415.3746540368858,0.09089032631346101,2.9587911369400068e-30,0.12109896431815798,0.00851563378035684,-0.14860673807659142,3.0531133177191805e-15,13.0,48.0
40.0,0.09050310352304136,293.8704168004358,0.10102534756798118,4.693991969177871e-30,0.1331322032597869,0.006468245478567319,-0.15012269278329402,2.220446049250313e-15,13.0,56.0
40.0,0.08340379728572692,263.79593083480313,0.060303692662144456,1.4154876829819783e-30,0.09256349782116674,0.0035153447945758783,-0.07297873799216015,1.7208456881689926e-15,13.0,64.0
40.0,0.07542098440293543,263.91034593754046,0.15856060896179652,4.5024853821726145e-30,0.1559237088317766,0.0040042204796852665,-0.24306755387032297,1.6653345369377348e-15,13.0,72.0
40.0,0.08863351662122597,254.29334204733928,0.11218057193147346,1.637383916759945e-30,0.1261617911392987,0.0025891719496858702,-0.15229801839923207,1.6653345369377348e-15,13.0,80.0
40.0,0.0981271236722028,254.68128951229372,0.16598568926655083,1.087003713809282e-29,0.18669106755278506,0.001903471531776392,-0.25645310467890947,1.762479051592436e-15,13.0,88.0
40.0,0.15700184616069365,277.74360734677117,0.12233470083305353,0.10578211589323391,0.07325159687061458,0.0008610640794304042,-0.1452276315156388,1.2073675392798577e-15,14.0,8.0
40.0,0.13879414478967558,240.79552977759792,0.06568792841620166,0.09458435076745414,0.07179743336211852,0.004780612205968081,-0.09805617996206684,1.2212453270876722e-15,14.0,16.0
40.0,0.13012965513500876,263.3923192049734,0.15686387551049202,0.035449767349129246,0.16249346639349319,0.0024531658365214153,-0.2271306199546271,1.7763568394002505e-15,14.0,24.0
40.0,0.2659629602592708,429.2082236601247,0.05544821133345344,0.026817489948138304,0.2816339764412123,0.011016392259358288,-0.10895310972289152,1.9984014443252818e-15,14.0,32.0
40.0,0.471860779963211,1456.6755230180945,0.11957593959288797,2.95923806016278e-29,1.2282185159185532,0.1706898347600483,-1.0466235103082784,9.769962616701378e-15,14.0,40.0
40.0,0.272789279020973,293.97072644169094,0.07948037952415929,1.7104494972231584e-30,0.2366546960638214,0.012776156412372492,-0.05612195297938016,2.0816681711721685e-15,14.0,48.0
40.0,0.09056060525538447,259.2413352467747,0.1733063290677267,4.3057364561055495e-30,0.18794873005370438,0.003435685544792059,-0.2741301394108387,2.0261570199409107e-15,14.0,56.0
40.0,0.05138635853619126,254.85888238170267,0.10959470969068731,2.0528472733255313e-30,0.11942637986709159,0.008233275343823294,-0.18586800636541095,1.9984014443252818e-15,14.0,64.0
40.0,0.044655865600772726,250.81578544118835,0.06457260980426213,1.0938678511092495e-30,0.06907172459965583,0.0027710152078841066,-0.09175948401102935,1.6375789613221059e-15,14.0,72.0
40.0,0.06494734770190058,252.86853346125852,0.0855465887142256,1.0839549798989314e-30,0.09932526216515758,0.0013114482626192124,-0.12123595144010182,1.762479051592436e-15,14.0,80.0
40.0,0.04590672976969157,241.93428434292096,0.05980162232804388,7.604234701042446e-30,0.042760520544893155,0.0025117874548655312,-0.059167200558111005,1.582067810090848e-15,14.0,88.0
40.0,0.27903083185941124,265.7449271684183,0.16872311274132595,0.09832565728804415,0.05443450001382695,0.0027333918760806676,-0.04518583005986648,1.1102230246251565e-15,15.0,8.0
40.0,0.1751463611146305,251.95885046571576,0.12007667715549096,0.1197885939423488,0.07089671756683258,0.0016557075287074673,-0.13727133507874928,1.4016565685892601e-15,15.0,16.0
40.0,0.14421697597938093,246.32119981928255,0.21464499522225322,0.06326952601186017,0.22060125813006137,0.003623800289413456,-0.3579226036742073,2.1094237467877974e-15,15.0,24.0
40.0,0.14239217922299158,349.47846317886655,0.09002438950571517,0.02626992116637704,0.10986301118107197,0.018057878108311713,-0.10182302073848432,2.4424906541753444e-15,15.0,32.0
40.0,1.7306526054101599,1091.5471266992342,0.05464918724029583,4.0395218829407965e-29,1.4130904166475373,0.22745249518562832,0.035460506336698394,7.549516567451064e-15,15.0,40.0
40.0,0.19992492298517106,394.74877748334717,0.18020793956884804,9.060762279929416e-29,0.2739580053829844,0.011104824165309474,-0.2653458461319709,2.886579864025407e-15,15.0,48.0
40.0,0.32440738855496765,297.8010744745648,0.21507822015101977,6.122915684768264e-31,0.3368150347273952,0.006445092345459843,-0.23393095866890723,2.220446049250313e-15,15.0,56.0
40.0,0.0868540949976414,264.2321428152969,0.36533952658811475,7.055961418308466e-30,0.3826499797676829,0.006049143099333446,-0.6671845544574897,2.886579864025407e-15,15.0,64.0
40.0,0.056690113195076476,245.07629639614422,0.14507773035189528,2.001641127694428e-30,0.1689912543498025,0.0033955225396540877,-0.2607743940462754,1.4432899320127035e-15,15.0,72.0
40.0,0.08661375376254793,270.7178151044268,0.14916629467131598,8.631519476599305e-31,0.12977158780840312,0.0020451294306642323,-0.1943692581478354,1.609823385706477e-15,15.0,80.0
40.0,0.06845124306750498,250.0458467230869,0.05619778395309931,2.591264167355965e-29,0.06179085781081712,0.004954656051812431,-0.054492054748223884,1.5959455978986625e-15,15.0,88.0
40.0,0.26099791923841864,215.22194199179685,0.07245127711184225,0.17402207212704948,0.021508490777238272,0.0010131997655376164,-0.00799712054324897,1.4432899320127035e-15,16.0,8.0
40.0,0.16625941405168151,259.70178899668196,0.0526117468619413,0.08448430951193225,0.04853831313163685,0.005714596583265541,-0.025089552037094426,1.124100812432971e-15,16.0,16.0
40.0,0.29305806631741094,287.20422827778964,0.08908829759611869,0.057607911787492236,0.22479170063863751,0.009546103217785967,-0.08797594692262345,1.4016565685892601e-15,16.0,24.0
40.0,0.16794988593351112,278.61720005422256,0.144072447006294,0.016774080507084156,0.2857309553338201,0.009126093109691702,-0.28775369002337886,2.4424906541753444e-15,16.0,32.0
40.0,0.3222144568485157,1719.2884534651844,0.06530697185572473,9.65236839812292e-30,0.5184980423544654,0.03732758638351142,-0.2989181437451859,1.3322676295501878e-14,16.0,40.0
40.0,0.37795455952399326,463.98847759670053,0.1013024455743325,4.154289598873668e-30,0.27704261839865907,0.01934816274153691,-0.019738667190535242,2.6645352591003757e-15,16.0,48.0
40.0,0.13960885900868442,256.76524136305017,0.10746213489196649,1.9850451421849887e-29,0.1492008137294153,0.008138642756290754,-0.12519273236898815,1.9984014443252818e-15,16.0,56.0
40.0,0.13164554031734194,264.881846359598,0.09806935552820462,9.744760186367444e-30,0.12426776207692772,0.002382586148039368,-0.09307416343582978,2.1649348980190553e-15,16.0,64.0
40.0,0.066167187107223,240.01533200127486,0.08863680907797905,2.0564319875167225e-30,0.1201038602112435,0.001964034751736792,-0.14453751693373634,1.8318679906315083e-15,16.0,72.0
40.0,0.10493919926046727,261.10855635391044,0.14370996035186664,3.176695438698207e-30,0.14443873524434905,0.00600156772892397,-0.1892110640646724,2.0539125955565396e-15,16.0,80.0
40.0,0.07651922154133599,267.4514391158745,0.11310634217888801,2.0205458072304795e-30,0.11821468096081948,0.001665630730039209,-0.1564674323284107,2.220446049250313e-15,16.0,88.0
40.0,0.34576538499657705,248.5373289399369,0.26739228982433316,0.08153718678760925,0.12611174755769944,0.003274658564354941,-0.13255049773741973,1.1102230246251565e-15,17.0,8.0
40.0,0.25618429095452133,278.09054337371657,0.08107560507922737,0.15528723469836395,0.06745967449504614,0.0016363233105660532,-0.04927454662868219,1.7763568394002505e-15,17.0,16.0
40.0,0.15394700135815217,257.7475261717984,0.18833926672365928,0.021376827856724713,0.28533550994804646,0.0058965587831746324,-0.3470011619534529,1.3322676295501878e-15,17.0,24.0
40.0,0.5992605357044776,394.5907046624296,0.1641305949333648,0.02518427409733242,0.6221974158612955,0.023778466874903027,-0.23603021606241814,3.9968028886505635e-15,17.0,32.0
40.0,25.615698076228025,18231.476306889912,0.13526556149857538,5.4577274025816e-28,8.68636720393588,13.384632794164807,3.409432516628762,9.681144774731365e-14,17.0,40.0
40.0,0.10945771466919799,296.1498847124737,0.08464740485404093,3.4107121345832354e-30,0.17180344117727403,0.012825379550222293,-0.15981851091233926,3.1086244689504383e-15,17.0,48.0
40.0,0.2072273736167303,303.4399823550463,0.09121559306114758,2.3038419800234948e-30,0.19812648625813484,0.011694868751947085,-0.0938095744544992,2.220446049250313e-15,17.0,56.0
40.0,0.09472401102475903,272.7122108571483,0.09918429005684452,1.1182927509782397e-29,0.1728662825116438,0.0037872188813180196,-0.18111378042504733,1.887379141862766e-15,17.0,64.0
40.0,0.04603604980814657,246.76847053276742,0.07551651443045782,1.8505589607442088e-30,0.0521510947127779,0.0021982740595712803,-0.08382983339466044,2.699229728619912e-15,17.0,72.0
40.0,0.05597723480128196,244.2972415091331,0.0692234736036301,4.687334720256722e-30,0.07158898109339157,0.003042413019905325,-0.08787763291564503,1.9984014443252818e-15,17.0,80.0
40.0,0.04897003182554655,249.68339793391044,0.0827892446260162,8.986446686010734e-31,0.09050613899948101,0.002864794288394788,-0.12719014608834545,1.887379141862766e-15,17.0,88.0
40.0,0.2290376273596689,272.3069638675642,0.1264165187469997,0.17937042548323015,0.1180336959303162,0.0022849418913015946,-0.19706795469217872,1.1102230246251565e-15,18.0,8.0
40.0,0.15973871147809277,253.68443653110072,0.02936379080565419,0.10683718701886072,0.02733366375005638,0.008467802201982571,-0.012263732298461089,9.992007221626409e-16,18.0,16.0
40.0,0.13941787941680056,272.3576827998435,0.11315580278590727,0.03223228729010519,0.12038923054956015,0.002946348386631251,-0.1293057895954033,2.0539125955565396e-15,18.0,24.0
40.0,0.28435087700882755,269.7143633001961,0.1201499643126195,0.00909790972698232,0.23890233502665853,0.014041383450998738,-0.09784071550843154,1.7763568394002505e-15,18.0,32.0
40.0,22.278822006789404,2379.6202566065326,0.14241917815143323,3.559606098099313e-29,18.83320686932467,0.1823011786535117,3.120894780659789,1.7319479184152442e-14,18.0,40.0
40.0,0.17853026825928242,292.41506410591535,0.07199854371176831,1.7118701630708276e-30,0.15054282477102576,0.02144536958747162,-0.06545646981098327,2.7200464103316335e-15,18.0,48.0
40.0,0.1539498982912157,308.981400916991,0.15505763013013363,2.1537684114064116e-30,0.30514300392000726,0.010999969640934084,-0.3172507053998593,2.1371793224034263e-15,18.0,56.0
40.0,0.0743405522822239,261.3179085994796,0.09196058637603019,2.5057438199708775e-30,0.09601760044326518,0.004175425855405853,-0.11781306039247731,1.8596235662471372e-15,18.0,64.0
40.0,0.09573569835831078,255.8095831450469,0.13578305584760347,2.0217534951620536e-30,0.15395653128085715,0.003432773189786901,-0.19743666195993673,1.3322676295501878e-15,18.0,72.0
40.0,0.13067971533869238,257.3856938307173,0.2519585231588074,5.1643284964057026e-30,0.22573051035153122,0.0024033057804634422,-0.3494126239521097,2.0539125955565396e-15,18.0,80.0
40.0,0.049128457635638244,245.01818668086992,0.09822384059313014,1.014215948475577e-30,0.10563318020146836,0.002049112854660586,-0.15677767601362083,1.304512053934559e-15,18.0,88.0
40.0,0.3050610031717327,217.38937423711292,0.05390983172752884,0.18009394239636495,0.014647946324675453,0.0005259229467864659,0.055883359776376984,1.3322676295501878e-15,19.0,8.0
40.0,0.19127174957974524,257.61859161219616,0.15692919739321418,0.12942105036296164,0.2205837440150197,0.002055746411202733,-0.317717988602653,1.3322676295501878e-15,19.0,16.0
40.0,0.16461113938420535,334.7557760726304,0.0897176202766565,0.041034824291861935,0.17826600481276028,0.006818095402249105,-0.1512254053993225,1.5543122344752192e-15,19.0,24.0
40.0,0.11296914635741946,291.876702808161,0.1686148356834657,0.02250728088441141,0.25237995337349167,0.009265387470835162,-0.3397983110547845,2.886579864025407e-15,19.0,32.0
40.0,1.6480445906146395,2064.6036907698453,0.14507922937607698,6.05795903758612e-30,2.3665723351044474,0.12085093710997385,-0.9844579109758587,1.0769163338864018e-14,19.0,40.0
40.0,0.10075703555581637,291.1008985681625,0.07680820221638537,2.588764942581798e-30,0.1458212772675051,0.008066591094716016,-0.12993903502279014,2.1094237467877974e-15,19.0,48.0
40.0,0.14772615137432948,270.2297257547398,0.149313211259643,6.284622621180712e-31,0.15712767860323573,0.006315627494093958,-0.1650303659826432,1.609823385706477e-15,19.0,56.0
40.0,0.07487991894931693,265.79861944512004,0.0847640077855871,1.040702238218852e-29,0.1140705353855141,0.0035551722515580406,-0.12750979647334232,1.5543122344752192e-15,19.0,64.0
40.0,0.09341892814328791,247.8708240214411,0.11919505187781039,2.720484621473128e-29,0.19056988073382053,0.004633479030185739,-0.22097948349852875,1.5265566588595902e-15,19.0,72.0
40.0,0.0951896638572167,244.50900102264248,0.25879347467346303,1.7395629499100016e-30,0.24925042433047712,0.00422443697045316,-0.41707867211717664,2.220446049250313e-15,19.0,80.0
40.0,0.035547602254799276,251.35054854579525,0.05814371248937335,2.3569859106609633e-30,0.06157563016278807,0.0013130693143240128,-0.08548480971168615,1.1102230246251565e-15,19.0,88.0
40.0,0.40912166103413966,240.63375478127801,0.1569367895614608,0.2936695723596765,0.05015512861112084,0.0027495575841578195,-0.09438938708227634,1.4432899320127035e-15,20.0,8.0
40.0,0.1943491270291457,250.20211192952308,0.08280846759689597,0.14223993075109623,0.054321600266209843,0.002873258386841905,-0.08789412997189827,1.2490009027033011e-15,20.0,16.0
40.0,0.16686860399242737,275.9661391700473,0.08245335640740514,0.03468548206258677,0.13407772290418044,0.0047073415899248645,-0.08905529897166986,2.275957200481571e-15,20.0,24.0
40.0,0.18779896977751348,313.34621616535276,0.08137996046776577,0.024968446856850287,0.2399444435177437,0.009671727044431686,-0.16816560810927794,1.7763568394002505e-15,20.0,32.0
40.0,0.5232082253873838,1080.1319326237856,0.26698048110465555,3.687173093393698e-30,0.8271374522505227,0.030609113682022925,-0.6015188216498175,5.995204332975845e-15,20.0,40.0
40.0,0.07453210136012003,300.98578348895006,0.08554049821189386,3.096955284322404e-30,0.09319598073070721,0.012660031636294533,-0.11686440921877558,2.4424906541753444e-15,20.0,48.0
40.0,0.07647904279504415,256.4321042988491,0.21378137171176936,7.833031027504602e-30,0.24140197990007384,0.010026679439746097,-0.3887309882565452,2.9976021664879227e-15,20.0,56.0
40.0,0.04848822509916367,251.54276005831414,0.08689191049710913,3.232450998158169e-30,0.09086211721479229,0.007799369448348664,-0.13706517206108643,1.887379141862766e-15,20.0,64.0
40.0,0.06642840987905387,246.82269053278594,0.07665376384240641,3.454201448917878e-30,0.07273678652653377,0.00553746546833578,-0.08849960595822211,1.6237011735142914e-15,20.0,72.0
40.0,0.08442182376937993,247.77655884480484,0.14006608203627258,1.009326773523705e-29,0.14862500873892437,0.0028977150379042777,-0.20716698204372128,1.4432899320127035e-15,20.0,80.0
40.0,0.07418788910794075,259.39571863486043,0.0889698991402798,3.422359078803151e-30,0.09430428494830351,0.001545906779703577,-0.11063220176034613,1.8318679906315083e-15,20.0,88.0
40.0,0.15811858329443482,214.64038868035334,0.06518103950674844,0.12466039900655096,0.03322747587223718,0.0009022538677851075,-0.06585258495888688,9.71445146547012e-16,21.0,8.0
40.0,0.1854779616808804,269.0506703018004,0.09334016463958064,0.10748873483565391,0.0904106068100698,0.0032739976063775,-0.10903554221080144,1.1102230246251565e-15,21.0,16.0
40.0,0.18502168027283047,258.5408255273565,0.07719619087979436,0.09046934764262969,0.0981365505768699,0.006881243988214096,-0.08766165281467755,1.7763568394002505e-15,21.0,24.0
40.0,0.39145580180475015,373.8478679473676,0.10990338492195613,0.022936344968057354,0.4298285861860174,0.027621517536488137,-0.19883403180776882,2.831068712794149e-15,21.0,32.0
40.0,1.1201053440227589,7863.783337911923,0.04282454327214077,2.1166945611941036e-28,16.891194703103075,9.655959175456244,-25.469873077808703,3.9968028886505635e-14,21.0,40.0
40.0,0.2974752499024813,274.6681425126761,0.10034263503112029,5.66420939895579e-29,0.2548104652957976,0.01929305994499592,-0.07697091036943249,2.0261570199409107e-15,21.0,48.0
40.0,0.05082546472628877,255.03559603498974,0.019686608356900157,1.5415885120411022e-30,0.05366726334130377,0.010006740185920442,-0.0325351471578356,1.5543122344752192e-15,21.0,56.0
40.0,0.04638912931458751,256.26389713938545,0.07089173590714923,1.4191805768101203e-30,0.1127911802866052,0.007186398457981915,-0.14448018533714885,2.220446049250313e-15,21.0,64.0
40.0,0.05088654274912972,261.93661264705776,0.07226202672187718,4.627798092425225e-31,0.07990804206356572,0.004569437173172529,-0.10585296320948571,1.27675647831893e-15,21.0,72.0
40.0,0.06590641856744614,248.80261484675256,0.15441388264979777,2.0296497406468573e-30,0.15385467699529384,0.002856931667945701,-0.24521907274559115,1.3877787807814457e-15,21.0,80.0
40.0,0.02653636801040813,258.0213963944498,0.03960597303842109,4.6884771450658806e-30,0.047294436023010644,0.0019200348107840477,-0.062284075861807654,1.762479051592436e-15,21.0,88.0
40.0,0.1302792688596329,207.40047963807612,0.06334034705699809,0.11146058770817409,0.0342558735848204,0.00081360469683471,-0.0795911441871944,9.992007221626409e-16,22.0,8.0
40.0,0.22151246650836273,270.1597166944167,0.06874205659784507,0.06985114046630962,0.11395596473673791,0.0036373708865630513,-0.03467406617909294,1.3322676295501878e-15,22.0,16.0
40.0,0.2027908435831408,271.42950718582694,0.2656768882115496,0.02216093525413812,0.407171415693212,0.002329715054280975,-0.4945481106300399,1.7763568394002505e-15,22.0,24.0
40.0,0.3473005349160456,432.35738202854367,0.18945877073429673,0.00832177681800396,0.25334669960438994,0.050093309841022435,-0.15392002208166744,2.886579864025407e-15,22.0,32.0
40.0,6.794244761758017,3774.360590154676,0.10515325509130558,9.714181516410098e-29,8.268426440786623,0.13767531240136777,-1.717010246521279,2.398081733190338e-14,22.0,40.0
40.0,0.16192562507740613,279.6396946404243,0.058707635999952344,8.345293168349631e-29,0.15721129035644754,0.02093499890716375,-0.07492830018615751,1.6930901125533637e-15,22.0,48.0
40.0,0.12451904271901021,255.40387684539783,0.10248282008699153,4.826485684708674e-30,0.147432846980803,0.00549088806592371,-0.13088751241470803,1.8596235662471372e-15,22.0,56.0
40.0,0.10270839365140344,236.09729956982966,0.10469330000856204,1.517516681614171e-29,0.09388399002719457,0.004417845435066325,-0.10028674181941949,1.6930901125533637e-15,22.0,64.0
40.0,0.06780578272230708,255.77497973438207,0.07860963700749829,1.029618740561558e-30,0.10226261056681846,0.002056273447203721,-0.11512273829921338,1.9567680809018384e-15,22.0,72.0
40.0,0.07691573171287074,244.6089512544763,0.4711402903985499,2.3007378741048287e-30,0.398274861383336,0.002022482459909856,-0.7945219025289251,1.9984014443252818e-15,22.0,80.0
40.0,0.08771942951926315,251.37906085794287,0.2062199425945129,2.0784599612738664e-30,0.23809818690181117,0.0012854595929944644,-0.35788415957005537,1.7763568394002505e-15,22.0,88.0
40.0,0.28097561092219303,252.78771873538213,0.07609920437172502,0.1934814482182447,0.030704734231762492,0.0021620726160279224,-0.021471848515567105,1.1102230246251565e-15,23.0,8.0
40.0,0.18596459735389465,256.46393955040094,0.05656630265804082,0.09859840201833106,0.05153166232040629,0.0012722091628666566,-0.022003978805750196,1.3322676295501878e-15,23.0,16.0
40.0,0.14446060471888367,285.3774854103814,0.1682120823694675,0.08973493414056252,0.18016298008352682,0.002596928227889771,-0.29624632010256297,1.4988010832439613e-15,23.0,24.0
40.0,0.2156669805757514,290.2036862809846,0.07200941650376558,0.06224546658564259,0.22527775031635758,0.013448570047694845,-0.1573142228777092,1.762479051592436e-15,23.0,32.0
40.0,1.2656243997579772,1253.3064659136414,0.08445590982356463,4.911913699786333e-29,1.8721790585600644,0.04302324306546566,-0.7340338116911174,8.43769498715119e-15,23.0,40.0
40.0,0.1368385164160511,334.5080033506311,0.10459738774654363,1.2487861907031853e-29,0.21485545992591618,0.005218943610890073,-0.18783327486729878,2.886579864025407e-15,23.0,48.0
40.0,0.07632238281677456,267.1669135854055,0.07726800612759901,1.0088025804805972e-29,0.11909633670131445,0.007402573383299802,-0.1274445333954387,2.1649348980190553e-15,23.0,56.0
40.0,0.17300392692854033,250.24517904638375,0.40934481906972764,9.850387701800996e-31,0.5875580489067589,0.0072960660430562135,-0.8311950070910024,1.5543122344752192e-15,23.0,64.0
40.0,0.08262284897675878,231.9463158204455,0.09117012502487878,3.216758549645291e-30,0.1102169347640716,0.002876655890344682,-0.1216408667025363,2.0816681711721685e-15,23.0,72.0
40.0,0.08178253163150268,251.30134589994532,0.20823305263978653,5.414445542440314e-31,0.2211456023394061,0.004556505277282579,-0.35215262862497254,1.4710455076283324e-15,23.0,80.0
40.0,0.06874333021533904,251.71333058478643,0.10160183456417834,5.939945249312715e-31,0.11169785389985683,0.0016162579198794184,-0.14617261616857555,1.6237011735142914e-15,23.0,88.0
40.0,0.24472142044115736,185.44670584369828,0.04635588611830464,0.18288138438057805,0.014573802245146303,0.0010297905719092507,-0.000119442874780884,1.3322676295501878e-15,24.0,8.0
40.0,0.313106529280358,304.04900540368544,0.20098184868926988,0.05546676634971775,0.4341522273656287,0.004178950247621108,-0.38167326337187946,1.7763568394002505e-15,24.0,16.0
40.0,0.28014360926085263,291.28181534843594,0.04933797487813156,0.06340013547164702,0.11278653050405749,0.01066178702304081,0.04395718138397575,1.4155343563970746e-15,24.0,24.0
40.0,0.0781225006468558,301.801131609769,0.1331461619791131,0.01065574332837211,0.11191993265661815,0.014359232656201579,-0.19195856997344915,2.886579864025407e-15,24.0,32.0
40.0,7.016353314614324,3617.2524032311508,0.19425343909165754,2.722872829765845e-29,7.025206058327553,0.05710886322933157,-0.26021504603421786,1.8762769116165146e-14,24.0,40.0
40.0,0.1606586345461562,327.9361092261365,0.1390817839957748,5.8863163152695656e-30,0.1330862458431973,0.015051769380413669,-0.1265611646732296,2.275957200481571e-15,24.0,48.0
40.0,0.05103129794321194,272.76341718304536,0.09906126454344691,1.0358230511325429e-29,0.08720842566729156,0.006695059328464011,-0.14193345159599052,1.9984014443252818e-15,24.0,56.0
40.0,0.22271510129942151,263.3429429658023,0.23068929616756662,2.381036702787266e-30,0.3454996266893742,0.004990118840173641,-0.3584639403976929,1.5543122344752192e-15,24.0,64.0
40.0,0.05797287233436613,257.46666319303495,0.07019933536066718,1.3702471397233431e-30,0.085911001345324,0.0028891752227064287,-0.10102663959433147,1.304512053934559e-15,24.0,72.0
40.0,0.044907315747555646,246.18304674471548,0.05882899058134791,1.9706714844126415e-29,0.05496548922904557,0.0024353465136455095,-0.07132251057648334,1.3322676295501878e-15,24.0,80.0
40.0,0.05117369019362091,256.4988625650522,0.06799072445546142,1.8730636774983502e-29,0.0589946149600354,0.00358325575432654,-0.07939490497620244,1.5404344466674047e-15,24.0,88.0
40.0,0.18953994733359444,232.57118416606696,0.10805497315513028,0.20039243366626072,0.08308995705656899,0.002672708238420431,-0.20467012478278598,1.2212453270876722e-15,25.0,8.0
40.0,0.21724685393219176,299.8120367022745,0.2947278476578262,0.1296334084405443,0.2676481644981657,0.0035872001591431267,-0.4783497668234875,1.3877787807814457e-15,25.0,16.0
40.0,0.14943809360010818,271.6796259302289,0.0630981055684787,0.08857907953518107,0.08021164793666952,0.005157980467685423,-0.08760871990790653,1.5543122344752192e-15,25.0,24.0
40.0,0.2879470236766798,258.6508498906361,0.1191552585434458,0.030716474854188627,0.306704386556399,0.009349268798708343,-0.17797836507606196,1.609823385706477e-15,25.0,32.0
40.0,2.7210128076801943,2624.2521751057657,0.06838581159565349,2.397436201143721e-29,4.896683968060486,0.4019056842797256,-2.6459626562556715,1.509903313490213e-14,25.0,40.0
40.0,0.08861176087530928,328.65601671806974,0.06456321072115309,7.444112733974494e-30,0.08828511972296713,0.023360647151157307,-0.08759721671996826,2.609024107869118e-15,25.0,48.0
40.0,0.1275836511583313,262.40538482394476,0.10760021294435504,1.9062457482928082e-30,0.15155476148148062,0.006239105281787774,-0.1378104285492921,2.0261570199409107e-15,25.0,56.0
40.0,0.04238608552595007,242.71457383343807,0.11271423810938934,3.58872521834912e-30,0.1163946124328286,0.005476621702589166,-0.19219938671885703,2.4424906541753444e-15,25.0,64.0
40.0,0.06156635388900093,257.1645958091021,0.09449663561832333,1.847139504302756e-29,0.098860712253937,0.0024251785321850418,-0.13421617251544443,2.275957200481571e-15,25.0,72.0
40.0,0.039912711550980355,267.70235222928045,0.08828205078943048,1.0036458996775366e-29,0.08815595971925,0.0016443171280093847,-0.1381696160857095,1.7763568394002505e-15,25.0,80.0
40.0,0.07982172684791858,252.60456234064503,0.16479748657955465,1.300220961706153e-29,0.16303054124633498,0.002172942228442944,-0.25017924320641405,1.887379141862766e-15,25.0,88.0
40.0,0.18630995410808504,248.47367453154703,0.07005100060842884,0.13827483674186353,0.015298163711182458,0.0008226700607443917,-0.03813671701413418,1.2212453270876722e-15,26.0,8.0
40.0,0.3065896353274518,278.1095810539288,0.07448869294392732,0.17071021763488037,0.07994530683701496,0.005006730819648222,-0.02356131290801905,1.7208456881689926e-15,26.0,16.0
40.0,0.2698149225125155,280.74190025771816,0.08924647045003334,0.07205617108994632,0.16810085321650822,0.0036063067326106753,-0.06319487897658305,1.942890293094024e-15,26.0,24.0
40.0,0.4471089901936053,331.2621371021657,0.1310109483563692,0.018819432474474887,0.338447774641564,0.03396977676247882,-0.07513894204128169,2.4424906541753444e-15,26.0,32.0
40.0,62.01370703570244,3985.245796908627,0.08943840405345793,5.454047186084015e-29,73.34392230095908,0.7630055522688703,-12.182659221578973,2.1316282072803006e-14,26.0,40.0
40.0,0.1491209189383993,402.9671658848537,0.07166637884457651,1.5260806168925075e-29,0.1872257561382586,0.022569422684506374,-0.1323406387289422,3.83026943495679e-15,26.0,48.0
40.0,0.21984069656393565,248.18225541768246,0.08737121536371559,2.1052438357888116e-30,0.15779448054350836,0.00381170058257774,-0.02913669992586604,2.0539125955565396e-15,26.0,56.0
40.0,0.08192127434806021,256.3883507689617,0.3313553100519868,9.570858194609678e-30,0.35069532020386573,0.006467515848655526,-0.6065968717564479,2.1094237467877974e-15,26.0,64.0
40.0,0.0431858069820751,246.55247603954996,0.042087516043166004,1.4304302265434255e-30,0.06167391827684489,0.005395966236102323,-0.06597159357403812,1.3877787807814457e-15,26.0,72.0
40.0,0.07574487646938152,276.5428924170877,0.10977644163126553,1.0094926788068405e-29,0.10540225897480478,0.00211068629685854,-0.14154451043354732,1.4988010832439613e-15,26.0,80.0
40.0,0.04104234116923121,260.120363198497,0.046886498019321834,6.062294308929432e-30,0.03814371047747479,0.0014442393997902243,-0.04543210672735565,1.3877787807814457e-15,26.0,88.0
40.0,0.194206000783129,257.5398270128383,0.08413029963053198,0.13730023591524376,0.014707729666151893,0.0003676762649936592,-0.04229994069379231,9.020562075079397e-16,27.0,8.0
40.0,0.22581263172639693,233.20257035053496,0.15943505999660004,0.10882277224396442,0.14752765987911154,0.00395594510098903,-0.1939288054942681,1.3322676295501878e-15,27.0,16.0
40.0,0.10097992805250317,240.5814365378393,0.08336963615740904,0.043270007182056536,0.0966438195745924,0.004462658259735486,-0.12676619312129028,1.7763568394002505e-15,27.0,24.0
40.0,0.06945290028567958,298.45117188726414,0.06565751645608871,0.0068612840370952605,0.0746264779420184,0.022344874372778396,-0.1000372525223012,2.1094237467877974e-15,27.0,32.0
40.0,19.72557748323809,5661.710888837762,0.12455581622871659,5.747651779645624e-29,4.49489365136578,6.158636595340046,8.947491420303548,2.6645352591003757e-14,27.0,40.0
40.0,0.1335979422825721,287.7756333872374,0.13703670709843357,1.0258190056844227e-29,0.2222576871918182,0.014224195717578318,-0.239920647725258,2.6645352591003757e-15,27.0,48.0
40.0,0.07689660167799853,289.37016254103577,0.055594767195423125,5.358837778641958e-30,0.0808888060598579,0.028635619110245474,-0.08822259068752797,2.942091015256665e-15,27.0,56.0
40.0,0.03710171572605747,247.9797665046644,0.043969653814473084,1.0928150129408764e-30,0.03886541895767018,0.004925929796420805,-0.05065928684250659,1.7763568394002505e-15,27.0,64.0
40.0,0.10289480109764543,255.29226451711085,0.08744352274581949,6.915142432232899e-30,0.11122032812330324,0.0019356846299637706,-0.09770473440144106,1.9984014443252818e-15,27.0,72.0
40.0,0.05029092551150851,261.1716528011013,0.11850841897491271,1.57179685762829e-30,0.12894788281612415,0.001771883617247374,-0.19893725989677571,1.8318679906315083e-15,27.0,80.0
40.0,0.04910936591159062,252.2563434194744,0.10644322690188532,3.441384399907151e-30,0.09746771142921033,0.001305310460443798,-0.1561068828799488,1.609823385706477e-15,27.0,88.0
40.0,0.4873138880637462,205.7191398378939,0.13247344568114627,0.2809797886933053,0.05814952545308704,0.002254076606563239,0.013457051629644334,8.881784197001252e-16,28.0,8.0
40.0,0.18844119763010175,288.920225221353,0.07644885940360618,0.09317431015895838,0.07218261628375927,0.003480074721065874,-0.05684466293728796,1.7763568394002505e-15,28.0,16.0
40.0,0.1959609433760735,297.5063841776274,0.11121011357204824,0.08213925042550183,0.13745467134428982,0.0031166096198835987,-0.13795970158564996,1.5543122344752192e-15,28.0,24.0
40.0,0.18545930688499862,272.8436705561013,0.15092374484247195,0.04914063795962362,0.14763114543312494,0.018624277864689787,-0.1808604992149117,2.1649348980190553e-15,28.0,32.0
40.0,6.900817962123545,6731.6044106618165,0.046937767339254456,1.7864090672272592e-28,17.84444373604611,2.6551483019084126,-13.645711843170231,4.796163466380676e-14,28.0,40.0
40.0,0.27978454482984316,374.3437208920986,0.06493758172295194,4.953988884362285e-30,0.20818504891202483,0.014760996623109581,-0.008099082428243198,2.6645352591003757e-15,28.0,48.0
40.0,0.11207908094077268,333.612525564169,0.13929449244443362,1.5785477543719543e-29,0.34069339770236806,0.038447237471277027,-0.40635604667730607,1.9984014443252818e-15,28.0,56.0
40.0,0.07003202977064091,254.39571200161535,0.2636212141569406,1.0270289165883873e-28,0.22836417584053414,0.0023377112806709315,-0.4242910715075048,3.164135620181696e-15,28.0,64.0
40.0,0.06998110776281935,258.14436684226916,0.17312896220490226,1.713439482182575e-30,0.19122929136296812,0.003192970415517272,-0.2975701162205683,1.3322676295501878e-15,28.0,72.0
40.0,0.16725740727980978,260.86437031574343,0.2875523534028327,8.609535544036656e-30,0.32640035408728296,0.002220694309820086,-0.448915994520126,1.7208456881689926e-15,28.0,80.0
40.0,0.02480587079781848,237.58244745817962,0.034214749923340455,1.873750219715933e-29,0.039257879980513596,0.002173451495748896,-0.05084021060178447,1.3322676295501878e-15,28.0,88.0
40.0,0.2189762628306536,245.5713585790212,0.2714637764384472,0.11421740052416973,0.1796736025132723,0.001144522575263328,-0.347523039220499,1.2212453270876722e-15,29.0,8.0
40.0,0.23959796064527547,255.64371594474096,0.05381812575332099,0.1554869090897406,0.04334303611093013,0.005149842013482426,-0.018199952322198704,1.7763568394002505e-15,29.0,16.0
40.0,0.1419930221708101,239.35462136763516,0.07858633975304813,0.051815945681979655,0.11341053509942725,0.005654811827730491,-0.10747461019137541,1.7763568394002505e-15,29.0,24.0
40.0,0.35618560215572687,389.548439748241,0.07370208358162186,0.038724363933368616,0.31375701461582395,0.02459050805175732,-0.0945883680268449,2.1094237467877974e-15,29.0,32.0
40.0,12.048942754752435,4209.086514833496,0.11119158750658088,2.8658254563160855e-29,10.671331637377586,0.6132328628628482,0.6531866670054196,1.509903313490213e-14,29.0,40.0
40.0,0.6195240609750536,371.7326646997902,0.18916586146936915,3.5770466940154124e-30,0.4634494708786407,0.04849904201480429,-0.08159031338776046,3.552713678800501e-15,29.0,48.0
40.0,0.17788184514046573,302.12633201625863,0.36128860412195274,7.669384236938691e-31,0.42176304294972233,0.004814093564511903,-0.6099838954957213,2.220446049250313e-15,29.0,56.0
40.0,0.06244328801347272,253.85757858287445,0.10062213665095768,3.0336591293614976e-30,0.13289968882273084,0.004054238580916205,-0.17513277604113198,2.1649348980190553e-15,29.0,64.0
40.0,0.0767901866746867,269.3767194805466,0.07774305848660085,1.5113518279100335e-30,0.09732068901375382,0.0028372505159493444,-0.10111081134161731,1.6653345369377348e-15,29.0,72.0
40.0,0.05711945653777649,234.45611170732352,0.18877890965269906,1.3096585673205466e-29,0.1966725440493718,0.0017819347856702786,-0.33011393194996463,2.581268532253489e-15,29.0,80.0
40.0,0.05947309586141088,247.8168289394947,0.204379207044097,9.581564804992748e-30,0.1913890129011439,0.002276852305345887,-0.33857197638917597,2.1510571102112408e-15,29.0,88.0
40.0,0.24959093532217097,228.9456221619119,0.12004895605326711,0.14548181664538862,0.04482592907276199,0.0015450305429445762,-0.06231079699219133,1.7763568394002505e-15,30.0,8.0
40.0,0.17175470227054368,272.77528188556823,0.04975769013940132,0.1572788942484503,0.07756062756508716,0.0018906722229528974,-0.11473318190534798,1.1657341758564144e-15,30.0,16.0
40.0,0.18394390390571266,296.70414214085184,0.061858694393474856,0.05703985624624103,0.14065498804788848,0.013787754846693506,-0.0893973896285852,1.4432899320127035e-15,30.0,24.0
40.0,0.20506548905730526,328.1342742833643,0.13852419386596343,0.012177301842958711,0.20440783515498998,0.049364037105185436,-0.1994078789117923,2.886579864025407e-15,30.0,32.0
40.0,19.056599787664823,3463.388780759437,0.35615615948349616,2.5523609162136465e-29,17.79974913931659,0.11120027600901726,0.7894942128557219,1.4210854715202004e-14,30.0,40.0
40.0,0.24061205852860862,302.8954238249045,0.04873917979950716,1.714748588895619e-30,0.3060546088381696,0.012441359666636245,-0.1266230897757044,2.4424906541753444e-15,30.0,48.0
40.0,0.17863095707365212,270.3088082281525,0.3904428983569853,2.0238162204563722e-30,0.3915800506111007,0.007241940828702188,-0.610633932723136,2.4424906541753444e-15,30.0,56.0
40.0,0.08533338923307171,270.0833648941062,0.09722709435637694,1.4136816668583408e-29,0.12635646277356738,0.0070542935002414105,-0.14530446139711403,2.1094237467877974e-15,30.0,64.0
40.0,0.04523682782670591,249.06703801896032,0.04058703551687817,3.415382748408131e-29,0.058697101910978905,0.0020456159456722434,-0.056092925546823415,1.6653345369377348e-15,30.0,72.0
40.0,0.11309967332888227,257.9568125988201,0.1752765008872348,7.565838546190716e-31,0.14247077434607627,0.002429762670107369,-0.20707736457453618,1.3322676295501878e-15,30.0,80.0
40.0,0.07407651577875038,258.06666386301384,0.261430947662522,4.9578950209587566e-30,0.2844530520111072,0.0028649297333020922,-0.4746724136281809,2.1094237467877974e-15,30.0,88.0
40.0,0.2553410712158332,208.09752576426146,0.10043078367260444,0.26393669865270253,0.07926608366338272,0.002430018703509939,-0.19072251347636643,1.124100812432971e-15,31.0,8.0
40.0,0.20227323110700468,282.1612940113722,0.09694539424496867,0.12351312764651187,0.13899754858167332,0.0034299591722483876,-0.16061279853839755,1.1102230246251565e-15,31.0,16.0
40.0,0.3527083727492788,283.57345281775383,0.16015813685986918,0.03327655943661894,0.2962921708610058,0.008227641818595966,-0.1452461362268111,1.7763568394002505e-15,31.0,24.0
40.0,0.24743943234150298,376.9099093206376,0.09812049812766818,0.022012484438592345,0.18105128946137622,0.019919203004418812,-0.07366404269055257,2.831068712794149e-15,31.0,32.0
40.0,0.5320677845299886,1044.3585330034603,0.14520985088149196,1.480006391008633e-29,0.7569808736948028,0.07119606837611983,-0.441319008422426,9.325873406851315e-15,31.0,40.0
40.0,0.2302094500828996,311.1199237574701,0.22851910275468915,1.7358731452533435e-30,0.3684271387884238,0.008589089316161506,-0.37532588077637485,2.3314683517128287e-15,31.0,48.0
40.0,0.15002850939375528,279.00113836124154,0.05964538234679718,1.4523927465411356e-30,0.13042001195475858,0.011847618835384651,-0.05188450374318512,1.27675647831893e-15,31.0,56.0
40.0,0.09350407346933579,253.21285917193904,0.11405942950484306,9.593012978432659e-31,0.14367253939431712,0.0039576834417124635,-0.16818557887153687,2.3869795029440866e-15,31.0,64.0
40.0,0.06821447075323286,246.36398359241417,0.20037112860423967,2.5137430042074426e-30,0.2040962779434891,0.0020702982088164307,-0.3383232340033123,2.609024107869118e-15,31.0,72.0
40.0,0.07672055798797103,248.76908249919612,0.09250926724291363,1.2501676442550361e-29,0.07590865800232174,0.002647765215358361,-0.09434513247262269,1.1657341758564144e-15,31.0,80.0
40.0,0.06096953740854188,248.7342248895811,0.1275099455076473,1.874434476960396e-30,0.12644505307739062,0.001849443825053852,-0.19483490500154987,1.6653345369377348e-15,31.0,88.0
40.0,0.4007260510389445,242.4747252147489,0.11265812393216651,0.303284207555807,0.07705788587189108,0.0012866432112587653,-0.09356080953217888,1.1657341758564144e-15,32.0,8.0
40.0,0.17996602949580318,285.21225580832623,0.06998184119688788,0.08124414659819387,0.07386998500201422,0.0042538436420151825,-0.04938378694330797,1.3322676295501878e-15,32.0,16.0
40.0,0.12396766892117803,288.10105436027106,0.23392692362558845,0.06407390253035508,0.2072687723074144,0.007414529664572164,-0.388716459206752,1.5543122344752192e-15,32.0,24.0
40.0,0.16995817676958955,280.3223316300517,0.17620511056170898,0.03699101171387814,0.23978323105978588,0.018191698499262648,-0.3012128750650461,2.7755575615628914e-15,32.0,32.0
40.0,0.9103809621864516,2252.2766496044437,0.11091053938141285,2.502267159664957e-30,1.000139029347499,0.08326111707130429,-0.28392972361376456,7.105427357601002e-15,32.0,40.0
40.0,0.10249609151511457,294.6710121473212,0.10506324369540476,1.8455884310858557e-30,0.16275604061373353,0.0054743906351324804,-0.17079758342915619,2.220446049250313e-15,32.0,48.0
40.0,0.051427887047857127,258.45299890750766,0.036413336670878746,4.910595216604546e-30,0.04410038129815139,0.008944755744044748,-0.03803058666521776,1.7763568394002505e-15,32.0,56.0
40.0,0.09239040588678442,285.69589872151823,0.1560887257193298,1.1776583843905518e-29,0.20572870532689844,0.0043291784848857205,-0.2737562036443295,1.7763568394002505e-15,32.0,64.0
40.0,0.06393605067632295,250.98406476713797,0.12327737724351001,7.384044739017348e-30,0.10667644837765416,0.0028430869378786817,-0.16886086188271993,1.970645868709653e-15,32.0,72.0
40.0,0.056758228149214406,248.55136154115687,0.11139117397757548,1.2696850173985136e-30,0.11278120951475896,0.0022030409750271275,-0.16961719631814715,1.3322676295501878e-15,32.0,80.0
40.0,0.08247545772586232,264.7393461744167,0.5572041832794953,6.899682117938533e-30,0.6138440081904222,0.002779106094922661,-1.0913518398389777,1.942890293094024e-15,32.0,88.0
40.0,0.4015806440663627,216.33308488885524,0.10555035329163007,0.18250104886824814,0.03325176323575793,0.001954110367723091,0.07832336830300346,8.881784197001252e-16,33.0,8.0
40.0,0.12269928082537392,274.2258322035604,0.07794548694412169,0.0819329684899768,0.05821270225131701,0.0022879808277818997,-0.09767985768782349,1.2212453270876722e-15,33.0,16.0
40.0,0.10019436632060064,273.8577650276458,0.07621845909470974,0.07421887907003184,0.12186675610525033,0.00689643791614078,-0.17900616586553209,1.887379141862766e-15,33.0,24.0
40.0,0.2381735542262849,310.49559036081814,0.042970616369265996,0.02887988791169404,0.14897431237144343,0.01390390570194068,0.003444831871940751,1.7763568394002505e-15,33.0,32.0
40.0,1.1851871389049438,3302.4208039446958,0.12589353929754463,1.7448693267042757e-29,0.3008239667025483,0.9275223735723084,-0.16905274066745757,1.021405182655144e-14,33.0,40.0
40.0,0.12373493669896217,325.0990016770293,0.024536554158528852,4.306129337698271e-30,0.08326796800546205,0.035933038137893294,-0.02000262360292203,2.0539125955565396e-15,33.0,48.0
40.0,0.09144628683780805,259.8828314568976,0.14534866879725494,5.01902088683126e-30,0.18987915102191197,0.010201879000737182,-0.25398341198209606,2.7478019859472624e-15,33.0,56.0
40.0,0.12089709842890636,267.2498138901742,0.08887323557444668,1.9073078176496727e-30,0.1228283555007515,0.00808778278904488,-0.09889227543533669,1.3322676295501878e-15,33.0,64.0
40.0,0.02837774175285384,248.79071880288404,0.06454117659827036,1.8065371157969806e-30,0.05973750456356947,0.0032021628456423944,-0.09910310225462837,1.4432899320127035e-15,33.0,72.0
40.0,0.09589672797442178,267.6716364298581,0.10698960571427651,1.1433512802637172e-29,0.13856317358476664,0.003131370093168562,-0.15278742141778992,1.6653345369377348e-15,33.0,80.0
40.0,0.05726368158740788,257.11605959518795,0.08467912019592685,4.540880990978913e-30,0.07133282868685338,0.0035683321178748653,-0.10231659941324722,1.8318679906315083e-15,33.0,88.0
40.0,0.27438681403382204,255.8789213411736,0.10465082708046072,0.15454455228184294,0.022833969937574725,0.002982510436879954,-0.01062504570293632,1.2212453270876722e-15,34.0,8.0
40.0,0.17487382664426096,230.55583128053775,0.10812084501074197,0.09805390532760297,0.0654779886408437,0.0026864211742230536,-0.09946533350915074,1.2212453270876722e-15,34.0,16.0
40.0,0.17053561201939899,263.1056163757309,0.09070404890869649,0.05923138159921027,0.10333810691658579,0.006603515406806321,-0.08934144081189987,1.5543122344752192e-15,34.0,24.0
40.0,0.19212490684973227,275.0464693544802,0.09031501370168372,0.004050969114414825,0.12498170226118353,0.01098471747368621,-0.03820749570123602,2.4424906541753444e-15,34.0,32.0
40.0,25.29168903064232,3295.886719735975,0.11593257535594724,3.298404630553244e-29,24.943680799478678,0.016107117902980028,0.2159685379047147,2.842170943040401e-14,34.0,40.0
40.0,0.15444185865811277,338.11459165733334,0.1261342915534105,2.0295225444596182e-30,0.2503010758629047,0.008884222301858914,-0.23087773106006132,2.248201624865942e-15,34.0,48.0
40.0,0.2337189918347179,291.4502154137037,0.1536177988833593,1.9864754451645377e-30,0.3772431434710145,0.009152584001174502,-0.30629453452083044,3.164135620181696e-15,34.0,56.0
40.0,0.15772914373536298,259.2834839738752,0.1960294518318287,2.323803742287515e-30,0.2865437861175236,0.003153982937747218,-0.32799807715173657,1.9984014443252818e-15,34.0,64.0
40.0,0.034235117864921116,260.2105329998114,0.03554353849412001,7.195923508609851e-31,0.028959824429875904,0.0029107898602996445,-0.03317903491937445,1.8735013540549517e-15,34.0,72.0
40.0,0.03139678761262876,250.92155749322058,0.13789536033667196,4.828417070019585e-30,0.1531623697151454,0.0023600845731759695,-0.26202102701236457,1.2212453270876722e-15,34.0,80.0
40.0,0.05441414172153276,241.37759908679385,0.08815918778688094,9.603218144304575e-30,0.08200561245528529,0.0015081085660021971,-0.11725876708663564,1.27675647831893e-15,34.0,88.0
40.0,0.233991112313559,202.65718454134296,0.11499187855452374,0.21262580792665886,0.06542460671612976,0.0012597379889483346,-0.16031091887270166,1.3322676295501878e-15,35.0,8.0
40.0,0.13554343732449048,251.30414313606786,0.08419207993573363,0.08498435271808204,0.05028971823795888,0.0033310855877832675,-0.08725379915506734,1.0269562977782698e-15,35.0,16.0
40.0,0.15715304274413117,271.3030325001524,0.09486839967505237,0.05206759750572315,0.10297086770844324,0.012836601954363352,-0.10559042409945096,1.3322676295501878e-15,35.0,24.0
40.0,0.29710386132292615,327.09384908336966,0.05963244356520281,0.031447116399856756,0.20771628381403473,0.02461912038929752,-0.026311102845465673,1.3877787807814457e-15,35.0,32.0
40.0,1.1398799813829572,23730.937996315293,0.09846866705199064,7.650565243383105e-28,62.59179056952865,76.37584962045055,-137.92622887564823,1.1235457009206584e-13,35.0,40.0
40.0,0.31140312919019086,358.85069838636673,0.21036295507982578,2.458559623185299e-30,0.4257023432367921,0.009345285078068227,-0.3340074542044953,3.3306690738754696e-15,35.0,48.0
40.0,0.26103064885119975,289.44844607148315,0.1237779380740861,1.1047803157277174e-29,0.25692466646159556,0.010400105889565105,-0.130072061574047,1.887379141862766e-15,35.0,56.0
40.0,0.15697097760729262,291.3717034060938,0.11696937228701484,1.3671256012310284e-30,0.22530309792106223,0.006308461233756141,-0.1916099538345406,1.887379141862766e-15,35.0,64.0
40.0,0.06347373789163155,256.0123189934575,0.14666574103664773,2.605470016779946e-29,0.13730141999282658,0.003965682909773156,-0.2244591060476159,2.220446049250313e-15,35.0,72.0
40.0,0.06728129323292831,261.079002191645,0.08240878931334585,2.9300371935784944e-30,0.09517266975121697,0.0033462574773339753,-0.11364642330896849,2.3869795029440866e-15,35.0,80.0
40.0,0.08772314863019307,243.52099314784704,0.1533023607222624,1.345234582353685e-30,0.13770432165387003,0.0019677071020291707,-0.2052512408479685,1.4155343563970746e-15,35.0,88.0
40.0,0.14635961193276958,246.3708562977845,0.07317529860756504,0.09738496926005824,0.03291171419398721,0.0016870995058642932,-0.0587994696347052,1.1102230246251565e-15,36.0,8.0
40.0,0.15677140746478702,250.8314694743361,0.038642022620736044,0.10934898127243346,0.025009291934270997,0.001359017963262904,-0.01758790632591639,1.1102230246251565e-15,36.0,16.0
40.0,0.2161784575172227,250.95598051110812,0.08909786357606461,0.07194483571841653,0.18782258430471765,0.00595863571199654,-0.13864546179397264,1.2212453270876722e-15,36.0,24.0
40.0,0.13082262487465818,359.7426125723853,0.08246317359507976,0.007246665160458588,0.17571856498648206,0.017635573490345266,-0.15224135235770747,4.884981308350689e-15,36.0,32.0
40.0,0.21661259107960118,888.0985175969885,0.07990848875206251,1.7675897987835443e-30,0.2533772364400017,0.03213499942480921,-0.14880813353727224,4.9960036108132044e-15,36.0,40.0
40.0,0.4851545525562527,363.8822406361907,0.0878570917459359,4.358929336160994e-30,0.5007764175025188,0.012919086308677233,-0.11639804300087919,2.4980018054066022e-15,36.0,48.0
40.0,0.14441116756121702,266.3296296876498,0.09116130666262565,1.7706825522265733e-30,0.16351888346581778,0.008801878300148738,-0.11907090086737515,1.4988010832439613e-15,36.0,56.0
40.0,0.07957864453649152,258.38395095818197,0.06465700422705178,1.3403914070890983e-30,0.1293000417329796,0.0039110415012326046,-0.11828944292477248,2.3314683517128287e-15,36.0,64.0
40.0,0.042286705734253034,248.86926227573312,0.05012662065578072,2.1724315638581784e-29,0.058163721044568614,0.003256147432869642,-0.06925978339896594,1.8110513089197866e-15,36.0,72.0
40.0,0.048606307630691604,256.93293692904456,0.18023270171650507,5.419860590289404e-30,0.2032312102253311,0.003294296484198521,-0.3381519007953431,1.3322676295501878e-15,36.0,80.0
40.0,0.03236791581430955,251.37728243550652,0.03530047002036388,3.694815446524419e-30,0.028085463084950607,0.0031707776259726327,-0.03418879491697757,2.0539125955565396e-15,36.0,88.0
40.0,0.3447364384480801,250.06406456356203,0.11471985942488216,0.3132090653272193,0.07549883744119085,0.0004125895863710058,-0.15910391333158325,1.3322676295501878e-15,37.0,8.0
40.0,0.20056011136090565,280.18539761619536,0.06722235392039907,0.07448270284662462,0.0532663463679026,0.00202612677709315,0.003562581448886215,1.6653345369377348e-15,37.0,16.0
40.0,0.1606799477829865,261.3789040204037,0.14856350656350217,0.03213403680681353,0.14467321409720496,0.005096965191044226,-0.1697877748755784,1.5751289161869408e-15,37.0,24.0
40.0,0.2774307338109645,296.13319260477186,0.29537829337968124,0.01504751690887782,0.4423565591334905,0.01854375366799729,-0.4938953892790823,3.4833247397614286e-15,37.0,32.0
40.0,0.7535547339980473,1411.05765917795,0.15812563974723548,4.176392609987055e-29,1.974346921476653,0.4881746740104973,-1.8670925012363384,9.547918011776346e-15,37.0,40.0
40.0,0.12471128158470456,327.23875509910766,0.05414465884307544,1.0393966426546235e-30,0.15965946531386677,0.008934478909645514,-0.09802732148188316,2.761679773755077e-15,37.0,48.0
40.0,0.1770369205272761,276.31382979914235,0.07217355624146096,1.5923039637427592e-30,0.15959553535159038,0.0042463600419579695,-0.05897853110773321,2.275957200481571e-15,37.0,56.0
40.0,0.08680403066899187,236.82187511494035,0.08569663366840713,9.768769944459827e-30,0.08481370128884277,0.006469249172753436,-0.09017555346101147,1.9984014443252818e-15,37.0,64.0
40.0,0.026230183082033707,255.35994306168743,0.044376037573040115,4.849080869825741e-30,0.03894934636591878,0.0028320757420451335,-0.05992727659897032,2.1094237467877974e-15,37.0,72.0
40.0,0.0822299774930342,241.39848912136304,0.17017074534907667,1.3809214954547377e-30,0.18800520686880018,0.0022150584958035187,-0.2781610332206461,1.4432899320127035e-15,37.0,80.0
40.0,0.06562780656713335,250.30190123215425,0.09828102415757844,2.53254101193998e-29,0.10444898672947761,0.002087006110619326,-0.13918921043054203,1.8769708010069053e-15,37.0,88.0
40.0,0.21589530550688654,262.9197920607225,0.3953419342770145,0.12719879784891763,0.5249843465582944,0.0018737230591328708,-0.8335034962364728,9.992007221626409e-16,38.0,8.0
40.0,0.22487682789272237,272.83412982320556,0.03277047089467208,0.19560598697931994,0.017180162445915255,0.003491185877398124,-0.024170978304583035,1.3322676295501878e-15,38.0,16.0
40.0,0.15447887771821833,290.63301579377196,0.08129613632756363,0.044176806684591396,0.094871607305817,0.015348806738083545,-0.08121447933783724,1.3322676295501878e-15,38.0,24.0
40.0,0.5446294859549348,307.1638288375577,0.1780356573599405,0.06665496944888682,0.7185292933624119,0.018157748970280274,-0.4367481831865847,2.886579864025407e-15,38.0,32.0
40.0,10.366699699792623,2180.4891028465327,0.11203183261940856,1.5223193485394705e-29,10.654787188860986,0.04093617858918733,-0.44105550027695983,1.4210854715202004e-14,38.0,40.0
40.0,0.08318883334099643,305.5778739717385,0.05279907772520765,5.8119720302640916e-30,0.10051684031272992,0.007908838266954623,-0.07803592296389576,3.694961003830599e-15,38.0,48.0
40.0,0.09435398326444643,256.4417600607848,0.04114855603542292,6.224564560573153e-30,0.07609136061303941,0.0060552716125208735,-0.028941204996536768,2.886579864025407e-15,38.0,56.0
40.0,0.08977517922419286,242.65618235918834,0.07449355003186603,1.0562828917326372e-29,0.0890209715907414,0.003083100192265352,-0.07682244259067993,1.5543122344752192e-15,38.0,64.0
40.0,0.09013151615855011,256.63199745700194,0.06835285181059703,8.265812079151727e-30,0.11835076585537796,0.0026770513990436134,-0.09924915290646849,2.2898349882893854e-15,38.0,72.0
40.0,0.05559800334994884,261.5307141949494,0.09057045030741079,1.885060408289974e-29,0.08418610819075131,0.0032246261240181685,-0.12238318127223143,1.9845236565174673e-15,38.0,80.0
40.0,0.09807860277517243,257.9629740967913,0.16167726142786548,1.5901524551184758e-30,0.18618086032662176,0.0017472920222423752,-0.25152681100155716,1.8457457784393227e-15,38.0,88.0
40.0,0.1787209491583387,215.51521794714483,0.11167967096281622,0.1250899295003758,0.05415873245433352,0.002262081269513538,-0.11446946502870042,1.1102230246251565e-15,39.0,8.0
40.0,0.28291918783660064,273.46528499238815,0.11399120056897911,0.15108670388438866,0.08287628690410286,0.0010107688287292783,-0.0660457723495993,1.1934897514720433e-15,39.0,16.0
40.0,0.09661630176973383,277.1510846257163,0.05153135309330554,0.07053377942095135,0.040094311646648215,0.003499618135261351,-0.06904276052643261,1.790234627208065e-15,39.0,24.0
40.0,0.26308669036698906,395.988561640479,0.13151583451097715,0.03301048127102957,0.22378293879395622,0.01934548253429952,-0.1445680467432734,1.942890293094024e-15,39.0,32.0
40.0,5.133331645711096,1912.389403640632,0.1093502759218537,5.123024460392595e-29,8.312249506746221,0.49882331144405334,-3.787091448401033,1.509903313490213e-14,39.0,40.0
40.0,0.2670076409568636,328.6397727831517,0.04946527083430575,1.523370006192035e-29,0.178342405242658,0.03032387515862597,0.00887608972127385,4.218847493575595e-15,39.0,48.0
40.0,0.13174589507328782,301.1524091350623,0.23744132145483798,7.381540499242758e-30,0.27847481886631836,0.004839544797900609,-0.3890097900457692,1.9984014443252818e-15,39.0,56.0
40.0,0.1124553895513123,274.15111556027085,0.18034685316190924,2.4753497137683425e-30,0.2822556528375439,0.005056350053512166,-0.355203466501653,2.6645352591003757e-15,39.0,64.0
40.0,0.08037454959622471,251.57336134194972,0.12839069399370767,2.136612402000316e-30,0.14747592278631932,0.001623183064780011,-0.19711525024858229,3.469446951953614e-15,39.0,72.0
40.0,0.07870021720575175,265.9083512655339,0.13736112225565217,1.216597103741118e-30,0.1799343993714624,0.0032944323144214883,-0.2418897367357843,1.7208456881689926e-15,39.0,80.0
40.0,0.06329980628183426,250.425105019471,0.10030235693625811,7.043062761979355e-30,0.06777051397405687,0.003197435215244517,-0.10797049984372523,1.4710455076283324e-15,39.0,88.0
40.0,0.20171133175925327,294.2945285574349,0.050964977097991894,0.14543233126105992,0.02206492753455032,0.0034487112576002486,-0.020199615391949116,1.5543122344752192e-15,40.0,8.0
40.0,0.3457332528667135,237.5736485228155,0.1658165582707584,0.13486000309858098,0.09185425080522881,0.006501751925554473,-0.05329931123340914,1.5543122344752192e-15,40.0,16.0
40.0,0.1654613579764832,290.9112604957688,0.1751990949479228,0.0491433760058438,0.24797909633491938,0.002613579114446476,-0.30947378842664924,1.5543122344752192e-15,40.0,24.0
40.0,0.25573584946026434,294.61810766233356,0.07669714522861484,0.03196157898358486,0.20131090288382564,0.007311783439088643,-0.06154556107484965,1.8318679906315083e-15,40.0,32.0
40.0,131.26749483560764,16365.475311356586,0.15540935721093455,1.5943642286965812e-27,70.05862791300186,10.228721668586642,50.82473589680821,7.105427357601002e-14,40.0,40.0
40.0,0.1678881852103893,272.98585059357913,0.09895611693208843,1.2364647762276416e-29,0.19501659724010154,0.011510888852389788,-0.13759541781419046,2.6922908347160046e-15,40.0,48.0
40.0,0.07582920530179393,251.04813195307952,0.0817124742227287,7.704625969598836e-30,0.10618243349370146,0.002837398446485703,-0.11490310086112193,2.275957200481571e-15,40.0,56.0
40.0,0.08945871853310555,246.62803147269287,0.05782760697062883,1.0197727811423834e-30,0.07954263345428618,0.00545602283530635,-0.0533675447271158,1.3739009929736312e-15,40.0,64.0
40.0,0.0554209454890326,269.52067798876874,0.14021233588781754,5.436225834738114e-30,0.1398240414675925,0.004301584674974407,-0.22891701654135188,1.2212453270876722e-15,40.0,72.0
40.0,0.048872013759352885,266.8472447912339,0.06756203546454174,1.4997175054871883e-29,0.06459035930666565,0.0016057338095206767,-0.0848861148213752,1.2628786905111156e-15,40.0,80.0
40.0,0.07852144085587248,232.6461007473434,0.10807117005803576,1.4615510588821079e-30,0.11184176578865908,0.0012643065008984748,-0.14265580149172083,1.6653345369377348e-15,40.0,88.0
40.0,0.19937438443186478,251.06036651400734,0.14897992884822248,0.13680722255680017,0.03353718860169315,0.003383395248022886,-0.12333335082287389,1.2212453270876722e-15,41.0,8.0
40.0,0.11053091874488269,262.45166213179493,0.03553818794792278,0.08788566868622269,0.0343322692928858,0.0033773898201283625,-0.05060259700227693,1.6930901125533637e-15,41.0,16.0
40.0,0.19017065908866057,252.32460196119465,0.14546160928894192,0.03789390152936399,0.20146662176979052,0.007243804253379866,-0.2018952777528157,2.4147350785597155e-15,41.0,24.0
40.0,0.1780236240911172,283.0109635195904,0.1479118831920714,0.021106206261441884,0.2517148474279687,0.005454689789598008,-0.24816400257996277,1.7763568394002505e-15,41.0,32.0
40.0,12.208994272988878,6648.359177984803,0.06528259689497981,5.247597131262965e-28,8.897150962039738,0.30204051460180686,2.944520199452354,6.572520305780927e-14,41.0,40.0
40.0,0.14613638277492835,282.6909566682077,0.12130993605043708,1.859549534033236e-30,0.17451546603551663,0.019839235747344114,-0.1695282550583695,2.4702462297909733e-15,41.0,48.0
40.0,0.06358214208255686,303.14608471058585,0.1492322193355583,1.3408532038434513e-30,0.22219322786863763,0.004147362185469472,-0.31199066730710856,2.1094237467877974e-15,41.0,56.0
40.0,0.06713698838822016,261.85502598840395,0.24386748807616915,6.354914675830947e-31,0.20004146558734895,0.0029744513533589883,-0.37974641662865694,2.55351295663786e-15,41.0,64.0
40.0,0.05186676873567857,256.1283854302427,0.06570769460094812,3.807040200055282e-30,0.05465616026968457,0.002660220623465847,-0.07115730675841997,1.27675647831893e-15,41.0,72.0
40.0,0.05244124711194077,253.83940440271718,0.298442981660097,1.1070853612992926e-29,0.2841151279192655,0.0027504626338414493,-0.5328673251012632,1.5543122344752192e-15,41.0,80.0
40.0,0.03549965576188382,256.7182040987067,0.05675969027963836,2.227101069154104e-30,0.0544757280593387,0.002647467124872676,-0.07838322970196593,2.456368441983159e-15,41.0,88.0
40.0,0.1889771731034806,222.18696306021008,0.06864571919213958,0.1266605967730978,0.040523630751378666,0.004480268566799334,-0.05133304217993476,7.771561172376096e-16,42.0,8.0
40.0,0.2709911937035696,252.47238724379403,0.16850581648703417,0.10581711711867942,0.12075123332256538,0.0012710686167919504,-0.12535404184150128,1.2212453270876722e-15,42.0,16.0
40.0,0.17126846276888685,268.2564622963038,0.06130637441361862,0.031577631514844336,0.13406047425553977,0.010406106577500445,-0.06608212399261632,1.5543122344752192e-15,42.0,24.0
40.0,0.6612354176185746,321.9251093517184,0.509332510065091,0.03147021017538268,0.8713308694432622,0.010350021921298424,-0.7612481939864597,3.1086244689504383e-15,42.0,32.0
40.0,39.0088507432566,5596.131626018827,0.10249440601318277,1.5416220321536468e-28,47.64546512161118,0.4872875345688493,-9.226396318936608,3.552713678800501e-14,42.0,40.0
40.0,0.35816841180551445,323.090096574125,0.11060344529237862,1.022594962258563e-29,0.3312382701242793,0.015048283083844306,-0.09872158669498776,3.3306690738754696e-15,42.0,48.0
40.0,0.12436818464375088,251.96889862179404,0.12790385253422631,2.4272795750882283e-30,0.2339525117605648,0.014191404133697138,-0.25167958378473737,2.1094237467877974e-15,42.0,56.0
40.0,0.049784895954018256,252.85882163504277,0.05051605427494031,1.9325133163244015e-29,0.04763334004060947,0.006437867064499232,-0.054802365426030765,1.7763568394002505e-15,42.0,64.0
40.0,0.1419969627985824,247.15524464199828,0.23208388968874732,4.055195939957339e-30,0.23821657646882252,0.003226877270931636,-0.33153038062991913,1.7763568394002505e-15,42.0,72.0
40.0,0.05292328854979282,245.12507943394704,0.05974365331809799,2.3293723111545397e-30,0.039859610682202215,0.0015685325532907484,-0.04824850800379814,1.4988010832439613e-15,42.0,80.0
40.0,0.04215910817528461,247.71942466581748,0.057216749911354864,6.8659094567217916e-31,0.06925623579317519,0.0011989708696162832,-0.08551284839886174,1.6653345369377348e-15,42.0,88.0
40.0,0.30667573831358497,277.66697915938585,0.28642745813953185,0.17975419494382253,0.05910655432513256,0.001775931501707764,-0.2203884005966097,1.4432899320127035e-15,43.0,8.0
40.0,0.26111346876825553,293.5924256478364,0.05462418995060585,0.19363256890353492,0.09022470683815041,0.0036853054041688553,-0.08105330232820451,1.3877787807814457e-15,43.0,16.0
40.0,0.19010228217717534,246.20882484092843,0.10102295962635313,0.038983801332075824,0.13733905587613537,0.005818782812069725,-0.0930623174694587,1.6653345369377348e-15,43.0,24.0
40.0,0.430227500665581,390.6754092371898,0.11829055193599103,0.017359640340088762,0.35505821436701407,0.014795203803471293,-0.07527610978098409,1.9984014443252818e-15,43.0,32.0
40.0,2.6658994619260277,4218.422319484562,0.06935190548652045,2.987882111012462e-29,1.2507393713387107,0.29287471323800024,1.0529334718627963,1.554312234475219e-14,43.0,40.0
40.0,0.15834732550982455,429.8180266703813,0.22962410776278486,2.2015272274839433e-30,0.2364617711551641,0.030672369106227185,-0.33841092251435156,3.774758283725532e-15,43.0,48.0
40.0,0.14454598356491055,262.5949558452626,0.21023478396989545,1.2862110238248365e-30,0.23624032319767513,0.004003677004483075,-0.3059328006071431,1.887379141862766e-15,43.0,56.0
40.0,0.26865554428594807,263.2739897843291,0.17026812027651944,1.0215878830194992e-30,0.31123293032358745,0.005375148909912555,-0.21822065522407136,2.192690473634684e-15,43.0,64.0
40.0,0.0212381699950161,254.46487401479692,0.026584753470861047,5.6025425987521665e-30,0.025376563898735813,0.0022315195752866807,-0.03295466694986744,1.9394208461420703e-15,43.0,72.0
40.0,0.048978870777317676,254.86117775360916,0.06358391859720604,5.8550731719708e-30,0.057550350580884764,0.0019365363433324968,-0.07409193474410562,1.8596235662471372e-15,43.0,80.0
40.0,0.06489961257274099,252.9743512655652,0.10016117197412525,1.4022888089584526e-30,0.08705766257119127,0.0016733915409542417,-0.12399261351352978,1.6653345369377348e-15,43.0,88.0
40.0,0.3053910247572038,211.24805875670987,0.11482313634395656,0.22134533219584673,0.025461963145057616,0.001768497348923041,-0.05800790427658015,1.1102230246251565e-15,44.0,8.0
40.0,0.21730388623286243,319.8630118410364,0.05755957272653685,0.17955201983633517,0.04013245329330392,0.0041701593070326655,-0.06411031893034616,1.3600232051658168e-15,44.0,16.0
40.0,0.22070657401621285,283.5059164536365,0.20918074824297156,0.04027159375703522,0.29918814127570964,0.005849561221962392,-0.33378347048146595,1.5543122344752192e-15,44.0,24.0
40.0,0.2019341540775238,312.84045413712715,0.12578222419354484,0.010434133170497328,0.1963468470605853,0.021047194052343905,-0.1516762443994476,1.3877787807814457e-15,44.0,32.0
40.0,1605.1622968422625,41507.46517195706,0.12701501384072977,3.942664116076126e-27,1245.2288416420565,22.366162866486846,337.44027731987853,4.121147867408581e-13,44.0,40.0
40.0,0.14735436830119453,325.97331151827575,0.08998618164801142,1.3539593292678159e-29,0.21064211594861068,0.012482114059567596,-0.16575604335499516,2.55351295663786e-15,44.0,48.0
40.0,0.1125382365040053,269.6796848504564,0.19052750810390356,9.032467079975222e-31,0.20273846342313184,0.01153842690841977,-0.2922661619314499,2.1094237467877974e-15,44.0,56.0
40.0,0.10001820337083936,264.0539980779454,0.17605498348452203,5.509824900536405e-30,0.19058978044694844,0.00427148467550882,-0.2708980452361399,1.9984014443252818e-15,44.0,64.0
40.0,0.09919941763388707,257.2291050623927,0.13118309083815877,1.3139764889224566e-30,0.12434254311477624,0.0021566970780101486,-0.1584829133970581,1.5543122344752192e-15,44.0,72.0
40.0,0.05232215007171127,295.93210305500054,0.10047812693409601,9.816906997190843e-30,0.09002037639861611,0.004371167347213562,-0.14254752060821443,1.8596235662471372e-15,44.0,80.0
40.0,0.09669066856664482,252.05769158485055,0.14385533427950337,6.38955267614676e-31,0.21003344208325436,0.0028235929803872217,-0.2600217007765001,1.609823385706477e-15,44.0,88.0
40.0,0.2839782822073743,264.9794281875414,0.09876643305109883,0.1250317225361523,0.07867702149530006,0.0009515799139621815,-0.01944847478913908,1.5543122344752192e-15,45.0,8.0
40.0,0.15454929275328866,227.36461510661343,0.24082342004254986,0.04779511663515921,0.12354656980947723,0.0027969115193268125,-0.26041272525322445,1.1102230246251565e-15,45.0,16.0
40.0,0.20582980779396154,315.97159310591013,0.1628402155371529,0.03444199127982175,0.24146785536381093,0.008188035556506683,-0.24110828994333072,1.3600232051658168e-15,45.0,24.0
40.0,0.2472206073724498,282.9475185855629,0.06218617951955513,0.029741102400443642,0.17305539798492298,0.007504116741743573,-0.025266189274215506,2.275957200481571e-15,45.0,32.0
40.0,1.1422132638269535,1732.952239091911,0.05894375249541307,2.393292305175979e-29,1.5003702445704388,0.03748438953829086,-0.4545851227771891,9.325873406851315e-15,45.0,40.0
40.0,0.16145135981959804,283.86486636484887,0.07866689256307233,1.5987784002766295e-30,0.132918449965421,0.014787092858844908,-0.06492107556774018,2.4424906541753444e-15,45.0,48.0
40.0,0.17821102566488145,271.99670309350125,0.08923120600694973,8.45908697336381e-31,0.21492943275918036,0.005848973859413511,-0.13179858696066216,1.7763568394002505e-15,45.0,56.0
40.0,0.10061353513113926,249.31968831834806,0.11549051049582632,1.4821885635388422e-30,0.18540154854218582,0.0043292717211027235,-0.2046077956279756,1.609823385706477e-15,45.0,64.0
40.0,0.04665720010865845,270.9206213846563,0.13194637641453508,1.4144123896732972e-30,0.15609398426204713,0.0042318241775185506,-0.24561498474544233,1.7208456881689926e-15,45.0,72.0
40.0,0.15213488136765677,262.16829252589594,0.1576440883813232,1.063302906733348e-30,0.1998548763639904,0.0022344471634373965,-0.20759853054109426,1.3322676295501878e-15,45.0,80.0
40.0,0.1212111088023218,273.5313471420637,0.17996490157498,2.6834400908849642e-30,0.13116349358486065,0.0019740121034645805,-0.19189129846098343,1.8318679906315083e-15,45.0,88.0
40.0,0.30940246797422116,273.3128342860452,0.11073762115323099,0.16543076883886107,0.015045385106747404,0.0022550002780725195,0.0159336925973092,8.881784197001252e-16,46.0,8.0
40.0,0.3572150061438819,251.4594646983608,0.14396498374751474,0.12894124004394925,0.09301110634895642,0.004252676304511614,-0.012955000301050124,9.992007221626409e-16,46.0,16.0
40.0,0.24691338409121308,267.06981328144167,0.05408945644485087,0.12679467235366787,0.08855903180575393,0.00910264216279562,-0.03163241867585523,1.7763568394002505e-15,46.0,24.0
40.0,0.3121791354467893,368.0470478754393,0.1267427062435986,0.029602042131046797,0.26160257795264097,0.011924548549332673,-0.11769273942982972,1.6653345369377348e-15,46.0,32.0
40.0,9266.564947588884,120280.47963821879,0.04917365242974962,8.458206077433722e-27,11244.631685346052,95.53118380027044,-2073.647095209868,8.526512829121202e-13,46.0,40.0
40.0,0.17749661674513664,290.1063475928266,0.23697680097087656,4.494146530889268e-30,0.30354091394479,0.007478514723723056,-0.37049961289425304,3.1086244689504383e-15,46.0,48.0
40.0,0.05271485296497842,256.39812260883923,0.039871609403212924,1.2765137214287035e-30,0.046638415122030256,0.005379693406484581,-0.03917486496674934,1.8318679906315083e-15,46.0,56.0
40.0,0.05618235712226949,265.4162299869554,0.18098410363037407,3.561221051238597e-30,0.1401825115314212,0.008385981833030545,-0.2733702398725563,1.7208456881689926e-15,46.0,64.0
40.0,0.08766819699332407,271.7521771830946,0.1233263914081143,1.6635616141979212e-29,0.15626750328967026,0.004868802734163278,-0.1967945004386238,1.4432899320127035e-15,46.0,72.0
40.0,0.06411473385786304,257.21910385541617,0.20188659286155874,1.5232920728820088e-30,0.2293880312890927,0.0022116120008629342,-0.36937150229365134,1.27675647831893e-15,46.0,80.0
40.0,0.07744387730461735,272.96079210139334,0.09572875844069083,1.7325006185789982e-30,0.10604664305892626,0.0027441195501731585,-0.12707564374517288,1.4432899320127035e-15,46.0,88.0
40.0,0.23100086191644123,243.8444204790172,0.06755764121915428,0.15696985674744282,0.035389954015262834,0.001307727161394593,-0.03022431722681332,2.220446049250313e-15,47.0,8.0
40.0,0.13073257266498875,291.678143070932,0.063716972012759,0.0718548659726744,0.043416845458064186,0.007680728751034254,-0.05593683952954309,1.3322676295501878e-15,47.0,16.0
40.0,0.10927924188515437,244.6013441532022,0.09132325382619065,0.047624579925407744,0.13057955166892848,0.004079495332569618,-0.1643276388679421,1.5543122344752192e-15,47.0,24.0
40.0,0.5464494751698749,399.78881927424544,0.1016578193448443,0.026127128174064235,0.23455065652550322,0.0649512406224464,0.11916263050301668,1.6653345369377348e-15,47.0,32.0
40.0,13.501068863941526,6823.333920208843,0.1092761753951365,1.0662888872352595e-28,2.0360083554699626,7.466537162638783,3.8892471704376437,4.440892098500626e-14,47.0,40.0
40.0,0.49127758572959024,329.46724018058524,0.12147472977338514,1.17592183484233e-29,0.5058917530823357,0.03820601201798147,-0.17429490914411205,1.9984014443252818e-15,47.0,48.0
40.0,0.030305246344813283,262.11077517167996,0.01937651138913356,7.669741013505716e-30,0.025028794936560267,0.0028867726700225905,-0.016986832650903137,2.7755575615628914e-15,47.0,56.0
40.0,0.05875858982986361,279.1694846963503,0.11746644871354414,5.102034759811924e-30,0.0981445037434622,0.004790444578422164,-0.1616428072055649,1.9567680809018384e-15,47.0,64.0
40.0,0.07158474061980641,260.399488185143,0.08398931443748447,2.1800573486356333e-29,0.10644251183306709,0.003197909316114732,-0.12204499496685989,1.9984014443252818e-15,47.0,72.0
40.0,0.024939868549566084,252.93583976482606,0.07756881755524525,1.70502883096917e-30,0.08410130406999328,0.001989334285570803,-0.13871958736124324,1.1379786002407855e-15,47.0,80.0
40.0,0.0514673893295645,242.25840435403938,0.06107667398144097,1.4905097507296504e-30,0.056712033166084544,0.002903684620970643,-0.06922500243893165,1.790234627208065e-15,47.0,88.0
40.0,0.4610908687876233,243.08774957949404,0.1200537407648184,0.18041620776466744,0.07047658509840332,0.0011162857484745955,0.08902804941125952,1.1102230246251565e-15,48.0,8.0
40.0,0.2843876443140413,266.2056040883378,0.04173681434997712,0.29099123853938574,0.05469980633254909,0.0022941379978051566,-0.10533435290567583,8.881784197001252e-16,48.0,16.0
40.0,0.24448213958120302,266.4682280937844,0.059969165294729156,0.041477748687213115,0.15707650819374833,0.006254479932937241,-0.02029576252742482,1.4085954624931674e-15,48.0,24.0
40.0,0.28277403819593394,395.1211479405728,0.13122210360320868,0.02632450959314468,0.3709594856145076,0.007734051034407153,-0.2534661116493342,2.3314683517128287e-15,48.0,32.0
40.0,2.8300962885376935,988.2278391216063,0.09701719490199179,3.697730001854525e-29,2.1476031690105755,0.11739709848777072,0.46807882613735563,8.43769498715119e-15,48.0,40.0
40.0,0.09799037708290542,411.78344523037873,0.09371276584390136,2.0706605438117357e-30,0.16735224976088917,0.008055566174309739,-0.17113020469619483,2.6645352591003757e-15,48.0,48.0
40.0,0.13041044856924214,262.7068395819591,0.08306825791853911,1.0098196047880022e-29,0.12168318682341112,0.014275656051931906,-0.08861665222463999,2.886579864025407e-15,48.0,56.0
40.0,0.07170713886962321,238.46479669184532,0.1507738715263529,4.998125284152974e-30,0.12478416016215592,0.00659194576479717,-0.2104428385836828,1.6653345369377348e-15,48.0,64.0
40.0,0.09603505572354283,255.02162543275483,0.11173868937399775,8.242657875690457e-30,0.13057530355576075,0.003556903836363771,-0.14983584104257947,2.4424906541753444e-15,48.0,72.0
40.0,0.08631917925557757,254.0937013771319,0.1540507687477694,4.092316516512609e-31,0.1507323473875401,0.003459969283578633,-0.22192390616331054,1.6653345369377348e-15,48.0,80.0
40.0,0.05823722110624989,263.24422978079735,0.07639847134410369,2.9285819467131642e-30,0.05622710102180807,0.0029571923820205536,-0.07734554364168243,1.609823385706477e-15,48.0,88.0
40.0,0.3285859253379308,243.71415875684156,0.09743590579318871,0.19698471155905004,0.01888382505738792,0.0009298252196414797,0.014351657708662646,1.1102230246251565e-15,49.0,8.0
40.0,0.2357018479834983,253.6587606670743,0.09775986141310561,0.09636183447124025,0.13179625738533146,0.004266992138296797,-0.0944830974244758,1.1102230246251565e-15,49.0,16.0
40.0,0.2129430083530732,250.56712710972675,0.2807273735990568,0.06313895621669358,0.44118302196958104,0.01573858397323516,-0.5878449274054933,2.220446049250313e-15,49.0,24.0
40.0,0.20026623071697092,263.10148211161345,0.06873004202127178,0.02736279075279024,0.12112584368567893,0.02131952355947254,-0.03827196930224258,1.7763568394002505e-15,49.0,32.0
40.0,0.6189042666629341,676.5424633792094,0.05418190463198764,1.1250780131442435e-29,0.49229004683857785,0.044127663010455474,0.028304652181913137,4.218847493575595e-15,49.0,40.0
40.0,0.2513236804760718,288.33700534192604,0.08448589083630834,3.4944004251381016e-29,0.2085592420635864,0.019471527705931656,-0.061192980129754604,2.4424906541753444e-15,49.0,48.0
40.0,0.37483660053737117,265.0678166150702,0.09861884281618533,5.520946585262153e-30,0.28219197670051316,0.006450615151152845,-0.012424834130480178,2.275957200481571e-15,49.0,56.0
40.0,0.08160530851028178,264.6348963705969,0.19411105322968855,1.293863471521002e-29,0.22836098607489716,0.002259654928300608,-0.34312638572260457,2.1094237467877974e-15,49.0,64.0
40.0,0.045354516245858914,258.4037255352847,0.08549226928863218,2.87766080368916e-30,0.0858292666689753,0.0032375627097942,-0.12920458242154276,2.4424906541753444e-15,49.0,72.0
40.0,0.07494936959071151,247.2839846204015,0.06798103169705907,3.683376848219251e-30,0.06316919252304608,0.002880679417659849,-0.059081534047053505,1.1657341758564144e-15,49.0,80.0
40.0,0.06721020546189772,259.2443352544788,0.13575368778701016,3.396278502884926e-30,0.13594088131448062,0.0015380467989571745,-0.20602241043855024,1.817990202823694e-15,49.0,88.0
40.0,0.31982917116559484,262.7089866562131,0.2213570340165412,0.16605687006817405,0.13615272296091632,0.002010461198784416,-0.20574791707882112,1.5543122344752192e-15,50.0,8.0
40.0,0.19158796079265417,255.60929690265152,0.10448480435656939,0.1335977478529462,0.08945294336501144,0.006059852449333269,-0.14200738723120615,1.9984014443252818e-15,50.0,16.0
40.0,0.13459352107190053,308.1654452959127,0.06031491815657851,0.04880095196908393,0.0633875055412788,0.006996308742471476,-0.044906163337512184,1.5543122344752192e-15,50.0,24.0
40.0,0.7950226143953465,464.0442755255268,0.12296643407981223,0.020807161010252515,0.8551719468806502,0.01641025538325551,-0.22033318295862392,3.1086244689504383e-15,50.0,32.0
40.0,8.388611518253715,2636.648414188153,0.16956377286117896,1.1011170582968697e-29,12.324611340286758,0.43655948084579654,-4.542123075740019,1.0658141036401503e-14,50.0,40.0
40.0,0.2514845902130615,398.52796141570667,0.09086174800076013,1.4400953761821278e-29,0.2117912957835541,0.020989811384714223,-0.07215826495596694,3.3306690738754696e-15,50.0,48.0
40.0,0.249118828313721,282.00720258795013,0.12346048703069637,9.496742038166408e-30,0.3221570333456615,0.006441773246158277,-0.20294046530879511,2.1649348980190553e-15,50.0,56.0
40.0,0.06147897397165747,255.39970787687585,0.07834936276578756,3.941535662576725e-30,0.09442374144286816,0.003237860693598763,-0.11453199093059702,1.7208456881689926e-15,50.0,64.0
40.0,0.043160714296154326,254.94902056129672,0.056639399519666817,9.83937804385888e-30,0.06479416592718691,0.0024720152345305653,-0.08074486638522997,1.6653345369377348e-15,50.0,72.0
40.0,0.04610040553187028,255.1020463808767,0.08124597452772928,7.576461101188408e-30,0.06788218890393331,0.0017676219094805495,-0.10479537980927287,1.887379141862766e-15,50.0,80.0
40.0,0.04898331456214427,241.9731118052508,0.11515064931179758,1.8761005293743496e-29,0.08073115395023639,0.0017480724641586154,-0.1486465611640483,1.5543122344752192e-15,50.0,88.0
40.0,0.25688203243519336,244.25705916281592,0.07966592515062965,0.25172149122295817,0.042999986315547155,0.005338622092615569,-0.12284399234655718,1.2212453270876722e-15,51.0,8.0
40.0,0.16210835008217184,277.1666087016127,0.06382163524548863,0.09153886508217235,0.044245290325350066,0.003086959740575306,-0.040584400311414526,1.1102230246251565e-15,51.0,16.0
40.0,0.15977241178222015,325.6081898551842,0.12412954436742937,0.05282241751996919,0.13770471769688403,0.004472992904240052,-0.1593572607063025,1.3322676295501878e-15,51.0,24.0
40.0,0.1306202034459068,309.81326522506015,0.0918758555503533,0.011106805681701535,0.15838476317595168,0.007892739094517924,-0.13863996005661766,1.9984014443252818e-15,51.0,32.0
40.0,3864.4238852335466,79204.60172956734,0.08183578486580258,1.2940715666305666e-26,3153.558001885661,36.52753166478003,674.2565158982397,4.831690603168681e-13,51.0,40.0
40.0,0.1449172830363113,344.9546023528281,0.11166619058941542,6.417014478708424e-30,0.15448977081155285,0.018036911887401134,-0.1392755902520581,2.886579864025407e-15,51.0,48.0
40.0,0.12254871561899497,250.8468378540877,0.06760226283307107,1.1697755637799184e-30,0.10021693101206286,0.00657369979242773,-0.051844178018566694,1.9984014443252818e-15,51.0,56.0
40.0,0.10370089254042926,273.2686484875759,0.2264952652114406,8.54509113358593e-31,0.24750054812570418,0.007848832128044483,-0.37814375292476,1.790234627208065e-15,51.0,64.0
40.0,0.08488695859841841,264.4869058739772,0.1191164600934049,8.023789411112025e-31,0.10766748607609058,0.003272458238690329,-0.1451694458097674,1.2212453270876722e-15,51.0,72.0
40.0,0.06995391149782079,233.2835416367008,0.06536150835466725,1.994256375068174e-30,0.043894206139934486,0.002564241926155829,-0.041866044922936774,1.3322676295501878e-15,51.0,80.0
40.0,0.050663695874466175,252.3050172196894,0.08497459491734138,5.122977444652419e-31,0.08771887965874803,0.0022943833697370852,-0.12432416207136032,1.1934897514720433e-15,51.0,88.0
40.0,0.4278859006379116,254.40533420518395,0.07375075206345934,0.22789044064278663,0.020971037476566104,0.002072426368303069,0.10320124408679648,1.3322676295501878e-15,52.0,8.0
40.0,0.24663401827240006,251.46973193448608,0.09403207276444212,0.0902626137650602,0.08096983348956982,0.00236878396352144,-0.020999285710193494,1.0547118733938987e-15,52.0,16.0
40.0,0.15675460238003375,299.04649977794645,0.03692082574666031,0.09585675370831476,0.11725921459220473,0.011643910539081821,-0.10492610220622789,1.3322676295501878e-15,52.0,24.0
40.0,0.16166161027643106,309.46858381618034,0.13766069560851205,0.025812793207836845,0.1607363030044247,0.02441752206279111,-0.18696570360713366,3.3861802251067274e-15,52.0,32.0
40.0,7.8647108008302125,3087.9148721417505,0.055826208194838606,3.000645498178473e-29,6.264041992721697,0.1653153434435394,1.379527256470138,2.1316282072803006e-14,52.0,40.0
40.0,0.23732623525424207,342.56564661068705,0.2554447006042748,7.80119250630625e-30,0.3584916868750355,0.014760463418545346,-0.3913706156436136,2.0261570199409107e-15,52.0,48.0
40.0,0.08036554376355279,267.5122461107146,0.07010727384176352,1.251931540699558e-30,0.07178938205702616,0.008270924130347775,-0.06980203626558468,2.1094237467877974e-15,52.0,56.0
40.0,0.11147224899006862,246.42156975116748,0.10310973946987251,2.7243867285762157e-30,0.10510293401655016,0.004559985214337105,-0.10130040971069114,1.3322676295501878e-15,52.0,64.0
40.0,0.04699116743308117,255.61588812410037,0.08519302359305818,5.5410872356519465e-30,0.08061730707420797,0.004902240230411798,-0.12372140346459677,1.887379141862766e-15,52.0,72.0
40.0,0.041067874508124054,242.16506622423324,0.042766860177186686,2.0549169560994607e-29,0.04162609871301669,0.0018491744459708094,-0.04517425882805013,1.8596235662471372e-15,52.0,80.0
40.0,0.057572786197144045,243.28720601298684,0.18079929780630172,3.9182731045795914e-30,0.22903441939437946,0.0019218659795772692,-0.3541827969831144,1.9984014443252818e-15,52.0,88.0
40.0,0.1932287206729732,252.3121221943137,0.06193519855479873,0.1683319476609037,0.035089290714361385,0.003954968349868716,-0.07608268460695933,1.3322676295501878e-15,53.0,8.0
40.0,0.24693418765993091,250.76045479235694,0.04516409732079372,0.13608061600351568,0.021214991573663182,0.002703070014467352,0.041771412747490994,1.1102230246251565e-15,53.0,16.0
40.0,0.1235370450826963,293.8375558824025,0.07661268889660813,0.04730183319819284,0.0605837644694025,0.007345944052355709,-0.06830718553386286,2.4424906541753444e-15,53.0,24.0
40.0,0.13881344891815042,294.56581419249136,0.0635607500186926,0.022140386718930018,0.11919676862563414,0.007177280246748147,-0.07326173669185448,1.887379141862766e-15,53.0,32.0
40.0,86.60379599959109,26274.17516943676,0.07779839580501129,2.2596260272451595e-26,4.177592395164266,55.300785647431,27.047619561190807,9.592326932761353e-14,53.0,40.0
40.0,0.3151007886414442,384.34316288437236,0.11735194567931825,6.2506363001135486e-30,0.36036062215420256,0.012908152574152993,-0.1755199317662296,3.0531133177191805e-15,53.0,48.0
40.0,0.31162204622127704,267.4800081609193,0.1879085479489415,1.0504087976076874e-29,0.3857123731780247,0.00575750910547807,-0.26775638401116725,1.7763568394002505e-15,53.0,56.0
40.0,0.0791836071494039,284.8200721564907,0.11409842184393112,2.6653657377675887e-30,0.13761963854760437,0.0036894693508749666,-0.17622392259300654,2.3314683517128287e-15,53.0,64.0
40.0,0.06063854580079104,256.94283932240904,0.07988809996399605,1.3463878770549244e-29,0.08072225906957924,0.0019087466757515103,-0.10188055990853576,1.7763568394002505e-15,53.0,72.0
40.0,0.09364760485590695,256.60931981394293,0.14703303953351837,3.571455175639857e-30,0.1740278248251257,0.003077815880765873,-0.230491075383503,1.6653345369377348e-15,53.0,80.0
40.0,0.034693944014954195,253.616409637099,0.04337317441876272,1.0794212130513517e-30,0.03584360493632766,0.001996287416803452,-0.04651912275693963,2.7200464103316335e-15,53.0,88.0
40.0,0.167510374295363,233.53348318242124,0.05282197746591691,0.153761112825131,0.030936717496096132,0.0010505496845063269,-0.07105998317628737,1.5543122344752192e-15,54.0,8.0
40.0,0.18697919729781298,259.7896936375795,0.10540085200450303,0.07207142569472384,0.18082822620172298,0.0038544462933842744,-0.17517575289652115,1.4432899320127035e-15,54.0,16.0
40.0,0.10276287915190793,235.4916369614573,0.08519242283175832,0.05355832218340459,0.07229730993442753,0.007093664274590281,-0.11537884007227278,1.4710455076283324e-15,54.0,24.0
40.0,0.0747954299049452,308.49365293997243,0.07558479304583646,0.013606320102181109,0.10894621214922247,0.015490659742767424,-0.13883255513506226,2.3592239273284576e-15,54.0,32.0
40.0,0.12795716761584103,1871.3634087915507,0.06311579918854096,9.520489216273889e-30,0.42062623547949357,0.19361067614915775,-0.5493955432013513,1.0269562977782698e-14,54.0,40.0
40.0,0.29411176428190455,300.6939186351046,0.13558095265556097,4.0086736810701174e-30,0.23717153967865365,0.02052102996249261,-0.0991617580148027,2.6922908347160046e-15,54.0,48.0
40.0,0.10988972186502477,266.11140815032417,0.20963539277621276,9.044784917420793e-31,0.27820950753618207,0.005766021895079236,-0.3837212003424493,3.247402347028583e-15,54.0,56.0
40.0,0.06287428860838269,269.1687414345023,0.08844228760520365,1.883040516584533e-30,0.06742396282114893,0.004596651001022092,-0.09758861281899199,1.762479051592436e-15,54.0,64.0
40.0,0.08067301144073624,252.452062346621,0.10070084991971265,1.961975213155176e-30,0.10932186919844197,0.0028831815524896203,-0.132232889229908,1.8318679906315083e-15,54.0,72.0
40.0,0.05902552102047079,251.04583968794543,0.11622505385114569,7.393293651164567e-30,0.13534325373213352,0.003337809959312944,-0.19588059652212134,1.4432899320127035e-15,54.0,80.0
40.0,0.035981947065104186,245.82601103022026,0.12443522545421726,2.410925458416576e-29,0.10577603796297945,0.003079922118366955,-0.19730923847045947,3.4416913763379853e-15,54.0,88.0
40.0,0.2276325363310088,222.33727848407915,0.05051790660772211,0.1613026367443135,0.0060875749903829095,0.0008218064684573416,0.008902611520132941,1.3322676295501878e-15,55.0,8.0
40.0,0.11348819031322199,225.46003771469097,0.21087581603251254,0.13349259503150884,0.2375188459537192,0.001441471709239073,-0.4698405384137576,1.27675647831893e-15,55.0,16.0
40.0,0.17945618490491344,267.0036821941582,0.07072509637159072,0.0642841252758396,0.10884167263877272,0.007290613246652532,-0.07168532262794214,1.3322676295501878e-15,55.0,24.0
40.0,0.10276319483086824,304.1409752470993,0.03812599404307114,0.02433562391774539,0.05975780869256478,0.019163466775717654,-0.03861969859823072,1.942890293094024e-15,55.0,32.0
40.0,0.5077739075626535,878.4216290540184,0.09744080375941438,1.0790154000159637e-29,0.30203660584954595,0.03375035566743456,0.07454614228625861,4.884981308350689e-15,55.0,40.0
40.0,0.17647752249083148,510.63075699723976,0.11738096176561578,9.093388134874901e-31,0.17611663161911906,0.07252570948978623,-0.18954578038368958,2.4424906541753444e-15,55.0,48.0
40.0,0.03982435688791326,256.2702173425318,0.06489675702122016,9.639741191551154e-31,0.07669952262037934,0.00734541568319267,-0.10911733843687892,2.192690473634684e-15,55.0,56.0
40.0,0.08895514260625895,245.8546901178107,0.10433347343464472,2.8878034349047755e-30,0.1421236735998789,0.002144777235187378,-0.15964678166345206,2.55351295663786e-15,55.0,64.0
40.0,0.06487020871664806,245.90266296519852,0.050072094663198494,1.9586273052375584e-30,0.05856302484163471,0.006678303463809517,-0.05044321425199466,1.887379141862766e-15,55.0,72.0
40.0,0.07862399919630675,276.91097115350846,0.11478934807889177,8.692490058479151e-31,0.07415947258402539,0.0033369155168453037,-0.11366173698345572,1.6653345369377348e-15,55.0,80.0
40.0,0.08850126266678543,251.3509899156797,0.1501977998689733,3.358390826578695e-30,0.14262564164598496,0.002137523245719108,-0.20645970209389192,1.4988010832439613e-15,55.0,88.0
40.0,0.26829036261376527,229.87147593036755,0.1128166698272024,0.1374760308227826,0.03868010903009615,0.002372312223015597,-0.023054759289331483,9.992007221626409e-16,56.0,8.0
40.0,0.2618583873977699,268.5651274197096,0.09084415518919495,0.170688989979921,0.08529106494597086,0.005066803392213553,-0.09003262610953044,1.3322676295501878e-15,56.0,16.0
40.0,0.1557438601785194,279.57153113787854,0.07811393542238265,0.06579168865497295,0.0648116251417197,0.0036476074535098167,-0.05662099649406571,1.7763568394002505e-15,56.0,24.0
40.0,0.16498147034672575,360.36834045463644,0.09982505490737002,0.035979649496456614,0.19139241198948825,0.006921724966546092,-0.16913737101313522,2.55351295663786e-15,56.0,32.0
40.0,13.541735941478347,1584.5300909166026,0.1206661775771355,1.0513348557147898e-29,13.132465862554504,0.049066387582415355,0.2395375137642919,1.0658141036401503e-14,56.0,40.0
40.0,0.22490324861644578,293.2894566348373,0.10620447155457463,1.2177773195774375e-29,0.3324408060043788,0.004402651861614789,-0.21814468080412247,2.9837243786801082e-15,56.0,48.0
40.0,0.09668010762671037,276.8097062947685,0.0611425808734652,3.8410534863043375e-30,0.1055859115898908,0.006529279667053781,-0.0765776645036994,1.9984014443252818e-15,56.0,56.0
40.0,0.11643602103281617,244.2934959554116,0.08211244775942661,1.009878155922515e-29,0.15650869143532858,0.0038046777376038684,-0.1259897958995429,2.400857290751901e-15,56.0,64.0
40.0,0.0495167547764473,266.09110551292576,0.05385004143048017,9.589612509384731e-31,0.06215742576321273,0.003913464798538196,-0.07040417721578379,2.0816681711721685e-15,56.0,72.0
40.0,0.04645421917588799,248.50881069798666,0.06138894387855845,1.705441059407419e-30,0.04899040212525094,0.004546493855701911,-0.06847162068362331,1.2212453270876722e-15,56.0,80.0
40.0,0.0711644028694268,247.36588530738683,0.16575939329345413,1.4858971341148995e-30,0.19250097003495353,0.0010869789555694146,-0.2881829394145503,1.3877787807814457e-15,56.0,88.0
40.0,0.18951395957122597,288.82474000316824,0.12299103548933672,0.12385511188755155,0.08718378099373915,0.0013680835004635436,-0.145884052299865,8.881784197001252e-16,57.0,8.0
40.0,0.13581716530521054,237.64786320516524,0.13048909726311647,0.06746521714107655,0.07500493551139029,0.0033303767384624964,-0.1404724613488353,1.304512053934559e-15,57.0,16.0
40.0,0.18328064301758015,289.38050921457966,0.08236325918112478,0.03977284025562697,0.14080761778381617,0.005871812663224825,-0.0855348868662126,1.942890293094024e-15,57.0,24.0
40.0,0.1091577774595032,263.2009080632342,0.06523970229979002,0.020415776249098808,0.09051284320363451,0.016627798381201674,-0.08363834267422182,1.942890293094024e-15,57.0,32.0
40.0,5.765935756365783,3428.206711401415,0.12749717115090306,7.475707824554327e-29,7.539777295095837,0.31539194820230615,-2.2167306580832626,2.1316282072803006e-14,57.0,40.0
40.0,0.14795022682765285,334.4518225800537,0.1722056221995316,1.9749912413980102e-30,0.2944379329906552,0.01045844459727389,-0.3291517729598078,2.220446049250313e-15,57.0,48.0
40.0,0.13051856164290554,296.6276505048836,0.06959263770219581,2.828117479953458e-30,0.1539973930998932,0.005715320440009391,-0.09878678959919285,2.0539125955565396e-15,57.0,56.0
40.0,0.09267125506237436,233.16761485226965,0.06826416531444379,1.949021478289829e-29,0.09614502592118224,0.007536142140832125,-0.07927407831408378,1.6792123247455493e-15,57.0,64.0
40.0,0.03479023931904787,250.90893729579903,0.041284862253821,2.840482788206408e-29,0.04043275422373612,0.0027159901567910933,-0.049643367315300335,1.4155343563970746e-15,57.0,72.0
40.0,0.025929796981460668,245.25866853786135,0.044011201324794746,5.209945442789754e-30,0.0510184456358581,0.003505439116898974,-0.07260528909609115,2.3037127760972e-15,57.0,80.0
40.0,0.08406487708744427,238.29659276805424,0.27895014081162167,5.499134927535647e-30,0.28251833393047965,0.002690081486338749,-0.48009367914099577,1.5543122344752192e-15,57.0,88.0
40.0,0.22757574416075788,237.02613107777475,0.04930873067495766,0.16528832492777318,0.02063059085864726,0.00041302189725806013,-0.008064924197878298,1.3322676295501878e-15,58.0,8.0
40.0,0.171771096024201,262.3720129443216,0.1387600999890971,0.10503819955787391,0.16472875952515253,0.0038383707684905774,-0.24059433381641315,9.992007221626409e-16,58.0,16.0
40.0,0.2668737798543539,368.6193037039245,0.11771165350947962,0.08750767960651404,0.2526088045427868,0.004363801739976133,-0.19531815954440268,1.2212453270876722e-15,58.0,24.0
40.0,0.10034707878771033,332.86172288041763,0.05523509986757675,0.02746900424573835,0.1200038330109021,0.029831185067787272,-0.13219204340429414,2.831068712794149e-15,58.0,32.0
40.0,6.493089557579808,46253.24948608566,0.09506352914218041,6.458706764494888e-27,78.40958115286759,105.66969345633579,-177.68124858076575,2.7622348852673895e-13,58.0,40.0
40.0,0.21183817236733743,575.0285563044987,0.06425846490065211,3.1217318057265963e-29,0.2773349417342277,0.011132763396761806,-0.14088799766430415,3.4416913763379853e-15,58.0,48.0
40.0,0.06958236248577912,286.2848017930693,0.0532563730731052,5.198348579107807e-31,0.06110125532874988,0.0032844215733161828,-0.04805968748939214,2.609024107869118e-15,58.0,56.0
40.0,0.09220113575964746,260.8057344352511,0.326410400841453,5.5207909180162725e-30,0.40624828304401106,0.0024292710126213703,-0.6428868191384379,2.220446049250313e-15,58.0,64.0
40.0,0.04379760921523728,265.73502380791626,0.0544337419258365,2.5904520153802132e-30,0.05160730431827611,0.0027118585749565773,-0.0649552956038319,1.8596235662471372e-15,58.0,72.0
40.0,0.05258821586779178,260.1795642617592,0.23537490794452887,1.3692117120659207e-29,0.22492635926900117,0.0052259338397567185,-0.412938985185495,1.4988010832439613e-15,58.0,80.0
40.0,0.06059285288058812,259.1168114282186,0.14337389377175755,4.237075222961074e-30,0.2033385162961598,0.0018422096724830497,-0.28796176685981223,2.8033131371785203e-15,58.0,88.0
40.0,0.2224960328629543,208.2144812620768,0.10982951837059533,0.09984011271129217,0.018919172031012507,0.00032387743345739105,-0.006416647683403109,1.5543122344752192e-15,59.0,8.0
40.0,0.1468154272661469,228.71550282877598,0.11508570732756115,0.05308224210826848,0.08969491959628474,0.0019773905033189333,-0.11302483226928642,1.5959455978986625e-15,59.0,16.0
40.0,0.17696119624522993,244.4657095875684,0.08089103083327787,0.05302182727804891,0.09098773051558581,0.0023178419840778762,-0.050257234365760545,1.3322676295501878e-15,59.0,24.0
40.0,0.5722697679954578,513.2097444774669,0.08747692158117482,0.035726419859177246,0.6154879395940379,0.022830874940416475,-0.18925238797934862,1.9984014443252818e-15,59.0,32.0
40.0,1.38224591048731,7277.94794942807,0.0803437473025987,3.4809708783069733e-28,4.938580415086714,1.4354991884557418,-5.072177440357745,4.218847493575595e-14,59.0,40.0
40.0,0.27846263615626343,288.56383794416075,0.16683621198013582,2.783582051003865e-30,0.3221136456484275,0.011807282304672215,-0.22229450377697213,3.3861802251067274e-15,59.0,48.0
40.0,0.2402893830378483,286.6738247819979,0.09108660886701311,1.118199111999688e-30,0.22726472632920178,0.010902428874560915,-0.08896438103292753,2.1094237467877974e-15,59.0,56.0
40.0,0.11416711987313362,255.26028522968198,0.10989968365783762,2.2643567142496798e-30,0.1157123675141973,0.0060853854198597,-0.117530316718761,1.7208456881689926e-15,59.0,64.0
40.0,0.12657665678298374,244.23992704634526,0.13943637127421002,5.936404173998767e-31,0.13834776477693428,0.0014761314070020244,-0.15268361067516256,1.7763568394002505e-15,59.0,72.0
40.0,0.0747820191084145,246.9508180560873,0.1335644235950511,6.750439667994007e-31,0.13016665181212195,0.002466660454873464,-0.19141571675363203,1.609823385706477e-15,59.0,80.0
40.0,0.04620775111298579,255.75441485249954,0.1272606355857938,1.2895845171731035e-30,0.12045149800771857,0.0033599159775280574,-0.20486429845805465,1.3322676295501878e-15,59.0,88.0
40.0,0.29491520633153123,253.29087615858066,0.07764096712427312,0.1741080094737401,0.05712715974111508,0.0009601891470362887,-0.0149211191546334,1.1102230246251565e-15,60.0,8.0
40.0,0.20653215696212862,249.24915254721353,0.11958608709876789,0.09579767936068888,0.04810387585871608,0.007045375951518225,-0.06400086130756244,1.3322676295501878e-15,60.0,16.0
40.0,0.160136600470255,268.006866879922,0.11054828929141035,0.04102503666041432,0.16215616295874125,0.008170272894963398,-0.16176316133527432,2.0539125955565396e-15,60.0,24.0
40.0,0.17935239511258577,325.9457820446063,0.13845025922510854,0.020845530398228108,0.2768437168702331,0.012307046191636969,-0.26909415757262095,2.1094237467877974e-15,60.0,32.0
40.0,3.8167026053504816,1838.7289303405998,0.0884582132274632,5.68305298457856e-29,5.4040172672643605,0.620609656000486,-2.296382531141828,1.0658141036401503e-14,60.0,40.0
40.0,0.16501147230610097,303.91372112536413,0.09326813022959435,2.0899695350680183e-29,0.2666817107912153,0.014540514747124436,-0.20947888346183308,1.9012569296705806e-15,60.0,48.0
40.0,0.05380723709812179,266.5050700744238,0.09374252848820369,1.5153371135554002e-29,0.09094599501822703,0.013188631045665228,-0.14406991745397416,1.915134717478395e-15,60.0,56.0
40.0,0.0540732956156457,274.03730632757043,0.059646699023443835,3.2688149569544666e-30,0.08204456742854957,0.003402380869081965,-0.09102035170542969,1.8596235662471372e-15,60.0,64.0
40.0,0.060626455527713986,268.3781785901149,0.09721527274659478,9.469026625795178e-30,0.11947521443658596,0.0034171556812714835,-0.15948118733673824,1.4988010832439613e-15,60.0,72.0
40.0,0.05794025376815185,253.7219223012547,0.16007307179320177,7.319630836373776e-31,0.20035503497981233,0.003454204449420864,-0.3059420574542831,1.27675647831893e-15,60.0,80.0
40.0,0.018275116130573355,252.41556758615937,0.019695252363699497,1.2793204506910543e-30,0.016723462904821018,0.003110548241296491,-0.021254147379243655,2.525757381022231e-15,60.0,88.0
40.0,0.17292653997094393,220.68489125698872,0.06865449643022209,0.12937811822734302,0.05697218693163604,0.0007043835833294074,-0.08278264520158662,1.1102230246251565e-15,61.0,8.0
40.0,0.22034904773438002,300.8837348434271,0.08344322415765185,0.10216944291098276,0.041867618638916415,0.0024482240336990853,-0.009579462006870099,9.992007221626409e-16,61.0,16.0
40.0,0.2820441343655998,258.8674942694411,0.13219517653557084,0.03485068167859025,0.2692216455087909,0.009371845692585277,-0.16359521504993751,1.7208456881689926e-15,61.0,24.0
40.0,0.4138547663924286,526.7603274178074,0.07654657059439215,0.042908563222027976,0.3008866457287942,0.015215128468954817,-0.021702141621740556,3.0531133177191805e-15,61.0,32.0
40.0,0.5459775011305568,3911.5089291549225,0.06456862946028279,5.515066991636098e-29,0.6288819091569525,0.9274023788478698,-1.0748754163345484,1.6653345369377348e-14,61.0,40.0
40.0,0.2562432097100019,314.4664787836848,0.1341011135346943,1.2323343112341794e-30,0.32882297670902516,0.018571046042785325,-0.2252519265765029,2.9976021664879227e-15,61.0,48.0
40.0,0.10236457020253002,251.71182403582458,0.18409009378848207,9.136694595240827e-31,0.21175815021211786,0.006427419939137426,-0.2999110937372073,1.7763568394002505e-15,61.0,56.0
40.0,0.09609719370488078,274.84363306332193,0.13977130925365375,1.1159848165830259e-30,0.14959732204318194,0.005122015397356431,-0.19839345298931133,1.9845236565174673e-15,61.0,64.0
40.0,0.06873718926031169,241.25149363333276,0.17573655990391193,1.825109104695178e-29,0.17053715513667006,0.0028858710084186828,-0.28042239678868897,1.4988010832439613e-15,61.0,72.0
40.0,0.049925682902070175,241.5134945948614,0.15715109097297902,1.815284469005101e-30,0.1260717611048524,0.0022923315594572174,-0.2355895007352185,1.7763568394002505e-15,61.0,80.0
40.0,0.12849421619112855,256.1273476365147,0.2874576331445624,1.0480358445498504e-30,0.2664853766001665,0.0020404220759335104,-0.4274892156295339,1.887379141862766e-15,61.0,88.0
40.0,0.29314773434975594,215.32210249730116,0.04919439179510414,0.18466339370944157,0.029620434402534014,0.0016918048396711177,0.027977709603005108,9.992007221626409e-16,62.0,8.0
40.0,0.21271024804299005,288.80926815268094,0.2133059855715183,0.06486920116342407,0.252076496870551,0.004518290870631745,-0.32205972643313513,1.8318679906315083e-15,62.0,16.0
40.0,0.2298056697468981,278.8017580764724,0.14613832443304114,0.06105057799449321,0.25080498053806305,0.006790191486665209,-0.23497840470536452,1.582067810090848e-15,62.0,24.0
40.0,0.2658370245575538,389.7636179665964,0.07377666476469175,0.026645877019897138,0.2104720922465711,0.006370243314897029,-0.0514278527885032,1.9984014443252818e-15,62.0,32.0
40.0,3.3168357721954926,3276.559441202104,0.07941152083446056,2.471823364198587e-29,4.197120399888312,0.3320252639620358,-1.2917214124893155,8.881784197001252e-15,62.0,40.0
40.0,0.2480536726948523,358.6907990734322,0.10983682370295292,3.017506796980926e-30,0.2919865602807566,0.010792442788538645,-0.16456215407739588,4.6629367034256575e-15,62.0,48.0
40.0,0.2912539180155238,262.4456937257178,0.08743506648000811,2.6650050040056522e-30,0.21213712982510757,0.009590962298730032,-0.017909240588321884,1.7763568394002505e-15,62.0,56.0
40.0,0.11875151386246964,275.2694500749925,0.2319932217136791,9.64733713819763e-30,0.27161059412633537,0.004749683737540836,-0.38960198571508564,2.1094237467877974e-15,62.0,64.0
40.0,0.05866567427674771,283.218020331441,0.055194132625720316,1.683534491770838e-30,0.07759979349044208,0.005335150951830636,-0.07946340279124531,1.7208456881689926e-15,62.0,72.0
40.0,0.023586572938580373,260.42006612334745,0.06526124432273485,1.5316825160363311e-30,0.07252975776543108,0.0015206941760949452,-0.1157251233256805,1.2212453270876722e-15,62.0,80.0
40.0,0.05162808332863522,266.3461007491714,0.0584095612357705,3.511854749243516e-30,0.05070049814507419,0.0028962544887514785,-0.06037823054096095,1.2212453270876722e-15,62.0,88.0
40.0,0.25869328937141567,267.406881145876,0.13156803168233416,0.15982672276653045,0.0717126728181425,0.0013513733770626713,-0.1057655112726541,8.881784197001252e-16,63.0,8.0
40.0,0.287731133496392,224.85594385543382,0.15919846554583217,0.07350317343188889,0.10355713105647715,0.003252903140879151,-0.051780539678685344,1.1102230246251565e-15,63.0,16.0
40.0,0.27308199671598854,250.01117724327275,0.2657300841936035,0.14143582419570533,0.18903441189526632,0.005252840670307655,-0.32837116423889423,1.4988010832439613e-15,63.0,24.0
40.0,0.30420218269133603,646.8862758834231,0.16054555383640512,0.01261938932008281,0.2791397930726244,0.006817248562436683,-0.15491980210021294,4.440892098500626e-15,63.0,32.0
40.0,0.4686928176986258,6902.339490550288,0.10226583744568782,1.0965428444326546e-28,1.142771481330594,0.39813887101243306,-1.1744833720900891,2.7977620220553945e-14,63.0,40.0
40.0,0.15782142244157066,293.7126604868335,0.12975037422648916,3.1854893097428714e-30,0.15728602875223582,0.012902663545160932,-0.14211764408231525,2.1649348980190553e-15,63.0,48.0
40.0,0.04303947585142538,285.46337646080246,0.10598267532556613,1.6476700201648238e-29,0.1263286199738004,0.007967935408000875,-0.19723975485594203,2.095545958979983e-15,63.0,56.0
40.0,0.0995041047030446,266.7158406295222,0.13078429561656496,7.54755155170519e-30,0.1567614045205933,0.00636575665907613,-0.19440735209318982,1.8318679906315083e-15,63.0,64.0
40.0,0.08186623404789417,243.3268151265762,0.08240394074858233,2.3768274576900676e-30,0.10344444630099181,0.0060579567808210204,-0.11004010978250098,1.3877787807814457e-15,63.0,72.0
40.0,0.09250462587618857,265.06976466312,0.14182632746877702,1.5613516371081206e-30,0.16354162188975607,0.0029484317536802463,-0.21581175523602475,1.8596235662471372e-15,63.0,80.0
40.0,0.05650323901828934,253.46060344842735,0.16691305622805702,7.503176436127279e-30,0.14962202548767578,0.0018341881138317765,-0.26186603081127524,1.6653345369377348e-15,63.0,88.0
40.0,0.2411275503208859,241.7139122824162,0.062216725149496145,0.16120517915589758,0.046804662063858846,0.0011479347941181868,-0.030246950842484854,1.3322676295501878e-15,64.0,8.0
40.0,0.14942032287469215,256.6901067084721,0.07557446461840112,0.06963411011748019,0.08029926301375462,0.004140023039561219,-0.08022753791450499,1.2212453270876722e-15,64.0,16.0
40.0,0.29490326888432494,307.5163736444779,0.1453344575661208,0.03310007997912993,0.35170444318210464,0.0038338364718344627,-0.23906954831486493,1.9984014443252818e-15,64.0,24.0
40.0,0.16262193111536355,339.3866699221028,0.053766783063872475,0.013644689758337113,0.16294272630065737,0.007023120781223524,-0.07475538878872692,2.6645352591003757e-15,64.0,32.0
40.0,0.8572286600475271,1768.4878133324714,0.13338139226115475,1.3720234195970537e-29,1.283095844536597,0.20973772478998431,-0.7689863015402091,9.325873406851315e-15,64.0,40.0
40.0,0.19879759670090763,311.59724022179654,0.10552612957304447,2.287639510230244e-29,0.21360546685651166,0.036154585122127464,-0.156488584850776,1.9984014443252818e-15,64.0,48.0
40.0,0.09221246064830238,284.08278235083515,0.13106156798658905,4.6679014808909755e-30,0.20560019873751012,0.005353347774890863,-0.24980265385068764,2.609024107869118e-15,64.0,56.0
40.0,0.060062224346968875,254.40601141131643,0.16383908281044046,1.2494984363415089e-29,0.1622770725780791,0.004597954354372426,-0.2706518853959231,1.9359513991901167e-15,64.0,64.0
40.0,0.08805006821792385,265.9927061335521,0.17751567682710134,4.924214097236737e-30,0.14282674517078767,0.006152439557321026,-0.23844479333728616,1.9984014443252818e-15,64.0,72.0
40.0,0.049872260794204454,251.77603637647073,0.09043014425664297,1.717493437146964e-30,0.09269405069480821,0.0023124052498916165,-0.13556433940713836,1.6653345369377348e-15,64.0,80.0
40.0,0.058394665118376744,237.63864592229004,0.06205144454216346,4.9589476226283755e-30,0.060028213441771935,0.0029614668288698437,-0.0666464596944285,1.762479051592436e-15,64.0,88.0
40.0,0.19258885364136433,231.97332310498857,0.08519045130024515,0.23198742422178742,0.03616093564891423,0.002368691572271174,-0.16311864910185367,8.881784197001252e-16,65.0,8.0
40.0,0.24597595226110092,333.4627604601848,0.11594622925680367,0.10111324938049901,0.1091745527993751,0.007665010466676654,-0.08792308964225354,1.5543122344752192e-15,65.0,16.0
40.0,0.13977677752639311,239.7050525308565,0.08500189196464517,0.06351473239283782,0.0840279998651588,0.001557645835631173,-0.09432549253187986,1.1657341758564144e-15,65.0,24.0
40.0,0.1186033010352068,305.69582783347056,0.12637329662428623,0.01039037986428407,0.2653605454021484,0.00964080433047865,-0.2931617251859905,1.7763568394002505e-15,65.0,32.0
40.0,3.837994207272368,813.7795492350896,0.2754984992827946,9.70369305235079e-30,3.2412343678814706,0.08986707212541103,0.23139426798269147,7.549516567451064e-15,65.0,40.0
40.0,0.2093767128218954,706.8196266840876,0.06609352509928029,4.5919574285469745e-30,0.1816491354372741,0.027003783758768808,-0.06536973147342778,3.3306690738754696e-15,65.0,48.0
40.0,0.12038868099507577,249.96513706412335,0.19251577882081033,1.1343104394430231e-29,0.23026628723755338,0.005650471672395263,-0.3080438567356832,1.9984014443252818e-15,65.0,56.0
40.0,0.08360974750249794,249.906546563897,0.06092826825961177,1.4530243380469307e-30,0.09555060752489743,0.004172264150393399,-0.07704139243240465,1.4432899320127035e-15,65.0,64.0
40.0,0.16412991969841695,275.86991579749855,0.19268465023418183,1.681685946152432e-29,0.28660835042837257,0.0024625161720586096,-0.31762559713619604,1.5543122344752192e-15,65.0,72.0
40.0,0.05692300328819984,255.7597915105034,0.06051398587050818,6.411965728407787e-30,0.058273285057027994,0.003227554274800793,-0.06509182191413712,1.9359513991901167e-15,65.0,80.0
40.0,0.036532654950667307,246.46522222271133,0.06783560675580828,2.5539680511802334e-30,0.0641680385043848,0.00222777116251675,-0.09769876147204253,1.9984014443252818e-15,65.0,88.0
40.0,0.2761259786654571,210.28626666615975,0.05506613116910533,0.20707994185864165,0.040529402300977804,0.0010901939939303306,-0.02763969065719807,9.992007221626409e-16,66.0,8.0
40.0,0.2349451160817609,251.52688951324953,0.15953130754716474,0.13586707784955598,0.11273712446499279,0.0029792497787755837,-0.1761696435587282,1.1102230246251565e-15,66.0,16.0
40.0,0.08959570139425072,260.6374265387965,0.09726477581489619,0.03925139720424415,0.0843804231585473,0.009887422540551315,-0.14118831732398823,1.609823385706477e-15,66.0,24.0
40.0,0.3351748572460137,281.92790901199373,0.06411324844080982,0.013299786876975986,0.2533221924969321,0.009938714171202219,-0.005499084739906401,2.3037127760972e-15,66.0,32.0
40.0,91.54894897789902,9810.028393257471,0.04128006171134764,8.76938065594999e-28,37.394466860992665,12.001355732192124,42.11184632300288,8.526512829121202e-14,66.0,40.0
40.0,0.22829556514408667,405.67841683166023,0.08335649825428801,3.8973076780463956e-30,0.24444914826237843,0.014795074816538977,-0.11430515618911874,2.55351295663786e-15,66.0,48.0
40.0,0.11342719296719019,248.64548627131614,0.13534102582112492,1.703285300643718e-29,0.15532416095408325,0.004979476290059113,-0.1822174700980771,1.8041124150158794e-15,66.0,56.0
40.0,0.07181603677602093,277.26333184230754,0.05169809211844362,1.2944421719410058e-30,0.0817426984178713,0.003380389427753971,-0.06500514318804797,1.887379141862766e-15,66.0,64.0
40.0,0.048192131433054716,240.05373407256934,0.09548606030430921,2.522389884829276e-30,0.10461489151432499,0.0022348281446767657,-0.15414364853025625,2.4702462297909733e-15,66.0,72.0
40.0,0.13568558389782642,251.36145460270095,0.29752780116730104,3.7905335151093244e-30,0.28268770386515385,0.00242784319996937,-0.44695776433459783,1.9984014443252818e-15,66.0,80.0
40.0,0.030075798159146256,264.7809214397999,0.05361920656537694,5.932307157016371e-30,0.039270227985401904,0.001219471514117972,-0.06403310790575056,1.817990202823694e-15,66.0,88.0
40.0,0.33626426654523733,217.00461856226468,0.10610198701281048,0.32514304492983176,0.023253201718507737,0.0011950538597209873,-0.11942902097563363,1.3322676295501878e-15,67.0,8.0
40.0,0.22127221767226712,231.79314559145735,0.13003878067600982,0.13900294084386774,0.11815769188060801,0.0019138035644535559,-0.167840999292672,1.5543122344752192e-15,67.0,16.0
40.0,0.18381540810292016,294.0207224503704,0.06898946079265561,0.05669596476163212,0.09585834386180928,0.006439990877995285,-0.04416835219117213,1.5543122344752192e-15,67.0,24.0
40.0,0.13574425999847797,429.46286262767643,0.07212792247975275,0.03813605452360091,0.1744592552901551,0.010750405056463309,-0.1597293773514941,2.3314683517128287e-15,67.0,32.0
40.0,0.6126654978092136,1361.4974699389584,0.23841922460452203,7.192821882326646e-29,0.44435881653205805,0.1778934508038203,-0.24800599413118674,6.439293542825908e-15,67.0,40.0
40.0,0.11682661715283668,331.3460059864778,0.04203599352283769,2.0183074663195086e-30,0.11798332516688079,0.015699885969758333,-0.05889258750664014,3.0531133177191805e-15,67.0,48.0
40.0,0.08926594687747628,258.3682054387268,0.08054529673048338,1.5823898304637674e-30,0.1580840838913515,0.010679176623230016,-0.1600426103675886,1.887379141862766e-15,67.0,56.0
40.0,0.048799002198341,252.25701599879287,0.047183303458432135,1.871322717141316e-30,0.05582571517246061,0.002394523805955938,-0.05660454023850769,1.8041124150158794e-15,67.0,64.0
40.0,0.07617281161506767,248.40381900342314,0.11651189650711964,1.3503413601703245e-30,0.14153761203781673,0.00369363341681591,-0.18557033034668463,1.8318679906315083e-15,67.0,72.0
40.0,0.07182868702813738,264.8320444667248,0.2060631599281877,3.818049156979774e-30,0.20767707727454632,0.0035395302972449994,-0.34545108047184164,1.4432899320127035e-15,67.0,80.0
40.0,0.0771559795699854,255.39780853400313,0.0735780728994522,8.15795536040339e-31,0.08735511983472649,0.0028911771600994797,-0.08666839032429277,1.9984014443252818e-15,67.0,88.0
40.0,0.262502731478891,315.42028205689735,0.07243744956574674,0.20052033108542994,0.01946267467073705,0.004707054705674224,-0.034624778548696944,1.2212453270876722e-15,68.0,8.0
40.0,0.23643707631731276,260.9527853638258,0.05750708385638636,0.22970200974134286,0.09077943580910679,0.0069437679163213304,-0.14849522100584456,1.9984014443252818e-15,68.0,16.0
40.0,0.32215645107795743,258.107994936692,0.09936523572161396,0.08518516018503786,0.13240260588104624,0.006546368333483106,-0.0013429190432237559,1.7763568394002505e-15,68.0,24.0
40.0,0.2486697840267067,470.23281203948625,0.28698727076082686,0.012633892320335332,0.6205573757003032,0.05231319363172396,-0.7238219483864827,2.942091015256665e-15,68.0,32.0
40.0,2.2698148337079,1845.0776742071987,0.07729695077250165,3.9190057768015426e-29,1.8712193943829325,0.07030874411192649,0.2509897444405391,2.1316282072803006e-14,68.0,40.0
40.0,0.2592434682833725,281.44580209774716,0.17970868019137068,2.021742148276897e-30,0.34461129674410673,0.010465601878716481,-0.27554211053082134,3.552713678800501e-15,68.0,48.0
40.0,0.13539535228852492,268.23086836819544,0.07977063470755413,3.8155228208991365e-30,0.15203427164341504,0.004293834330259612,-0.10070338839270387,2.0539125955565396e-15,68.0,56.0
40.0,0.11634139933350951,256.2720188449857,0.08391240117073168,1.5631682341409098e-29,0.13112357679567743,0.0047604495410842225,-0.10345502817398383,1.7763568394002505e-15,68.0,64.0
40.0,0.05942153140747638,262.5098653811953,0.07552980179035476,2.6340434106632526e-30,0.09232536328035562,0.0035635503959991575,-0.11199718405923315,1.5265566588595902e-15,68.0,72.0
40.0,0.07033501622683769,244.13500731234544,0.0718238133562108,2.650565676091889e-30,0.0699048905732744,0.0025271001071094762,-0.07392078780975697,1.5543122344752192e-15,68.0,80.0
40.0,0.028190538667725792,270.30082809688304,0.05451944675050244,7.269983608122819e-31,0.052924111939237996,0.0022138452554578748,-0.08146686527747252,1.5543122344752192e-15,68.0,88.0
40.0,0.27331631640494103,265.60042058422874,0.08092650703628373,0.2605879957831722,0.02341126560799467,0.0012368292097169665,-0.09284628123222655,7.771561172376096e-16,69.0,8.0
40.0,0.13542975118257458,250.28227211696296,0.05621260111381016,0.08337822239355083,0.023953449311226893,0.004801474980521457,-0.03291599661653477,8.881784197001252e-16,69.0,16.0
40.0,0.13474985299686792,264.61894526862795,0.24283473226855792,0.03824769026145534,0.29906340695170325,0.013890128761458634,-0.4592861052463072,1.5543122344752192e-15,69.0,24.0
40.0,0.4918899772676078,394.20565447639575,0.18433518144871364,0.010882501477585077,0.5124562558890571,0.02471427491989711,-0.24049823646764507,3.774758283725532e-15,69.0,32.0
40.0,1.295881943223702,1647.8662736354647,0.07906176231195808,1.2344987545599124e-29,1.5658003978341233,0.056483762855728675,-0.4054639797781079,8.215650382226158e-15,69.0,40.0
40.0,0.2069672334925046,293.5736491333355,0.23648873947194013,9.845364986096676e-31,0.39605966916177243,0.010231991627605467,-0.43581316676881343,2.4424906541753444e-15,69.0,48.0
40.0,0.11995640310928343,296.9310445523168,0.15046358022099807,3.0179074987860857e-29,0.17062609543426438,0.006150412999764104,-0.20728368554574314,1.9984014443252818e-15,69.0,56.0
40.0,0.06615762494502732,261.2022169505943,0.1273965450947368,9.616647479608371e-30,0.1442533690669608,0.004233945307521223,-0.20972623452419153,2.220446049250313e-15,69.0,64.0
40.0,0.0920811523051285,260.6623499314296,0.299414196485579,2.6552100309774873e-30,0.29355797813726814,0.0035786287942181612,-0.5044696511119368,1.8318679906315083e-15,69.0,72.0
40.0,0.08687706004343489,258.5948607339285,0.13819296171426604,1.5014383717218535e-30,0.1377192926303774,0.0038405865884172936,-0.19287578088962587,1.6653345369377348e-15,69.0,80.0
40.0,0.07192255263152408,265.41215701088765,0.3486625320672935,1.2187437187235712e-29,0.3608862232748153,0.002299422578926556,-0.6399256252895111,3.1086244689504383e-15,69.0,88.0
40.0,0.2559603449835824,238.93429961875987,0.12329158867229206,0.17172908539984422,0.09904846665086944,0.002632240032790315,-0.14074103577221364,1.1102230246251565e-15,70.0,8.0
40.0,0.2706772156476683,218.59144619643675,0.09792899197518806,0.16034870856187367,0.08833871483972858,0.0020199176844230794,-0.07795911741354511,1.3322676295501878e-15,70.0,16.0
40.0,0.21054110864514664,241.46107349713267,0.2295550810310671,0.03501471491633222,0.2037136042692579,0.00755896845950651,-0.26530126003101706,1.4988010832439613e-15,70.0,24.0
40.0,0.14353983336793408,320.8486457430281,0.041093377150218297,0.012975480921000877,0.0906346732394009,0.017871066920222604,-0.019034764862908615,2.1649348980190553e-15,70.0,32.0
40.0,9.163601406909518,5984.940456941027,0.17748000009644005,6.542044518242822e-29,4.628389239045642,1.1785522787841485,3.1791798889832865,2.5757174171303632e-14,70.0,40.0
40.0,0.16972163040880278,626.4971572249593,0.03810597056165911,1.4844291986690925e-29,0.26962109720412775,0.026547788267257538,-0.16455322562424163,3.9968028886505635e-15,70.0,48.0
40.0,0.16724311865300556,273.83801455944564,0.12916273156690738,3.7542370640226316e-30,0.2935925339979858,0.00625488908898676,-0.26176703600087436,1.887379141862766e-15,70.0,56.0
40.0,0.12862118071890688,260.68604634592396,0.08206830301503629,3.5527948432400214e-30,0.12368097649664582,0.003240873841226442,-0.08036897263400167,2.1094237467877974e-15,70.0,64.0
40.0,0.05586439974760041,264.0604475813747,0.08050301403297837,1.9023462194147804e-30,0.071771401746773,0.00505919731510789,-0.10146921334725886,2.768618667658984e-15,70.0,72.0
40.0,0.03789031450616912,260.05129536605614,0.04618830345266772,2.3462800659085565e-29,0.0420509602007894,0.002397523710292899,-0.05274647285758089,1.5265566588595902e-15,70.0,80.0
40.0,0.08726626960327906,266.66958259842767,0.18961536055662043,1.4846332024689335e-30,0.1891330199062777,0.0017316848204590148,-0.2932137956800781,1.6653345369377348e-15,70.0,88.0
40.0,0.31480588520010666,225.0990041469639,0.039151961359653376,0.324467899905339,0.024093681026706552,0.0020125701624349925,-0.07492022725402725,1.3322676295501878e-15,71.0,8.0
40.0,0.30519651589551317,241.2874496145585,0.06389089210716223,0.1702482193569163,0.040593606663403656,0.00613976577719181,0.024324031990839157,1.3739009929736312e-15,71.0,16.0
40.0,0.1638702246257389,244.72422696664873,0.05107278622697091,0.040418659489630145,0.10117184036186111,0.005339492273686215,-0.0341325537264095,1.5543122344752192e-15,71.0,24.0
40.0,0.41191097326380594,304.29487532831877,0.14093189437097575,0.047399432268702454,0.3113183825296393,0.011249600805861282,-0.0989883367113728,1.7763568394002505e-15,71.0,32.0
40.0,0.7441542987520275,1841.8328456794666,0.24431329576698368,1.6714137910274585e-29,1.1068127835623796,0.2589417437697795,-0.8659135243471152,1.4876988529977098e-14,71.0,40.0
40.0,0.1297687962029786,398.77373978503107,0.061618118175859285,3.556785273761889e-30,0.13253988048535373,0.006579052239003305,-0.07096825469723772,2.1371793224034263e-15,71.0,48.0
40.0,0.040408349580577804,260.5415892158874,0.05869659844514853,2.9575593258277497e-30,0.07379977969715143,0.006784656040768931,-0.09887268460249109,2.0539125955565396e-15,71.0,56.0
40.0,0.1533641019354816,261.6669449115039,0.1812766729204787,1.2384325515095183e-30,0.1971361395583863,0.0063464888366366054,-0.23139519938002,1.887379141862766e-15,71.0,64.0
40.0,0.07411027752736149,246.85563774946286,0.06928151082549394,1.040700303343401e-30,0.06281795590355255,0.005644288802315941,-0.06363347800400093,1.5543122344752192e-15,71.0,72.0
40.0,0.06841559720029498,243.93367552542236,0.21885182113672072,1.814746495020886e-29,0.244475266248798,0.002015009616101803,-0.39692649980132555,1.7763568394002505e-15,71.0,80.0
40.0,0.06280655882597053,244.11363014363636,0.07594862818773372,1.0405380942681145e-30,0.08408722298248564,0.0019908319707048743,-0.0992201243149537,1.7208456881689926e-15,71.0,88.0
40.0,0.25087794278580255,230.07252938446595,0.1375139160492394,0.10492988129132365,0.05704549444013613,0.0010138824750092808,-0.049625231469905884,1.1102230246251565e-15,72.0,8.0
40.0,0.23716245743113185,262.2343296880968,0.15349894082167212,0.08710259731981125,0.14049095092835423,0.0021708239800821132,-0.14610085561878788,1.1657341758564144e-15,72.0,16.0
40.0,0.1927195381600491,341.0005281596994,0.05170638015724201,0.04075533765409159,0.10952592420042075,0.006203050174434848,-0.015471154026140077,1.2212453270876722e-15,72.0,24.0
40.0,0.08385860684824875,286.60960535958884,0.034455912274804865,0.010619290670463289,0.09622225013321238,0.012732319292397569,-0.07017116552262936,1.609823385706477e-15,72.0,32.0
40.0,339.304707180211,29405.856060925566,0.1260413342022835,4.299155678364042e-27,181.94457595942362,23.610425516889745,133.62366436969535,9.237055564881302e-14,72.0,40.0
40.0,0.29178585256504386,406.9878471973598,0.10612198635600409,2.1937872043126662e-30,0.2896071593563141,0.01603421052653556,-0.11997750367380988,3.552713678800501e-15,72.0,48.0
40.0,0.044449063695429086,268.9923822154795,0.0646685139282208,7.548112057804891e-29,0.07424200783707785,0.0044786248541430415,-0.0989400829240126,3.0531133177191805e-15,72.0,56.0
40.0,0.09043961902977742,245.26901095261383,0.08057105510043597,4.16028008933129e-30,0.12534167759814444,0.0024837916706094906,-0.11795690533941249,1.3600232051658168e-15,72.0,64.0
40.0,0.1278562748267213,245.51185996861068,0.2377645017867004,2.3312657637074364e-30,0.23735089707737322,0.0027067358198096924,-0.349965859857162,1.7763568394002505e-15,72.0,72.0
40.0,0.1012187594234838,255.1877139268199,0.0978959485948708,2.306190848811446e-30,0.09421474747375816,0.002995425622205665,-0.09388736226735084,1.9984014443252818e-15,72.0,80.0
40.0,0.10141143649774409,242.7799799511187,0.1755369393961323,2.0687322936891293e-30,0.2007680600037735,0.0020708322159884536,-0.2769643951181502,1.4016565685892601e-15,72.0,88.0
40.0,0.2271659020288611,302.89763991895063,0.0789790073280703,0.16256006909623893,0.03803798840899987,0.0009870222668491267,-0.05339818507129712,1.1102230246251565e-15,73.0,8.0
40.0,0.25992516116190606,294.1227162108295,0.14023601559143156,0.057676362150753314,0.2922329409259039,0.004275308966184487,-0.2344954664723672,1.5543122344752192e-15,73.0,16.0
40.0,0.23052383925618625,292.62447068379004,0.1818605835306223,0.05020102768928106,0.16560033179777345,0.003915347172720342,-0.17105345093421087,1.3322676295501878e-15,73.0,24.0
40.0,0.0734844588859494,269.84281358042557,0.08305324973488543,0.003249538121307085,0.08956872020790257,0.017066360823725077,-0.11945341000187076,3.3306690738754696e-15,73.0,32.0
40.0,0.270030718922171,582.2461115090789,0.0787600652565662,5.1384940699178236e-30,0.42026735463375675,0.07080743640446932,-0.29980413737262124,4.107825191113079e-15,73.0,40.0
40.0,0.1286493137675861,360.79449591742195,0.06627510666942986,3.382046195549135e-30,0.138854338287557,0.028679641184110455,-0.10515977237351123,2.3314683517128287e-15,73.0,48.0
40.0,0.10009095077038505,244.47253264925703,0.08225249762204528,1.3011291022723497e-30,0.10659355370213965,0.008160916679642305,-0.0969160172334422,2.220446049250313e-15,73.0,56.0
40.0,0.1735361842611623,262.68952458155894,0.1958423860537405,6.035655780679111e-31,0.2746345556246116,0.0036316992879013607,-0.30057245670509114,1.6653345369377348e-15,73.0,64.0
40.0,0.07881543702163282,241.11820717244169,0.34227390294344107,1.0256177843591357e-29,0.3339021143915335,0.001958603108512344,-0.5993191834218541,1.887379141862766e-15,73.0,72.0
40.0,0.08354357401039392,272.21725303922227,0.4554554184959999,1.246030795537783e-30,0.5214974099309494,0.0021988888004437863,-0.8956081432169992,2.3314683517128287e-15,73.0,80.0
40.0,0.07235897022063922,245.94424117635495,0.2679902275758581,3.31493580044544e-30,0.2901811357304798,0.0016546289119259857,-0.4874670219976247,1.8457457784393227e-15,73.0,88.0
40.0,0.32148181706437357,259.606895665555,0.3470049096385135,0.16802566712947753,0.28314085080381746,0.0015749816415833683,-0.47826459214901823,1.1102230246251565e-15,74.0,8.0
40.0,0.2036423383779083,267.9910093133546,0.16636513582021448,0.11628140183687725,0.13719739154261357,0.0022491250552935747,-0.21845071587709058,1.2212453270876722e-15,74.0,16.0
40.0,0.2078134812254093,298.82832327200964,0.04904540960914032,0.06563613984030464,0.18364408863570258,0.008798332553738138,-0.0993104894134764,1.6653345369377348e-15,74.0,24.0
40.0,0.142281494549222,306.65634658478234,0.11811164511738523,0.011407547419414969,0.19582871570734084,0.014117226824229643,-0.19718364051914866,2.1094237467877974e-15,74.0,32.0
40.0,0.656639561206704,3550.468941230017,0.17532203868916754,8.837303818292712e-29,1.1339861951534973,0.06814538056863946,-0.7208140532046003,1.2989609388114332e-14,74.0,40.0
40.0,0.34169313173625715,331.15388228003377,0.06518911293208232,2.3687453826447658e-30,0.18765040673442399,0.013788732000489079,0.07506488006926176,2.6645352591003757e-15,74.0,48.0
40.0,0.06957039531925018,247.371992930469,0.04079288470757706,1.1943455474853957e-30,0.08776296389847582,0.003519872948084435,-0.06250532623488715,2.4980018054066022e-15,74.0,56.0
40.0,0.07964135761980401,246.14586224914402,0.11045929774070479,1.4340629735591973e-30,0.12502540172541474,0.0044735546947716875,-0.1603168965410872,1.887379141862766e-15,74.0,64.0
40.0,0.062406130371738984,242.8860993121803,0.0645590317612059,1.8136210547308577e-30,0.07824591416302079,0.002814422854574413,-0.08321323840706213,1.8457457784393227e-15,74.0,72.0
40.0,0.10528143201197868,251.62554399445798,0.1187286572515299,1.368585616973134e-29,0.11747895986792918,0.002317890683453519,-0.13324407579093392,1.942890293094024e-15,74.0,80.0
40.0,0.10549760379585847,249.8476204582357,0.16074769604625633,2.845338991103413e-30,0.1705662725564957,0.0036076974050173426,-0.22942406221191086,1.887379141862766e-15,74.0,88.0
40.0,0.2521961400244709,273.28785041277513,0.08772369923925696,0.13838499591604397,0.04497703180389698,0.002156000297801958,-0.021045587232528973,1.1102230246251565e-15,75.0,8.0
40.0,0.27963725181116067,282.3711672026682,0.14446125157392947,0.19624349371494193,0.1037991729839886,0.00781159464547566,-0.172678261107175,1.1102230246251565e-15,75.0,16.0
40.0,0.1648260205976565,294.0624855152662,0.07121084253873411,0.0518812950267538,0.07966571250760272,0.005417405566353587,-0.043349235041787726,1.4432899320127035e-15,75.0,24.0
40.0,0.268830960433354,330.933904646975,0.13079085283578268,0.012999726338647263,0.3742339170971314,0.01523769575472895,-0.2644312315929363,2.220446049250313e-15,75.0,32.0
40.0,66.68368596662118,6574.201906552744,0.05171876625051892,2.540797960883096e-28,28.133938478638036,8.266025801547128,30.2320029201855,2.842170943040401e-14,75.0,40.0
40.0,0.10023590783208777,272.64395638531914,0.24729881668582265,9.631084456638615e-30,0.24819572546949442,0.01372969026171497,-0.4089883245849443,2.1094237467877974e-15,75.0,48.0
40.0,0.09540756223345508,258.7996865886904,0.0638381238237892,2.930062020943202e-30,0.10283973249882955,0.003780162378830061,-0.07505045646799373,2.6645352591003757e-15,75.0,56.0
40.0,0.08979427918369509,271.3540901469312,0.10571886517991926,1.0229858179434206e-30,0.159217765978643,0.0043227969392201394,-0.17946514891408732,2.1094237467877974e-15,75.0,64.0
40.0,0.057531118820015256,249.4198802794728,0.040039340883551516,6.7469859433448e-30,0.0424327777343568,0.004880606459012114,-0.029821606256905178,1.6653345369377348e-15,75.0,72.0
40.0,0.11860832501361342,259.3745834510311,0.1269597451364412,7.538682323762481e-31,0.1278575300741822,0.002848158961320647,-0.13905710915833064,1.7763568394002505e-15,75.0,80.0
40.0,0.05456342404818661,240.53674431263613,0.15645778777812974,2.1476457335341004e-30,0.15619207201887386,0.0020473757979831914,-0.2601338115468002,1.6653345369377348e-15,75.0,88.0
40.0,0.23582080217666232,226.1230548929416,0.0543074252802027,0.1704926000023698,0.022233421747239253,0.0009462534106304872,-0.012158898263779916,1.1102230246251565e-15,76.0,8.0
40.0,0.2361022425741184,249.1627166870082,0.1625718781767786,0.10414412519648578,0.08205510808231645,0.005614247783542378,-0.11828311666500477,1.4432899320127035e-15,76.0,16.0
40.0,0.1677645546547711,294.0955548231357,0.2410711213551605,0.029130457523632792,0.3497528136505179,0.00250983981071606,-0.4546996776852561,1.5543122344752192e-15,76.0,24.0
40.0,0.20666165995744135,348.2319900524816,0.14086527502089077,0.045287086106871974,0.2137770973164025,0.005499018365538795,-0.19876681685226266,1.6930901125533637e-15,76.0,32.0
40.0,1.0215835541989762,801.9495265242398,0.0551359570441205,4.7263891154327506e-30,0.7642409768648639,0.1254108569906069,0.07679576329938487,6.411537967210279e-15,76.0,40.0
40.0,0.33303231545355133,373.8906155162077,0.07720866965838695,8.359812416215735e-29,0.3048260365556732,0.008861465277586442,-0.05786385603809524,2.1024848528838902e-15,76.0,48.0
40.0,0.16139153671076772,259.28920830210683,0.0782288626284919,1.4226308758379601e-30,0.1551809609747241,0.007482905208547731,-0.07950119210099602,1.9984014443252818e-15,76.0,56.0
40.0,0.09285551850827001,254.29380825887569,0.10116839851034812,1.1068972567846433e-30,0.10603326654576721,0.0036384499862612534,-0.11798459653410656,1.5543122344752192e-15,76.0,64.0
40.0,0.037699657243574464,261.2694219727506,0.060414920200343794,1.8011859616809603e-30,0.09303346568607766,0.004635858086684376,-0.12038458672953137,1.4432899320127035e-15,76.0,72.0
40.0,0.04067599681882587,258.6275357087424,0.051586359815577285,1.8093805852099135e-30,0.05301513274695059,0.0032900783989533488,-0.06721557414265536,1.887379141862766e-15,76.0,80.0
40.0,0.04685025689947855,245.99806377834886,0.08144841661269382,2.481200242082902e-30,0.06305877292594982,0.0014329332408970293,-0.0990898658800621,1.2212453270876722e-15,76.0,88.0
40.0,0.25445763565155344,254.0586914346567,0.07436087931750031,0.15810033520080208,0.05350022963757353,0.0009731637166729618,-0.03247697222099544,9.298117831235686e-16,77.0,8.0
40.0,0.20283772983592396,246.52370867184402,0.036673459427472854,0.12210320767720588,0.01937898169200712,0.00279069301466033,0.021891388024577768,9.992007221626409e-16,77.0,16.0
40.0,0.18684805533318932,326.91388412732186,0.16204371003804013,0.05016529895058868,0.22181457124208379,0.010601368333497809,-0.2577768932310211,1.582067810090848e-15,77.0,24.0
40.0,0.15254716164794085,260.57429080166366,0.09902566423240192,0.009991344978611497,0.16271284228007965,0.01840344039161029,-0.13758613023476252,3.3306690738754696e-15,77.0,32.0
40.0,1.6954576743466172,1119.9416070043278,0.12912059919365135,9.715842452453611e-29,0.7894468972829721,0.40944339546270475,0.3674467824072889,6.217248937900877e-15,77.0,40.0
40.0,0.37441490170554803,292.57831802785466,0.2425637378997268,5.1653747369036065e-30,0.4940659129677626,0.014423676623322727,-0.3766384257852641,2.886579864025407e-15,77.0,48.0
40.0,0.1500941940555977,282.2253490856308,0.10359391690857474,5.248600939198914e-30,0.15672491051995324,0.008189731846108963,-0.11841436521903925,2.275957200481571e-15,77.0,56.0
40.0,0.077620592390602,257.4515883557042,0.088420558133604,5.697227392350733e-30,0.09476867609718613,0.004887681537323487,-0.11045632337751161,1.3322676295501878e-15,77.0,64.0
40.0,0.04325120896805804,264.27362766192607,0.07158254092523061,1.853943426468223e-30,0.06899261362479095,0.0025505550347014027,-0.09987450061666492,1.7208456881689926e-15,77.0,72.0
40.0,0.10546216085775599,249.313445945494,0.12844800132804096,2.3409097479059322e-30,0.13817620607082898,0.0029885982365605566,-0.1641506447776745,1.4432899320127035e-15,77.0,80.0
40.0,0.06045247881100384,251.6804403538494,0.1482185779780584,6.396310868306061e-30,0.12283947142451564,0.0028965682616164156,-0.21350213885318658,1.5959455978986625e-15,77.0,88.0
40.0,0.3432596974987774,248.94873699906228,0.2949256917739228,0.1643596813084211,0.34686516650583116,0.0014531949091245709,-0.4643440369985222,1.1102230246251565e-15,78.0,8.0
40.0,0.13410892489612652,240.86609115663006,0.08547822109795303,0.08360678167477012,0.10776148954847113,0.002025556786570422,-0.14476312421163817,1.2212453270876722e-15,78.0,16.0
40.0,0.12968765483508055,276.4821690714334,0.10664355117073474,0.04208026165736754,0.14764779500352174,0.0016197845882582735,-0.16830373758480172,1.3322676295501878e-15,78.0,24.0
40.0,0.2605416301322654,395.8071205454922,0.11593445338105521,0.03014504190058222,0.12432120171791593,0.055132461589826376,-0.06499152845711437,1.7763568394002505e-15,78.0,32.0
40.0,0.8437879884873125,740.1104101374924,0.16310184473090394,1.7959437674745735e-29,0.9685984227157676,0.03809258751341787,-0.3260048664727768,4.218847493575595e-15,78.0,40.0
40.0,0.8235886545654696,616.2823339370914,0.2483323939070194,2.9510445152555013e-30,1.0459732824421677,0.013366702708857647,-0.4840837244925751,5.828670879282072e-15,78.0,48.0
40.0,0.09198202020393287,265.4798441405236,0.0783618855180587,6.010079015576996e-29,0.10701549541533112,0.007947667732427922,-0.10134302846188487,1.887379141862766e-15,78.0,56.0
40.0,0.07379965896160376,263.0094638084903,0.062045710458641205,3.962596311634273e-30,0.06900814567928179,0.0059737969443232515,-0.06322799412064248,1.4432899320127035e-15,78.0,64.0
40.0,0.07828664120115435,248.05504533667224,0.0782665717847458,1.963282758802948e-29,0.08330069282649512,0.0043244310624465515,-0.08760505447253313,1.8318679906315083e-15,78.0,72.0
40.0,0.08658572699797482,239.95135003518234,0.11011324709428676,1.1556977378628861e-30,0.11451033820492897,0.0023076407417586334,-0.14034549904299953,1.6375789613221059e-15,78.0,80.0
40.0,0.04840053510174266,247.10099603092132,0.10940040079931278,2.947892996294798e-31,0.09762548679875638,0.0018232737715631261,-0.1604486262678896,1.2212453270876722e-15,78.0,88.0
40.0,0.2440508356621644,245.09985346025658,0.10316634009773049,0.1682258473657296,0.03318583763616566,0.0007648327120459346,-0.0612920221495073,9.43689570931383e-16,79.0,8.0
40.0,0.18076381534667874,240.4121224912087,0.09537009050211039,0.08262842189287972,0.0649252788314811,0.001795643338577563,-0.06395561921837004,9.992007221626409e-16,79.0,16.0
40.0,0.24731467205355073,266.19772865357527,0.3635443516742491,0.025499325899511174,0.5296899356618743,0.012872869725601982,-0.6842918109076858,2.858824288409778e-15,79.0,24.0
40.0,0.17076179784667814,532.5677617134601,0.05593144856091514,0.04234735343246081,0.12305765402192657,0.02310459688679424,-0.07367925505541864,1.6653345369377348e-15,79.0,32.0
40.0,0.3888547936925974,1938.5919521932683,0.07954475906603053,1.2499279779212514e-29,0.6097170951192501,1.0435214582120333,-1.3439285187047165,7.549516567451064e-15,79.0,40.0
40.0,0.20768599445369892,412.0508151751197,0.06410777722224117,2.794863395632226e-30,0.3087025091161971,0.028018018651731223,-0.1931423105364706,2.4980018054066022e-15,79.0,48.0
40.0,0.11845193265866064,250.4782987511223,0.07248342403877704,6.265792153197826e-30,0.11232397627272318,0.010353826366121671,-0.07670929401896126,1.915134717478395e-15,79.0,56.0
40.0,0.08137547416611363,264.20418958979417,0.10756514563433278,2.9482751785762047e-30,0.13758567172182845,0.0042922554223375,-0.1680675986123851,1.4710455076283324e-15,79.0,64.0
40.0,0.03794627034663253,263.82820798280426,0.056262699796155294,1.3088495190453406e-29,0.052082288947834676,0.0032730204187311415,-0.07367173881608859,1.6653345369377348e-15,79.0,72.0
40.0,0.049074807462075626,213.4449550322091,0.1299208721905976,1.412363429518637e-30,0.08022067533759855,0.003402537366895564,-0.1644692774330161,1.5543122344752192e-15,79.0,80.0
40.0,0.05746574054884856,231.50323395612605,0.08285798027936475,7.970792569464626e-31,0.06615929605168872,0.0027978786810082855,-0.09434941446321318,1.9984014443252818e-15,79.0,88.0
40.0,0.3029935805275938,243.4014870336342,0.11124444033833093,0.2326207027202391,0.05600516352081879,0.0010121823098621855,-0.0978889083616572,1.3322676295501878e-15,80.0,8.0
40.0,0.14349941058460963,275.4047750412065,0.05400431730548645,0.16618725314252708,0.050463535815158195,0.003333798029512861,-0.13048949370807494,1.4432899320127035e-15,80.0,16.0
40.0,0.12745633936280765,277.67965697521964,0.09975275799157468,0.08306859694132458,0.14031722460014195,0.005956856359247797,-0.20163909652948137,1.5543122344752192e-15,80.0,24.0
40.0,0.1624482638918225,288.79103437565533,0.16874746041975874,0.009895925310074018,0.2952680542863344,0.013853879171444011,-0.3253170552957887,2.7755575615628914e-15,80.0,32.0
40.0,21.336160374295723,4414.1307422886275,0.09802535170745721,2.6588827571420977e-29,9.05082248330752,2.737598235537938,9.449714303742807,2.4868995751603507e-14,80.0,40.0
40.0,0.38859711977440536,346.2367645779839,0.11281322641688046,1.0333455436977443e-29,0.36737786015624796,0.005679262351790171,-0.09727322915051323,2.4147350785597155e-15,80.0,48.0
40.0,0.18288909280544197,270.2468839547863,0.22657529543796828,6.15733938679427e-30,0.2710865493479246,0.006488145807907113,-0.321260897788358,2.4424906541753444e-15,80.0,56.0
40.0,0.12935057921343962,259.1073645408767,0.11864809839524457,1.2518791270821435e-30,0.20387527401318226,0.004026134026407797,-0.19719892722139498,1.609823385706477e-15,80.0,64.0
40.0,0.06116053331215873,251.34801602479385,0.09033081449242872,9.616509141016049e-30,0.09277366818919411,0.005646244162175784,-0.1275901935316399,1.6930901125533637e-15,80.0,72.0
40.0,0.08877954190646521,250.74291892152576,0.270961814600361,1.4850152022453185e-30,0.25741481204491634,0.0027140030606655095,-0.4423110877994777,2.3314683517128287e-15,80.0,80.0
40.0,0.07246465089834256,253.88052213856463,0.17385054244242654,3.406025605391878e-30,0.14540424957874382,0.001927840396825952,-0.24871798151965377,1.27675647831893e-15,80.0,88.0
40.0,0.23529615387684927,241.1422380897076,0.03457627709418713,0.1867550929304494,0.021474028612041243,0.0008883661617542008,-0.008397610921582699,1.887379141862766e-15,81.0,8.0
40.0,0.21408147061872684,244.68117483951283,0.05093454818012574,0.20375680623058542,0.02903116615433829,0.0013295696765694973,-0.07097061962289208,1.4432899320127035e-15,81.0,16.0
40.0,0.0872161840459714,304.31450835092573,0.06414639143696658,0.04379980978097443,0.05074091359778401,0.008709950961004121,-0.08018088173075774,1.1657341758564144e-15,81.0,24.0
40.0,0.0967950821671017,282.7960951465265,0.20695999157025535,0.01179602853956294,0.2352374999687583,0.007204189613127169,-0.36440262752460206,3.6637359812630166e-15,81.0,32.0
40.0,0.27573217385772353,903.5787132311481,0.09248430001915658,5.838108443495873e-29,0.2803421546583694,0.04867159724809737,-0.14576587806789987,7.827072323607354e-15,81.0,40.0
40.0,0.14147039487931518,301.8355736798995,0.045478640790617704,8.381812442455128e-30,0.08936665315264267,0.011726978657818129,-0.0051018777217633204,3.1086244689504383e-15,81.0,48.0
40.0,0.09560043385250115,300.6494137818586,0.11461640224499592,4.5616257107627295e-30,0.2188557852323862,0.0053296075148677674,-0.24320136113974872,2.275957200481571e-15,81.0,56.0
40.0,0.0930522064589617,287.20751574499263,0.0925593844980439,8.859799208518005e-30,0.11210727757694695,0.0035087123967480127,-0.11512316801277717,2.220446049250313e-15,81.0,64.0
40.0,0.09075716613011411,255.53696271015826,0.2704800170111555,1.4194227031214278e-30,0.29922517764093515,0.0033723770575628358,-0.48232040557953937,1.7763568394002505e-15,81.0,72.0
40.0,0.03661554220543818,266.55229521716416,0.044802309974952506,1.541340880052283e-29,0.034882362880045675,0.003387902390330952,-0.046457033039890946,1.6930901125533637e-15,81.0,80.0
40.0,0.031159307729281754,252.10129033045868,0.044977734845780146,1.4297460232739798e-30,0.0439341455622769,0.0020638571044373573,-0.05981642978321265,1.5057399771478686e-15,81.0,88.0
40.0,0.27804907128804746,268.20143179289613,0.2852578740511325,0.16197069966990066,0.2879314127810386,0.0010972205617704302,-0.4582081357757948,8.881784197001252e-16,82.0,8.0
40.0,0.0967418471646802,258.4027753165302,0.12535056162754382,0.06003981412868735,0.08980113641775922,0.0014945026648422446,-0.17994416767415244,1.4432899320127035e-15,82.0,16.0
40.0,0.7996939570001588,252.52510115144668,0.24930755862193868,0.03330054120898473,0.4280084501445639,0.0035790165696455963,0.08549839045502583,1.7763568394002505e-15,82.0,24.0
40.0,0.23022285624472927,602.7536240248213,0.0472183934791334,0.017113652675222767,0.17801214013228817,0.004013212374831841,-0.01613454241674689,2.220446049250313e-15,82.0,32.0
40.0,2.773254772324929,1644.4830240330325,0.050069655614772224,1.687367619456167e-29,0.8850628392414109,0.5380693140736873,1.3000529633950586,7.993605777301127e-15,82.0,40.0
40.0,0.1834566779446098,364.59049969786906,0.08125229794752736,1.752727407152822e-30,0.24611680666721647,0.009068495231353587,-0.15298092190148765,2.220446049250313e-15,82.0,48.0
40.0,0.14379022612737818,274.8964150390127,0.13627215167752146,5.602513551012643e-30,0.17729091811326828,0.004793517630900185,-0.17456636129431174,1.7208456881689926e-15,82.0,56.0
40.0,0.10031744690754593,250.49214927073444,0.16470338617525776,1.5706389445017165e-30,0.1442256946983873,0.002666324736011145,-0.21127795870211027,2.3314683517128287e-15,82.0,64.0
40.0,0.08458914599393919,252.38917617181792,0.1268227822061684,3.711911650640285e-30,0.13789785917339525,0.002350414933175244,-0.18248191031879973,1.4641066137244252e-15,82.0,72.0
40.0,0.04861054198571609,248.87508474796343,0.08235105807424492,4.0725831337551665e-30,0.07679779160852454,0.0028016715943846547,-0.11333997929143802,1.5543122344752192e-15,82.0,80.0
40.0,0.0628081793027711,248.4248596338014,0.2097291380660811,8.928868187678956e-30,0.2053249296993329,0.001788891001143807,-0.3540347794637867,1.7486012637846216e-15,82.0,88.0
40.0,0.21814647086796274,239.32932421825743,0.10960909902850281,0.14711363535964705,0.04018931693421465,0.005146837358994469,-0.08391241781339626,1.1102230246251565e-15,83.0,8.0
40.0,0.16122981183101492,230.274694602376,0.2054879197336908,0.06951636822356691,0.13260313111914587,0.0035533552087183276,-0.24993096245410695,1.5543122344752192e-15,83.0,16.0
40.0,0.20978167651724436,301.50992370309376,0.07225328679614974,0.036760398796984464,0.1447186813098862,0.0052146764357808035,-0.04916536682155684,1.304512053934559e-15,83.0,24.0
40.0,0.15778759082171462,292.16876774148824,0.13958106582649843,0.025272723419876627,0.14313192527756632,0.011751568750253932,-0.1619496924524807,1.887379141862766e-15,83.0,32.0
40.0,6.123701223994898,4275.678768661519,0.09019501284991213,1.121727421373052e-29,14.80225286740723,2.3530676165733153,-11.12181427283556,1.9539925233402755e-14,83.0,40.0
40.0,0.11224087718133363,319.2649279643502,0.07670061807788038,8.4204555630036e-31,0.13860740228060914,0.009040756539802446,-0.11210789971695834,2.6645352591003757e-15,83.0,48.0
40.0,0.1802799914493039,281.3143059876435,0.07128141810742797,1.4848088047314463e-29,0.2030162625062857,0.008178843748033241,-0.10219653291244302,1.9984014443252818e-15,83.0,56.0
40.0,0.08337978883499764,252.88751061238605,0.13334361948074158,2.8694261046263e-30,0.15472220893972152,0.0037355719157260237,-0.20842161150119148,1.9984014443252818e-15,83.0,64.0
40.0,0.03189391110581283,251.92696144302653,0.05509476137664779,5.616250967972492e-30,0.07259258228399625,0.002791072923191209,-0.09858450547802242,1.2628786905111156e-15,83.0,72.0
40.0,0.06674166663827016,240.98649975328303,0.08685295720793913,5.004622032033063e-30,0.10729983636427001,0.001983008461880466,-0.12939413539581945,1.582067810090848e-15,83.0,80.0
40.0,0.05296012894929046,241.7758942893696,0.1515987645239627,2.756614510787143e-30,0.11118665074731866,0.0020121706700085675,-0.21183745699199946,1.609823385706477e-15,83.0,88.0
40.0,0.28100083362056444,233.68497236426046,0.1905121908407617,0.0920274056763318,0.13977660463007047,0.0007178962245000691,-0.1420332637510996,1.3322676295501878e-15,84.0,8.0
40.0,0.16407997914250455,231.84215943400153,0.28425840488126164,0.0914629811103111,0.3046108223692745,0.0012427109443126547,-0.5174949401626554,1.3322676295501878e-15,84.0,16.0
40.0,0.2719042830876672,280.31379494279906,0.06079746060304823,0.05024928130899076,0.20323598246306204,0.006891345742829073,-0.04926978703026291,1.3322676295501878e-15,84.0,24.0
40.0,0.20851575169692219,303.9293962689718,0.1499469268179106,0.03052533596525181,0.20326454128455324,0.011356367464545433,-0.1865774198353389,1.942890293094024e-15,84.0,32.0
40.0,1.6839056378663746,496.56732832218484,0.13919348688298583,5.401543898058508e-30,1.8007927016230894,0.04777551257724292,-0.3038560632169436,4.773959005888173e-15,84.0,40.0
40.0,0.1994075218810461,294.3522688826314,0.15256775656898594,1.7673250611757293e-30,0.3130189126362838,0.016146458839661745,-0.28232560616388536,2.1094237467877974e-15,84.0,48.0
40.0,0.11029029199318463,255.63596545804432,0.05648464581326829,3.141552372648062e-30,0.08727195960538969,0.013871978649594748,-0.047338292075068095,2.1649348980190553e-15,84.0,56.0
40.0,0.1181140988896865,261.1515631846415,0.15393975897320855,2.3254656100817605e-30,0.21570947506813823,0.007964275485386602,-0.2594994106370469,1.9984014443252818e-15,84.0,64.0
40.0,0.05168388421209402,261.2452636739288,0.09537941412463163,2.6605771804301243e-29,0.1383160326299127,0.0013485630647932958,-0.18336012560724363,1.7763568394002505e-15,84.0,72.0
40.0,0.04501670418005476,239.88351628185043,0.09267314979279248,1.3334847347611067e-30,0.09118679727998902,0.00260501385403555,-0.14144825674676229,1.3877787807814457e-15,84.0,80.0
40.0,0.045551128653580165,273.8187780606331,0.0681372710183396,1.5105899554615255e-30,0.070643237004753,0.0029244074651755612,-0.096153786834688,2.067790383364354e-15,84.0,88.0
40.0,0.4848826411232805,263.6732375599443,0.13898558825349205,0.4253478854634909,0.06825411469073628,0.0008036477630588924,-0.14850859504749758,1.5543122344752192e-15,85.0,8.0
40.0,0.21859272933781893,266.30336601859614,0.06881611339128979,0.0966773025372267,0.05341936093631797,0.001876262096428115,-0.0021963096234436374,1.2212453270876722e-15,85.0,16.0
40.0,0.11840440913241163,286.6550762880326,0.08128669935984159,0.07835510902255019,0.0754872240765925,0.0022629014459205803,-0.11898752477249325,1.1934897514720433e-15,85.0,24.0
40.0,0.22332020254957635,419.80655281228866,0.08489538057027339,0.04894898099587351,0.1786067510701403,0.014828766900805866,-0.10395967698751668,2.220446049250313e-15,85.0,32.0
40.0,18.46964004012849,8270.035153556688,0.43479485761359793,2.093412131478552e-28,27.382113885199555,1.098830021835645,-10.446098724520308,3.019806626980426e-14,85.0,40.0
40.0,0.2152242171348841,388.9957058344501,0.13239013882698478,2.2228395128433063e-29,0.2243476409902352,0.014807720570990002,-0.1563212832533259,4.6629367034256575e-15,85.0,48.0
40.0,0.18936863346598415,277.07589324066504,0.20430660444945983,1.0785443054372158e-30,0.2871315781875003,0.00922915216050796,-0.3112987013314839,2.0261570199409107e-15,85.0,56.0
40.0,0.04502378724864,275.51425619357684,0.04329625198355517,1.4553962989135505e-30,0.038471868775439344,0.004406895202493237,-0.041151228712847744,1.3877787807814457e-15,85.0,64.0
40.0,0.04843222458734031,255.86647384675396,0.05552642691343425,9.603129040690506e-31,0.08669490514028652,0.003641690478324484,-0.09743079794470494,1.6653345369377348e-15,85.0,72.0
40.0,0.048992263979457856,249.0804377658404,0.09251555497372434,1.3452440179129203e-29,0.08349680975977947,0.004023857677524547,-0.1310439584315705,1.2212453270876722e-15,85.0,80.0
40.0,0.06084456717291608,260.0954325618891,0.1052485616933818,4.485762488343618e-30,0.09244486671979864,0.0027626622987266466,-0.139611523538991,2.55351295663786e-15,85.0,88.0
40.0,0.2253872282087338,246.9014200985946,0.040456223909474016,0.18562047267466786,0.030093215024048596,0.0009228223902154125,-0.03170550578967207,1.4432899320127035e-15,86.0,8.0
40.0,0.24315037718837143,290.774772356159,0.06733423012929389,0.14932847352420758,0.05283032997414662,0.004459984103533113,-0.03080264054280976,1.2212453270876722e-15,86.0,16.0
40.0,0.2708797816173534,267.4522019983346,0.09855418635285189,0.04635888672149851,0.28208717424959806,0.0059432103805433486,-0.16206367608713845,2.220446049250313e-15,86.0,24.0
40.0,0.1829668408324639,341.1294506412826,0.08807757588041315,0.015870604900878892,0.3430111949054078,0.02931766850175166,-0.2933102033559876,1.887379141862766e-15,86.0,32.0
40.0,1.0615747074552258,671.8259858297795,0.07479533232130717,9.659378713264075e-30,1.646497512741336,0.16670079479719363,-0.826418932404611,5.551115123125783e-15,86.0,40.0
40.0,0.1049570925370314,393.1687849795677,0.05018738952201624,4.342736073140874e-30,0.08023355815069722,0.010601872636072951,-0.03606572777175501,3.3306690738754696e-15,86.0,48.0
40.0,0.12777051684867752,267.49523984151404,0.13875775118828332,3.7564177124820895e-30,0.20187807577762953,0.00603625535897157,-0.21890156547620693,1.9984014443252818e-15,86.0,56.0
40.0,0.052406944565196574,267.3988209232702,0.1213469288597439,1.655929914935815e-30,0.15516634507724192,0.002791772048476751,-0.226898101420266,1.5543122344752192e-15,86.0,64.0
40.0,0.05999408690743388,262.40011027006057,0.16790248379106393,1.0160393401501374e-30,0.2238543234712324,0.0062398547221443525,-0.3380025750770068,2.275957200481571e-15,86.0,72.0
40.0,0.09256469030541634,253.1252305717638,0.11481676317566505,2.3811154880735926e-30,0.16423069220658526,0.004935587999953089,-0.1914183530767871,1.609823385706477e-15,86.0,80.0
40.0,0.056440475466666945,260.9444677224357,0.13262771233682477,1.9727074609440193e-30,0.11486635471142345,0.001595684387925548,-0.19264927596950682,1.6653345369377348e-15,86.0,88.0
40.0,0.21526208550041676,245.6067700289594,0.14607176195833854,0.18106237237071657,0.13647817971719878,0.0016935248474557753,-0.25004375339329293,1.1102230246251565e-15,87.0,8.0
40.0,0.1650950901765927,261.4337065959857,0.07619010085496111,0.10860280052223843,0.10151216946427175,0.0015185289559572655,-0.12272850962083584,1.3322676295501878e-15,87.0,16.0
40.0,0.12330708788429107,247.8619136636506,0.1021850878667904,0.03663360497135773,0.06455424286669434,0.0036543391264525407,-0.08372018694700395,1.9984014443252818e-15,87.0,24.0
40.0,0.145744905263045,294.88306070434186,0.07834485403076605,0.02247485517100288,0.14927921778361164,0.009198975990060823,-0.11355299771239641,1.9984014443252818e-15,87.0,32.0
40.0,1.1396757707932736,2234.7926658206243,0.06963771207189759,1.3658544383288422e-29,2.1738008493867143,0.2850376281994891,-1.388800418864827,7.549516567451064e-15,87.0,40.0
40.0,0.24445814747193734,308.2902354240596,0.21427606328167084,1.5038935867846932e-29,0.37317563266285314,0.006715164480494055,-0.34970871295308065,1.9984014443252818e-15,87.0,48.0
40.0,0.10087762364303016,263.899183094786,0.0817750545804003,6.023851232349188e-30,0.0854200580039489,0.005492689560655378,-0.07181017850197444,1.5543122344752192e-15,87.0,56.0
40.0,0.19335395235686964,263.9365616961855,0.11996546301598601,2.3816079734260186e-30,0.23967813285349893,0.00366228141860373,-0.16995192493121902,2.1649348980190553e-15,87.0,64.0
40.0,0.07981567003008835,241.89745797956283,0.06141293883280326,1.0880533590611197e-29,0.07908210019925582,0.0015487977193943117,-0.062228166721365025,1.734723475976807e-15,87.0,72.0
40.0,0.0841463326686809,260.8678556325221,0.16726294154490795,1.7205108618947354e-30,0.12327526209176587,0.004092956977649404,-0.2104848279456423,1.7763568394002505e-15,87.0,80.0
40.0,0.07150686809853646,263.69658252704465,0.10626821709425197,1.2408576185796148e-29,0.1052359181387047,0.0014050884079667393,-0.14140235554238695,1.7208456881689926e-15,87.0,88.0
40.0,0.24961810068119972,250.84446120868324,0.056743999728724466,0.1916978204958127,0.025631655972773823,0.001347991951651898,-0.025803367467763183,9.992007221626409e-16,88.0,8.0
40.0,0.15936157949215468,251.0847506131963,0.06320207143621501,0.10234392009815835,0.04209301458196276,0.002668715709577741,-0.05094614233375919,1.27675647831893e-15,88.0,16.0
40.0,0.0922316444118081,254.3339765281757,0.09461624141609898,0.03178680441979169,0.11078887956892436,0.011810100499611495,-0.1567703814926184,2.220446049250313e-15,88.0,24.0
40.0,0.3233133477633884,298.23001200522737,0.0756646575815382,0.016037539983979957,0.16331336333636148,0.022883074347909566,0.04541471251359919,1.3322676295501878e-15,88.0,32.0
40.0,1.6002045349804142,5725.526988581636,0.29480734435271044,8.198865467450235e-28,0.718400864096832,0.4029173942332705,0.18407893229760108,2.842170943040401e-14,88.0,40.0
40.0,0.4815919944398697,349.01396220689605,0.12183962705968536,1.853607224153294e-30,0.4248607460034467,0.010747696647130382,-0.07585607527039268,3.1086244689504383e-15,88.0,48.0
40.0,0.14879247859073175,270.4582758454279,0.12010430924543229,4.8159256022945355e-30,0.13924543438967624,0.007028610736143349,-0.11758587578052015,2.1094237467877974e-15,88.0,56.0
40.0,0.05263472779298406,264.6164326132757,0.0891008770564014,1.434134632446895e-29,0.08222856541556159,0.004198817284475157,-0.1228935319634541,2.1371793224034263e-15,88.0,64.0
40.0,0.10645165698844727,255.93972530712233,0.09740302078235136,2.8834523202583034e-30,0.1410658850800573,0.004994154137299932,-0.1370114030112613,1.887379141862766e-15,88.0,72.0
40.0,0.11887327576597856,269.31996358815775,0.32079990326585855,3.053837757542028e-30,0.3649561807787561,0.0026552519761525416,-0.5695380602547886,1.4432899320127035e-15,88.0,80.0
40.0,0.03610994595267173,252.24011152635347,0.04034819938748131,1.6337691795401925e-29,0.038347568301501794,0.0025834027249570938,-0.04516922446126847,1.8318679906315083e-15,88.0,88.0
40.0,0.3674939493411853,255.7783496275412,0.11250577273671393,0.22822304301340124,0.0899782462982413,0.001742417089648228,-0.0649555297968194,1.1102230246251565e-15,89.0,8.0
40.0,0.1632893392682603,238.44868310239585,0.08297968753771873,0.1157967503905216,0.05149952117669453,0.002861565364365761,-0.08984818520104029,9.71445146547012e-16,89.0,16.0
40.0,0.20239742748994702,280.2770843673879,0.061619303278616436,0.03649535464294809,0.10985594040606123,0.012505054913502643,-0.01807822575118137,1.1657341758564144e-15,89.0,24.0
40.0,0.22262673269607147,277.3185952757456,0.14250210833456695,0.011870873498906193,0.21658757525260475,0.0068014381415616365,-0.15513526253156806,1.915134717478395e-15,89.0,32.0
40.0,9.069363272093549,2333.948324274408,0.14803467141797977,6.924651731663968e-30,6.842886642510509,0.2705751732295001,1.8078667849355599,1.554312234475219e-14,89.0,40.0
40.0,0.4094973440570125,350.1418864404802,0.15695026829812103,8.037103704700841e-30,0.6906061136678862,0.0256556033049721,-0.4637146412139668,3.344546861683284e-15,89.0,48.0
40.0,0.08171793966963871,279.82851365882897,0.04987758674280017,1.4162073373155361e-29,0.07845990230069619,0.005612364018910262,-0.052231913392767906,2.4424906541753444e-15,89.0,56.0
40.0,0.23674091166339278,269.18243849285255,0.11985141278928954,1.754369531689637e-30,0.276876833366845,0.006040418646575224,-0.16602775313931695,1.9984014443252818e-15,89.0,64.0
40.0,0.07369054378679263,250.1771380544729,0.04260014811273085,5.805147650668549e-30,0.05783400088727639,0.007876706141827797,-0.03462031135504241,1.4988010832439613e-15,89.0,72.0
40.0,0.06683357400698475,251.8884695424525,0.08828364277361506,7.759152909621398e-30,0.08486014920487081,0.004066927280136353,-0.11037714525163747,1.7763568394002505e-15,89.0,80.0
40.0,0.04797327317142335,259.5681468104179,0.05972578274570918,4.0068150177853504e-30,0.06021192381803388,0.0033610600474561743,-0.07532549343977588,2.831068712794149e-15,89.0,88.0
40.0,0.2125885115510437,220.68867661308124,0.08371434646030099,0.18855775768026198,0.00693110484160725,0.0009470130859662726,-0.06756171051709281,1.1102230246251565e-15,90.0,8.0
40.0,0.18772733538196262,251.27455671318143,0.16179092512427595,0.10000111452580152,0.15062276705132505,0.0025627757302072217,-0.22725024704964714,1.2212453270876722e-15,90.0,16.0
40.0,0.16647168165395365,263.7748733538921,0.09937416259986463,0.07376920316444374,0.135870150103367,0.003765523204455704,-0.1463073574181774,1.5543122344752192e-15,90.0,24.0
40.0,0.29039112806429224,404.6921058973287,0.1128068774115361,0.03221500474142865,0.19903297788735438,0.015719168678558694,-0.06938290065458558,2.275957200481571e-15,90.0,32.0
40.0,1.4866215206115303,3561.9265302173244,0.07375737876504965,6.0815742273324e-29,0.8665171752724257,1.2867320590131894,-0.7403850924391344,1.9984014443252818e-14,90.0,40.0
40.0,0.12540604476088715,278.7433544526743,0.05811194272583649,7.887117421606149e-29,0.11523852472788702,0.006628357171847846,-0.0545727798646842,2.3037127760972e-15,90.0,48.0
40.0,0.11441165364245795,263.0250044928685,0.04684653662178337,3.4591085332832245e-29,0.16113728734747684,0.006733536103723927,-0.10030570643052619,2.8033131371785203e-15,90.0,56.0
40.0,0.13136067082618913,256.5450947522523,0.247465408134745,1.214578597179854e-29,0.30399293538869243,0.004957162782392893,-0.42505483547964124,2.886579864025407e-15,90.0,64.0
40.0,0.0937495569699759,246.24599333678898,0.15239893069979993,3.480814594991946e-30,0.13069112603903987,0.0029941425269642196,-0.19233464229582814,1.5543122344752192e-15,90.0,72.0
40.0,0.046623768707640525,262.742404645213,0.05453360210265894,2.523012183838947e-29,0.046374960827757106,0.0024859234405192714,-0.05677071766329479,1.8041124150158794e-15,90.0,80.0
40.0,0.05499140241985636,242.011181183572,0.10154171715877056,1.2035187973929391e-30,0.09744955786850062,0.0023503183270503604,-0.14635019093446516,1.4432899320127035e-15,90.0,88.0
40.0,0.3346927931812208,276.39266591989684,0.09003647049915878,0.16972746973972347,0.04255675510929785,0.0023436167185722553,0.03002848111446843,1.5543122344752192e-15,91.0,8.0
40.0,0.1474219335702615,223.53522275331227,0.17512913097970823,0.08040141052116614,0.19370906801586973,0.0019482330887269999,-0.3037659090352096,1.5126788710517758e-15,91.0,16.0
40.0,0.19513103837815926,265.4256376195275,0.18820596753852503,0.05193145467803939,0.2191177205964917,0.0035859248680717498,-0.2677100293029686,1.9012569296705806e-15,91.0,24.0
40.0,0.18972447999228717,537.7391775419851,0.05705775463718242,0.030137963180583843,0.12337159024802427,0.026131957684356326,-0.04697478575785968,2.220446049250313e-15,91.0,32.0
40.0,1.9269844602146502,4519.0638394186135,0.16726599989755792,5.033544096433187e-28,0.6078833112520601,0.9800810017802224,0.17175414728480987,2.930988785010413e-14,91.0,40.0
40.0,0.41279756330939266,269.9851705503177,0.11300759793253443,1.5373586983894355e-30,0.3915314329693107,0.010473268121326002,-0.10221473571377848,2.6645352591003757e-15,91.0,48.0
40.0,0.03924783352763083,267.3366140876104,0.07278917265215906,4.8117877269818927e-29,0.06922936994078853,0.009116354035809186,-0.11188706310112595,3.969047313034935e-15,91.0,56.0
40.0,0.06725266569251165,259.8403379428217,0.24621530297060423,2.121966451573082e-30,0.21628074720025486,0.0025782965318443757,-0.39782168101019183,1.582067810090848e-15,91.0,64.0
40.0,0.0692780688569806,275.0971679513551,0.1305446013220011,5.890035461134784e-31,0.13690085933238946,0.006260799486470135,-0.2044281912838801,1.3322676295501878e-15,91.0,72.0
40.0,0.06832718275404716,244.3113744399011,0.10013640916992936,2.6148789312459087e-30,0.0903013216686055,0.0011149986166501997,-0.1232255467011379,1.2212453270876722e-15,91.0,80.0
40.0,0.06387408501906644,259.9264635522305,0.08871905387075672,5.6437149246888155e-30,0.08095252364011682,0.002624591085352655,-0.10842208357715977,1.7763568394002505e-15,91.0,88.0
40.0,0.21223310361886702,221.01352723444947,0.08726855033508675,0.2019928350463674,0.03445330025714814,0.0015391507985263266,-0.11302073281826161,1.3322676295501878e-15,92.0,8.0
40.0,0.22583777935598925,287.9946305721158,0.09677974652549029,0.12205213209319368,0.13080278153889704,0.0012175330786116181,-0.1250144138802034,1.1102230246251565e-15,92.0,16.0
40.0,0.23447582234239395,298.4547619396722,0.08849610507231441,0.05916061233964742,0.2073430787340976,0.005926030051867749,-0.12645000385553323,2.220446049250313e-15,92.0,24.0
40.0,0.22193759069558205,313.41651423327266,0.20940550872360114,0.029157853765040875,0.3029232686249653,0.01004008267369665,-0.32958912309172195,2.6645352591003757e-15,92.0,32.0
40.0,1.6456472043387702,1205.920444650777,0.17312561902594403,7.009974130629932e-29,1.4767548925052563,0.20515193724844455,-0.20938524444087458,7.105427357601002e-15,92.0,40.0
40.0,0.1393434244086701,362.5673493470883,0.2721726102238401,2.4133845566723875e-30,0.3748287471135372,0.02311884855893431,-0.5307767814876415,3.164135620181696e-15,92.0,48.0
40.0,0.05039696057324819,269.3530431051978,0.07504824456921423,2.135272982529329e-30,0.085179924877107,0.004564061011660025,-0.11439526988473306,1.887379141862766e-15,92.0,56.0
40.0,0.14708313496195952,244.12390399043773,0.17690062695562433,9.566063839339758e-30,0.23223813861126605,0.0024571268520799643,-0.2645127574570108,1.6930901125533637e-15,92.0,64.0
40.0,0.05834293138086424,267.2141793331317,0.06333400566302021,5.4519951055080825e-30,0.0884557816940589,0.004468049159285746,-0.09791490513550061,1.7763568394002505e-15,92.0,72.0
40.0,0.0494398006768279,259.0742266869657,0.0993080811149274,6.082481737004719e-30,0.113208611289003,0.0033361096926826407,-0.16641300141978513,1.2420620087993939e-15,92.0,80.0
40.0,0.05161183134435631,260.71503722395016,0.07904931166017456,5.257120035189086e-30,0.08268119284178543,0.002023503561132321,-0.112142176718736,1.0200174038743626e-15,92.0,88.0
40.0,0.3525550100488869,275.10682783918264,0.049268869207708524,0.23189804219734933,0.026441613300368205,0.0013245954907558832,0.04362188985270493,1.5543122344752192e-15,93.0,8.0
40.0,0.15803950415516999,239.40778639127802,0.06430145859469025,0.12918896521220985,0.02798225523088084,0.003965461574111158,-0.06739863645672212,1.1102230246251565e-15,93.0,16.0
40.0,0.12166662454094912,273.2338349037898,0.06409331250916903,0.08792669101097982,0.06944026865834821,0.009610057230472724,-0.10940370486802065,1.887379141862766e-15,93.0,24.0
40.0,0.3311384098205972,554.4282781097621,0.06827177279762542,0.03360903585434254,0.20443599781143335,0.026580039432532843,-0.0017584360753369332,2.9976021664879227e-15,93.0,32.0
40.0,2.9322933467780077,2384.88048897035,0.1387896344982349,8.19184927270765e-30,1.0097084253400743,0.8987260404624633,0.8850692464772352,1.4210854715202004e-14,93.0,40.0
40.0,0.6992647420122271,312.48110676103045,0.09040316655126972,5.3470610632444136e-30,0.6443233022438,0.006074658815431185,-0.04153638559827377,2.6645352591003757e-15,93.0,48.0
40.0,0.056227179220811926,265.2681944217943,0.05622178878951408,1.3093939906231279e-30,0.05965101974568289,0.004272201441452177,-0.06391783075583722,1.9984014443252818e-15,93.0,56.0
40.0,0.06605172408400362,259.9808274128482,0.13399308062600998,1.4150057884003017e-30,0.1534378782365921,0.0054903904727561905,-0.22686962525135468,1.5543122344752192e-15,93.0,64.0
40.0,0.07508373862482035,260.2901647501302,0.12168062950606107,1.3468190434318005e-30,0.10753132272436161,0.0037853364078871393,-0.15791355001348947,1.887379141862766e-15,93.0,72.0
40.0,0.09985129046867318,250.6904165616076,0.11007675730215863,1.431743221011521e-30,0.1340617227617478,0.0031247325952683267,-0.1474119221905016,1.1657341758564144e-15,93.0,80.0
40.0,0.018478618146170557,246.30406481684807,0.04847014031251797,1.375090486076529e-29,0.051432640459733406,0.0028210812931672704,-0.08424524391924809,2.3869795029440866e-15,93.0,88.0
40.0,0.19979245552571867,214.00164629904253,0.07938391365517668,0.17228121984487443,0.03223544947759745,0.000717141993063208,-0.08482526944499308,1.1102230246251565e-15,94.0,8.0
40.0,0.2066717855350108,272.63744269737407,0.08515874210103501,0.14932471532807878,0.06101045887884478,0.0008915266973033373,-0.08971365747025112,1.5543122344752192e-15,94.0,16.0
40.0,0.27272635614613794,228.71230141836804,0.182056616196072,0.09060736500162203,0.2303087960297535,0.007465590398513317,-0.2377120114798229,1.5543122344752192e-15,94.0,24.0
40.0,0.110104958763016,343.65238023126307,0.16119559252923488,0.0099665196521746,0.1806757890793051,0.0068571978280325754,-0.24859014032573112,4.107825191113079e-15,94.0,32.0
40.0,2.1769066256021645,1063.9547986081175,0.10830456018892295,7.269416523784561e-30,1.9115212554817211,0.034835312079492475,0.12224549785202798,7.993605777301127e-15,94.0,40.0
40.0,0.23251241522573363,289.6045867008858,0.3218915183188019,8.415663856302592e-31,0.37871001593000475,0.009645281252400464,-0.47773440027547354,2.1094237467877974e-15,94.0,48.0
40.0,0.09168896720627795,273.6198593028525,0.04714508639694102,2.7162964512525186e-30,0.09915786406624776,0.00857326131967651,-0.06318724457658734,1.6375789613221059e-15,94.0,56.0
40.0,0.12810760287308653,271.6137883505668,0.14242678599521974,2.1731337701516698e-30,0.27173840619047973,0.004310145476577647,-0.2903677347891906,1.8318679906315083e-15,94.0,64.0
40.0,0.08767326554412973,253.4059486234735,0.11351334070824459,4.70531204597859e-30,0.15702644125799742,0.00248326850123316,-0.18534978492334542,1.5543122344752192e-15,94.0,72.0
40.0,0.12024815819704013,254.7485650566685,0.12950451902734517,6.617335654397293e-31,0.1878228529470762,0.0021599345669205284,-0.19923914834430176,1.4432899320127035e-15,94.0,80.0
40.0,0.042988188221059445,264.55629261834054,0.20201449246374334,2.0861199030537168e-30,0.2287006307586207,0.0017454005756919147,-0.3894723355769965,1.4849232954361469e-15,94.0,88.0
40.0,0.2087900805588169,255.4839512121653,0.1197431074524907,0.13017166028496766,0.10581674450100005,0.0019366759878336546,-0.14887810766747514,9.992007221626409e-16,95.0,8.0
40.0,0.18373647062389503,288.14010672096543,0.07226062690592225,0.12081102628637375,0.08274431671568527,0.001160170792330547,-0.09323967007641676,1.2212453270876722e-15,95.0,16.0
40.0,0.12973475403845108,291.7266926053698,0.08759792906569193,0.04723827975520757,0.10585684150969074,0.005957090752832627,-0.11691538704497179,1.609823385706477e-15,95.0,24.0
40.0,0.16111230624544182,406.50773516191737,0.04855390347804504,0.029472402714630856,0.1176247126938478,0.012757322298971766,-0.04729603494005363,1.5265566588595902e-15,95.0,32.0
40.0,0.504892901860555,2185.462489095523,0.06989736760975004,5.077599205331462e-30,1.0440773010144802,0.4668901698027198,-1.075971936566395,6.661338147750939e-15,95.0,40.0
40.0,0.22397581261889554,360.9587911612181,0.12100601899256228,1.943885229276318e-29,0.3440401787862311,0.010194070433259102,-0.25126445559315697,2.886579864025407e-15,95.0,48.0
40.0,0.3604168501431615,284.4791323284428,0.5500771529950482,3.682858343094337e-30,0.7779867371403105,0.005547079981625814,-0.973194119973823,3.552713678800501e-15,95.0,56.0
40.0,0.08786079198089045,268.07330663578443,0.14687369502591957,1.3472744948102582e-29,0.16727498198261287,0.0029735327851521994,-0.22926141781279422,1.6653345369377348e-15,95.0,64.0
40.0,0.08661119755279684,261.46726883180935,0.11119273987554654,2.9683681224234926e-29,0.1385676284948939,0.003204671740818138,-0.16635384255846175,1.8041124150158794e-15,95.0,72.0
40.0,0.07454850795582703,283.23897022074163,0.10108480918874203,1.0490579819193345e-29,0.09811134296300271,0.0028115000155915686,-0.12745914421150928,1.2906342661267445e-15,95.0,80.0
40.0,0.0653740586356668,247.53445233382988,0.11557359136201432,1.1741432638591703e-29,0.11327053258609893,0.0024794275154336473,-0.16594949282788013,1.8596235662471372e-15,95.0,88.0
40.0,0.24660558324584167,209.71820596098706,0.24832504564443603,0.11099161807882396,0.10854154771019396,0.0016319364843474756,-0.22288456467195975,1.1102230246251565e-15,96.0,8.0
40.0,0.23341614827663543,289.32764369467276,0.12496361715758987,0.05151770005283065,0.15948535053154378,0.004155873363541793,-0.10670639282887068,1.4432899320127035e-15,96.0,16.0
40.0,0.1120259998129283,243.24861801714388,0.11124026917330064,0.04929124223433967,0.07393072682658428,0.009227937712863742,-0.13166417613416004,1.2212453270876722e-15,96.0,24.0
40.0,0.25683210794585687,379.1735511587967,0.09043073755818376,0.02032396726565528,0.32311907551532393,0.02452524871597951,-0.2015669211092856,2.942091015256665e-15,96.0,32.0
40.0,1.2896451505436635,1067.710592970996,0.0969805610077556,3.3494587541967344e-30,1.575586401414399,0.0458968119769117,-0.4288186238554028,5.329070518200751e-15,96.0,40.0
40.0,0.0768681853454217,353.78266636186106,0.10988178595611003,5.9875015834829965e-30,0.14305805985779618,0.007290807310392144,-0.1833624677788767,2.886579864025407e-15,96.0,48.0
40.0,0.12828871483021892,263.6102803147778,0.06632112781517904,1.110446028022823e-30,0.11471840665131791,0.0038028531636605427,-0.05655367279993859,2.1371793224034263e-15,96.0,56.0
40.0,0.10969590827194897,246.2678484529715,0.1843372459600614,1.0098203635632251e-29,0.21168091472301903,0.006121890999588511,-0.29244414341071995,1.9984014443252818e-15,96.0,64.0
40.0,0.07429974473267045,267.7982896646158,0.06168583158448972,1.8713909464897555e-30,0.09487277432006774,0.003588218711057549,-0.08584707988294454,2.3869795029440866e-15,96.0,72.0
40.0,0.040590624380981336,253.7899345462413,0.0739812471084084,7.124354128691324e-30,0.06275658777408896,0.004463136751720734,-0.10061034725323677,1.582067810090848e-15,96.0,80.0
40.0,0.07322751737028235,267.46208175802104,0.3027458768234897,1.6493807613177674e-30,0.273612478762556,0.0016202927618930618,-0.5047511309776564,1.6930901125533637e-15,96.0,88.0
40.0,0.3628049572350614,278.52748599136976,0.16102835726681175,0.08723392112205264,0.1139193007951159,0.0018565076611428,-0.0012331296100616673,1.3322676295501878e-15,97.0,8.0
40.0,0.1258669965004811,229.96664302403144,0.07318728782258482,0.1053079161582345,0.027928599840056294,0.0024044315795076683,-0.08296123889990217,1.2212453270876722e-15,97.0,16.0
40.0,0.19795080558787298,274.85889286377767,0.15029492388852853,0.04465762001325492,0.14393321854189195,0.0029979939533741696,-0.14393295080917656,1.4432899320127035e-15,97.0,24.0
40.0,0.1576945257576939,308.376805550479,0.1455683893770634,0.046231489354117014,0.17432068104138493,0.01756213581667247,-0.22598816983154388,2.1094237467877974e-15,97.0,32.0
40.0,1.0281184272877764,1252.5157318323659,0.07887812911621334,9.325820833864697e-30,0.7172619750007989,0.13721327651604887,0.09476504665471519,5.995204332975845e-15,97.0,40.0
40.0,0.1922940708443805,306.897262877846,0.08340963380286706,1.5789712786432667e-29,0.18231436420294458,0.013031928750501829,-0.086461855911933,2.3314683517128287e-15,97.0,48.0
40.0,0.12233654861841019,251.2723838349491,0.11297850130830114,3.6632452909293475e-30,0.1769592787176691,0.0027761684877078635,-0.1703773998952679,2.609024107869118e-15,97.0,56.0
40.0,0.23430946050575813,277.18072643053915,0.1804342909702803,7.38513777864031e-30,0.32161783552770046,0.005722936553000898,-0.2734656025452235,2.4424906541753444e-15,97.0,64.0
40.0,0.09443230241808073,255.3371637491827,0.10848342661146695,3.975021394621473e-30,0.1774500927979717,0.001974693494596091,-0.193475910485954,1.4432899320127035e-15,97.0,72.0
40.0,0.043513787505282224,267.86822372279534,0.05480791677719608,3.3816966599169794e-29,0.04769917529682067,0.006106594454147657,-0.06509989902288218,1.1102230246251565e-15,97.0,80.0
40.0,0.04708423578047195,243.78961745384143,0.06904817957159702,9.799322403542124e-30,0.06167714716710032,0.002004512956472619,-0.08564560391469801,1.4988010832439613e-15,97.0,88.0
40.0,0.436127728038043,234.4238859404692,0.04105734886741368,0.34975107950691514,0.018000081784322525,0.00019465759072869704,0.027124560288662947,2.220446049250313e-15,98.0,8.0
40.0,0.1527892573001535,268.9612752588315,0.059746273446173975,0.09526813928139025,0.08235338911283777,0.0018688457516147783,-0.08644739029186327,1.5543122344752192e-15,98.0,16.0
40.0,0.15867280389952304,261.5593241333485,0.14525766713931137,0.04045728896039841,0.09670722027978333,0.002985174622714682,-0.12673454710268478,2.1094237467877974e-15,98.0,24.0
40.0,0.21159344286031906,345.8725283753407,0.11728442414749438,0.020608440051393062,0.22234992013286886,0.02101940695820516,-0.1696687484296424,2.6645352591003757e-15,98.0,32.0
40.0,0.454649470678939,1519.9544299421766,0.17291997836482445,7.426995553452128e-29,0.9486275515799156,0.34688006980296704,-1.0137781290687682,1.199040866595169e-14,98.0,40.0
40.0,0.18388631994758134,336.7991955035342,0.06660876892399434,2.393465189416177e-30,0.11108452984567319,0.03031936278871691,-0.024126341610803098,2.275957200481571e-15,98.0,48.0
40.0,0.11892637917506155,262.48418081354737,0.09925481630368949,9.020216429175023e-30,0.10953361398700664,0.01247729878718595,-0.10233934990282054,2.192690473634684e-15,98.0,56.0
40.0,0.07633235186445217,260.58980472467965,0.03391944919608915,2.263678964496259e-30,0.07445816438081504,0.0026625357892846183,-0.03470779750173664,1.5751289161869408e-15,98.0,64.0
40.0,0.10019396000457081,257.46518310406776,0.13898596345798225,4.9374037456128484e-30,0.17974692499869804,0.0027973319101305604,-0.22133626036224002,1.3322676295501878e-15,98.0,72.0
40.0,0.060317758687061504,257.37175201739666,0.06542407967044414,1.606547997906289e-30,0.0920168070910436,0.0014935679324249507,-0.09861669600685118,1.7763568394002505e-15,98.0,80.0
40.0,0.03682614128369581,268.2025685329893,0.05852764777450144,5.885374448618356e-30,0.05027370200101141,0.0023892227817276478,-0.07436443127354468,1.8318679906315083e-15,98.0,88.0
40.0,0.32708177450429554,214.7600823301034,0.06172002839066687,0.1939869933970067,0.04454536997395066,0.0005023261268233909,0.026327056615847944,1.0547118733938987e-15,99.0,8.0
40.0,0.23442605321857785,290.24864352876267,0.10940820250241588,0.12468194546273055,0.06840502159974102,0.0027507378973617436,-0.07081985424367138,1.6653345369377348e-15,99.0,16.0
40.0,0.10320526029645341,242.63226206353198,0.058602947387438174,0.04198489377294229,0.04436719368484465,0.01597746287066864,-0.05772723741944033,1.5543122344752192e-15,99.0,24.0
40.0,0.39816628452802394,420.8582956853362,0.10970027976756402,0.027831380048572517,0.2683421978378209,0.020177525326885593,-0.027885098452819057,2.220446049250313e-15,99.0,32.0
40.0,1.160214062198663,2487.527332300899,0.08838714319531694,6.346855409466331e-29,0.9318604917743908,0.6466468984937233,-0.5066804712647681,9.325873406851315e-15,99.0,40.0
40.0,0.2989464219268526,471.87024795608517,0.13979328329606205,1.0945958334320035e-30,0.2663150355253011,0.04545286748908825,-0.15261476438359883,2.4424906541753444e-15,99.0,48.0
40.0,0.07554861618933983,255.5390668922526,0.0720820119957392,1.602205326054496e-30,0.0584780522234603,0.0057942990559289535,-0.06080574708578862,3.6637359812630166e-15,99.0,56.0
40.0,0.12513431662961444,268.4640424326584,0.15381040298971538,5.0625684504112645e-30,0.1556438581988264,0.005541010244506255,-0.18986095480343357,1.5543122344752192e-15,99.0,64.0
40.0,0.0541262603985513,261.6161153766528,0.050625300021556324,2.68116590928582e-30,0.06222839421128176,0.003385271871099613,-0.062112705705386406,1.4432899320127035e-15,99.0,72.0
40.0,0.07502912816891366,261.83116092968896,0.10126665985121332,8.719229466531885e-31,0.09228729692680479,0.0014713184062164501,-0.11999614701532091,1.3322676295501878e-15,99.0,80.0
40.0,0.055149953887127935,244.08012979979216,0.14349127592518257,1.7041403268469208e-30,0.1394849842878816,0.0017243593711233594,-0.2295506656970596,1.4432899320127035e-15,99.0,88.0
