scenario,replicate,n_train,rank,nullity,operator_norm,trace,top_expected_risk,top_test_risk,random_trace_prediction,random_quadratic_risk,random_test_risk,train_null_residual
isotropic,0,6,6,54,1.0000000000000018,53.999999999999986,0.500000000000001,0.5048642979538982,0.4999999999999999,0.49999999999999994,0.49876529991858126,3.827792919440899e-15
isotropic,0,12,12,48,1.000000000000002,48.0,0.5000000000000002,0.4743759063520338,0.5,0.5,0.5012917071997076,4.41549319585696e-15
isotropic,0,18,18,42,1.0000000000000013,41.99999999999999,0.4999999999999998,0.5209796506125414,0.4999999999999999,0.49999999999999994,0.5025256803434563,5.186769144598718e-15
isotropic,0,24,24,36,1.000000000000002,36.0,0.5000000000000007,0.48474526404980894,0.5,0.5,0.5019982583323024,5.715085520855784e-15
isotropic,0,30,30,30,1.0000000000000029,29.999999999999996,0.5000000000000008,0.48596987448069295,0.49999999999999994,0.49999999999999994,0.4995105770176116,6.110557389444125e-15
isotropic,0,36,36,24,1.000000000000002,24.0,0.5000000000000003,0.4918447315318502,0.5,0.5,0.5004880070628144,1.0256519991976532e-14
isotropic,0,42,42,18,1.0000000000000016,17.999999999999996,0.5000000000000001,0.48618040328930434,0.4999999999999999,0.5,0.4998613870148698,1.0854173368268694e-14
isotropic,0,48,48,12,1.0000000000000007,11.999999999999995,0.5000000000000006,0.5102833063041403,0.4999999999999998,0.5,0.5015366379454006,1.3769546772165946e-14
isotropic,0,54,54,6,1.0000000000000004,6.0,0.5,0.5097694521642449,0.5,0.5,0.4970228046303971,1.634504676635351e-14
isotropic,0,60,60,0,0.0,0.0,0.0,0.0,0.0,0.0,0.0,0.0
isotropic,1,6,6,54,1.0000000000000016,53.999999999999986,0.5000000000000004,0.4916732937432202,0.4999999999999999,0.5,0.5044255156793842,3.662182082288939e-15
isotropic,1,12,12,48,1.0000000000000013,47.999999999999986,0.49999999999999983,0.5025520736656506,0.49999999999999983,0.5,0.5015128144027245,3.785921121413122e-15
isotropic,1,18,18,42,1.0000000000000022,41.99999999999999,0.5000000000000001,0.5051937890708147,0.4999999999999999,0.49999999999999994,0.5025359737360398,4.545165733411538e-15
isotropic,1,24,24,36,1.0000000000000016,35.99999999999999,0.500000000000001,0.49969927386178237,0.4999999999999999,0.5,0.4993034367075114,5.0628048859919335e-15
isotropic,1,30,30,30,1.0000000000000009,29.99999999999999,0.5000000000000002,0.489428790281373,0.49999999999999983,0.5,0.5020863837685612,5.659926339729761e-15
isotropic,1,36,36,24,1.0000000000000009,23.999999999999993,0.5000000000000006,0.49911593909822616,0.49999999999999983,0.5,0.5000056390065819,9.292855855989303e-15
isotropic,1,42,42,18,1.0000000000000018,18.0,0.5,0.509288041174077,0.5,0.5,0.4998533791899867,1.05050946348001e-14
isotropic,1,48,48,12,1.0000000000000007,11.999999999999993,0.5000000000000004,0.5171942794508381,0.4999999999999997,0.5,0.5043294912628606,1.245164385918348e-14
isotropic,1,54,54,6,1.0000000000000007,6.0,0.5000000000000001,0.4999193756430502,0.5,0.5,0.5017516385438834,1.6463874826266275e-14
isotropic,1,60,60,0,0.0,0.0,0.0,0.0,0.0,0.0,0.0,0.0
isotropic,2,6,6,54,1.000000000000001,53.999999999999986,0.4999999999999999,0.4895674386456348,0.4999999999999999,0.4999999999999999,0.5013630387308796,3.794978202195533e-15
isotropic,2,12,12,48,1.0000000000000013,47.99999999999999,0.49999999999999956,0.5042923013428305,0.49999999999999994,0.49999999999999994,0.49348357887971717,3.972668907483144e-15
isotropic,2,18,18,42,1.0000000000000016,41.99999999999999,0.5000000000000006,0.4772234953974648,0.4999999999999999,0.5,0.49542625699924464,4.994391112258306e-15
isotropic,2,24,24,36,1.0000000000000016,35.99999999999999,0.5000000000000001,0.4965775051604582,0.4999999999999999,0.49999999999999994,0.4998284299275866,5.042185558814951e-15
isotropic,2,30,30,30,1.0000000000000009,29.999999999999986,0.5000000000000003,0.5123960335368866,0.4999999999999998,0.5,0.49731886339138026,6.191355217311208e-15
isotropic,2,36,36,24,1.000000000000001,24.0,0.5000000000000003,0.5098095368226802,0.5,0.5,0.4990540443922167,9.567689317107717e-15
isotropic,2,42,42,18,1.0000000000000009,17.999999999999996,0.5000000000000007,0.49697120902792,0.4999999999999999,0.49999999999999994,0.5035634113308031,1.1903107647341279e-14
isotropic,2,48,48,12,1.000000000000001,11.999999999999998,0.5000000000000002,0.5028176157784234,0.49999999999999994,0.49999999999999994,0.4973028724908244,1.2486472027335521e-14
isotropic,2,54,54,6,1.0000000000000002,5.9999999999999964,0.5000000000000001,0.4954371135349638,0.4999999999999997,0.4999999999999999,0.4987004196849999,1.742759664491916e-14
isotropic,2,60,60,0,0.0,0.0,0.0,0.0,0.0,0.0,0.0,0.0
isotropic,3,6,6,54,1.0000000000000018,53.99999999999998,0.5000000000000003,0.5066315184621988,0.4999999999999998,0.5,0.5003245090649315,3.854784841146027e-15
isotropic,3,12,12,48,1.0000000000000018,47.99999999999999,0.5000000000000003,0.510048605210881,0.49999999999999994,0.49999999999999994,0.5018711548491646,4.078336945189797e-15
isotropic,3,18,18,42,1.0000000000000022,41.99999999999999,0.5000000000000006,0.47837565304120927,0.4999999999999999,0.5,0.4946655425729407,4.800839181615793e-15
isotropic,3,24,24,36,1.0000000000000013,35.999999999999986,0.5,0.4955812694066915,0.4999999999999998,0.5,0.5034810011733963,4.679907698472523e-15
isotropic,3,30,30,30,1.0000000000000013,29.999999999999986,0.5000000000000004,0.514093435475367,0.4999999999999998,0.5,0.5032104229732189,6.258741241490519e-15
isotropic,3,36,36,24,1.0000000000000013,23.999999999999993,0.49999999999999994,0.49525675862507723,0.49999999999999983,0.5,0.49906372115567005,1.0094071914188285e-14
isotropic,3,42,42,18,1.0000000000000016,17.999999999999996,0.5000000000000002,0.49957556319829305,0.4999999999999999,0.5,0.4978376567902374,1.0755661964659924e-14
isotropic,3,48,48,12,1.0000000000000009,12.0,0.49999999999999994,0.5021379557301254,0.5,0.5,0.500114268607818,1.691056690759809e-14
isotropic,3,54,54,6,1.0000000000000007,6.000000000000001,0.4999999999999999,0.4841063346893607,0.5000000000000001,0.5,0.49091585988314324,1.7066560406994423e-14
isotropic,3,60,60,0,0.0,0.0,0.0,0.0,0.0,0.0,0.0,0.0
isotropic,4,6,6,54,1.0000000000000013,53.999999999999986,0.5,0.4909815666163029,0.4999999999999999,0.49999999999999994,0.4995293341561304,2.9643583995457055e-15
isotropic,4,12,12,48,1.000000000000002,47.99999999999999,0.5000000000000001,0.4818664472649581,0.49999999999999994,0.5,0.4999485022894799,3.718086522098154e-15
isotropic,4,18,18,42,1.000000000000001,41.999999999999986,0.5,0.4904849462895825,0.49999999999999983,0.5,0.49676218064942934,4.8160835479305206e-15
isotropic,4,24,24,36,1.0000000000000013,36.0,0.5000000000000002,0.5091745316893685,0.5,0.5,0.4982099426400995,4.9048669030494406e-15
isotropic,4,30,30,30,1.0000000000000024,29.999999999999996,0.5000000000000003,0.5118787870171795,0.49999999999999994,0.4999999999999999,0.49541055294745817,6.110286519332836e-15
isotropic,4,36,36,24,1.0000000000000016,24.0,0.4999999999999999,0.4942725514567209,0.5,0.5,0.49602444495942855,1.0135439074808098e-14
isotropic,4,42,42,18,1.000000000000001,17.999999999999996,0.49999999999999983,0.5095260640202137,0.4999999999999999,0.5,0.5025467546947152,1.097356037781553e-14
isotropic,4,48,48,12,1.0000000000000007,11.999999999999996,0.4999999999999998,0.5123356376411945,0.49999999999999983,0.5,0.49832926090493634,1.2170929154902504e-14
isotropic,4,54,54,6,1.000000000000001,6.0,0.4999999999999999,0.48557626927441516,0.5,0.5,0.4968820643774775,1.542778306012806e-14
isotropic,4,60,60,0,0.0,0.0,0.0,0.0,0.0,0.0,0.0,0.0
isotropic,5,6,6,54,1.0000000000000013,53.99999999999997,0.5,0.49408847336953204,0.4999999999999997,0.5,0.49904770704415485,2.4109246543459464e-15
isotropic,5,12,12,48,1.0000000000000016,48.0,0.5000000000000004,0.49020587048265,0.5,0.5,0.4966671793913738,3.55995575624602e-15
isotropic,5,18,18,42,1.0000000000000009,41.999999999999986,0.5000000000000001,0.49629007146222326,0.49999999999999983,0.5,0.501040241629796,4.197667725690079e-15
isotropic,5,24,24,36,1.000000000000001,35.999999999999986,0.5000000000000002,0.48668428099731403,0.4999999999999998,0.49999999999999994,0.49595983185297976,5.4377811462884445e-15
isotropic,5,30,30,30,1.0000000000000013,29.999999999999993,0.49999999999999944,0.49267284377105425,0.4999999999999999,0.5,0.4977347868759593,5.49868148813076e-15
isotropic,5,36,36,24,1.000000000000002,24.0,0.5000000000000009,0.4877911249678706,0.5,0.5,0.4967851589209329,9.61450151636209e-15
isotropic,5,42,42,18,1.000000000000001,17.999999999999993,0.5,0.49679424767471503,0.4999999999999998,0.5,0.4977078047783079,1.1574368639012907e-14
isotropic,5,48,48,12,1.0000000000000004,11.999999999999996,0.5000000000000003,0.5069852398161759,0.49999999999999983,0.4999999999999999,0.49456159697216645,1.3125404400171308e-14
isotropic,5,54,54,6,1.0000000000000007,6.000000000000001,0.5000000000000002,0.4846354021588761,0.5000000000000001,0.5,0.4925838475561236,1.5733332683732103e-14
isotropic,5,60,60,0,0.0,0.0,0.0,0.0,0.0,0.0,0.0,0.0
isotropic,6,6,6,54,1.0000000000000018,54.0,0.49999999999999994,0.5072597341337347,0.5,0.5,0.49967809465279256,3.928181547387274e-15
isotropic,6,12,12,48,1.0000000000000018,47.99999999999999,0.5000000000000002,0.4888327879682167,0.49999999999999994,0.5,0.5005480702755345,3.8029110640983855e-15
isotropic,6,18,18,42,1.0000000000000013,41.99999999999999,0.5000000000000001,0.49337927360469525,0.4999999999999999,0.5,0.49813827083450507,4.520043829105658e-15
isotropic,6,24,24,36,1.0000000000000013,35.999999999999986,0.49999999999999994,0.4848036522098646,0.4999999999999998,0.5,0.49921553834341154,5.10412185983228e-15
isotropic,6,30,30,30,1.0000000000000016,29.999999999999996,0.5000000000000001,0.4954132170285249,0.49999999999999994,0.4999999999999999,0.503051858120795,5.855405566001147e-15
isotropic,6,36,36,24,1.0000000000000009,23.999999999999996,0.5000000000000007,0.4962215657998304,0.49999999999999994,0.5,0.5020718010909645,1.1428299865834067e-14
isotropic,6,42,42,18,1.0000000000000013,18.0,0.5000000000000008,0.4954215272247222,0.5,0.5,0.5033840011698996,1.0581177223974548e-14
isotropic,6,48,48,12,1.0000000000000007,11.999999999999998,0.5000000000000001,0.5143513795685593,0.49999999999999994,0.5,0.5011906590982433,1.2052223041948447e-14
isotropic,6,54,54,6,1.0000000000000004,6.0,0.5000000000000003,0.5009587147082526,0.5,0.5,0.5025070818564354,1.4140737073103079e-14
isotropic,6,60,60,0,0.0,0.0,0.0,0.0,0.0,0.0,0.0,0.0
isotropic,7,6,6,54,1.0000000000000016,53.999999999999986,0.5000000000000011,0.509185854331642,0.4999999999999999,0.5,0.5005076692344125,3.0125968460967315e-15
isotropic,7,12,12,48,1.0000000000000022,47.99999999999999,0.5000000000000008,0.5025112261119867,0.49999999999999994,0.4999999999999999,0.49450000577401654,3.336333090398129e-15
isotropic,7,18,18,42,1.0000000000000016,41.999999999999986,0.5000000000000001,0.5114354468267316,0.49999999999999983,0.5,0.4980804950929232,3.947885292109533e-15
isotropic,7,24,24,36,1.0000000000000016,35.99999999999999,0.5000000000000003,0.5073211931817524,0.4999999999999999,0.49999999999999994,0.4981688513653898,5.470455218230712e-15
isotropic,7,30,30,30,1.0000000000000013,29.999999999999993,0.5000000000000001,0.4925018962301059,0.4999999999999999,0.5,0.49802566838280976,5.375630035633108e-15
isotropic,7,36,36,24,1.0000000000000009,23.999999999999996,0.5000000000000007,0.5009566187300227,0.49999999999999994,0.49999999999999994,0.4942672984207185,1.1713493258528896e-14
isotropic,7,42,42,18,1.000000000000001,17.999999999999996,0.5000000000000011,0.49235108529246085,0.4999999999999999,0.5,0.499486797959518,1.1826708726556644e-14
isotropic,7,48,48,12,1.0000000000000009,12.0,0.5000000000000001,0.5002009879463506,0.5,0.5,0.496633516479006,1.1470838348771683e-14
isotropic,7,54,54,6,1.0000000000000009,5.999999999999999,0.5000000000000003,0.48702400692481074,0.49999999999999994,0.5,0.4931644990601486,1.7337089013523665e-14
isotropic,7,60,60,0,0.0,0.0,0.0,0.0,0.0,0.0,0.0,0.0
isotropic,8,6,6,54,1.000000000000002,53.999999999999986,0.5000000000000006,0.5127426120533128,0.4999999999999999,0.5,0.501882301309073,3.1252833169730263e-15
isotropic,8,12,12,48,1.0000000000000018,47.99999999999999,0.5000000000000007,0.4884566756387789,0.49999999999999994,0.5,0.4989591561321832,4.0420398823324e-15
isotropic,8,18,18,42,1.0000000000000018,41.999999999999986,0.5000000000000008,0.48871804536806984,0.49999999999999983,0.5,0.5030396771590087,4.803742418670633e-15
isotropic,8,24,24,36,1.0000000000000013,35.99999999999999,0.5000000000000003,0.5273300486381006,0.4999999999999999,0.5,0.49752820653520935,5.465030584094976e-15
isotropic,8,30,30,30,1.0000000000000016,29.999999999999993,0.5000000000000003,0.49299913866882017,0.4999999999999999,0.5,0.49688579895599516,5.773398179758304e-15
isotropic,8,36,36,24,1.0000000000000027,24.0,0.5000000000000007,0.5059158225298379,0.5,0.5,0.5016609435049858,8.687710059086596e-15
isotropic,8,42,42,18,1.0000000000000013,17.999999999999996,0.5000000000000003,0.5101629663646804,0.4999999999999999,0.5,0.5004003412374499,1.1428940436394128e-14
isotropic,8,48,48,12,1.0000000000000013,11.999999999999998,0.5,0.4975830956509918,0.49999999999999994,0.5,0.49848498905846594,1.2721361180964382e-14
isotropic,8,54,54,6,1.0000000000000002,5.9999999999999964,0.5000000000000002,0.4916800560275771,0.4999999999999997,0.5,0.498291711492021,1.6058969432125757e-14
isotropic,8,60,60,0,0.0,0.0,0.0,0.0,0.0,0.0,0.0,0.0
isotropic,9,6,6,54,1.0000000000000022,53.99999999999999,0.5000000000000001,0.4824496784384522,0.49999999999999994,0.5,0.49925199863353575,4.46877408656417e-15
isotropic,9,12,12,48,1.000000000000002,48.0,0.4999999999999999,0.5023374200373297,0.5,0.5,0.49809248381440474,4.7707868404543146e-15
isotropic,9,18,18,42,1.0000000000000018,42.0,0.5,0.49218678335257315,0.5,0.5,0.4970793025301634,5.389710882223345e-15
isotropic,9,24,24,36,1.000000000000001,35.99999999999999,0.5000000000000007,0.49574637227482665,0.4999999999999999,0.5,0.4972070037969216,5.6657771185135976e-15
isotropic,9,30,30,30,1.0000000000000013,29.99999999999999,0.5000000000000003,0.4760580704607008,0.49999999999999983,0.49999999999999994,0.5000716434154622,6.473589036579723e-15
isotropic,9,36,36,24,1.0000000000000013,23.999999999999996,0.5000000000000003,0.4991729706347968,0.49999999999999994,0.5000000000000001,0.4961862775869621,1.0397820041858266e-14
isotropic,9,42,42,18,1.0000000000000009,17.999999999999996,0.49999999999999994,0.5026949152535058,0.4999999999999999,0.49999999999999994,0.4910170143432413,1.1483787344930188e-14
isotropic,9,48,48,12,1.0000000000000007,11.999999999999995,0.5,0.5123009489296716,0.4999999999999998,0.49999999999999994,0.49737827384781497,1.46128586540836e-14
isotropic,9,54,54,6,1.0000000000000007,6.0,0.5000000000000001,0.49528745804341334,0.5,0.5,0.4931528931142327,1.5099912284782223e-14
isotropic,9,60,60,0,0.0,0.0,0.0,0.0,0.0,0.0,0.0,0.0
isotropic,10,6,6,54,1.000000000000002,53.99999999999999,0.5,0.5183445393446124,0.49999999999999994,0.5,0.49791167773478584,2.6612266942508853e-15
isotropic,10,12,12,48,1.000000000000002,48.0,0.5000000000000006,0.4968694599222926,0.5,0.5,0.5052721177998091,3.928460390562929e-15
isotropic,10,18,18,42,1.0000000000000016,41.99999999999999,0.5000000000000001,0.5018448332697699,0.4999999999999999,0.5,0.4985915195276277,5.104157037045894e-15
isotropic,10,24,24,36,1.000000000000001,35.999999999999986,0.4999999999999996,0.518467155231803,0.4999999999999998,0.5,0.5029324632217138,4.799887871341493e-15
isotropic,10,30,30,30,1.0000000000000016,29.99999999999999,0.5000000000000004,0.5040307571006616,0.49999999999999983,0.5,0.5011530064748393,6.980945241428997e-15
isotropic,10,36,36,24,1.000000000000001,24.0,0.5000000000000001,0.5079801132065089,0.5,0.49999999999999994,0.49849768687468815,9.900638329096743e-15
isotropic,10,42,42,18,1.0000000000000013,18.0,0.5000000000000004,0.5076463118512117,0.5,0.5,0.5017894949144899,9.60875384243556e-15
isotropic,10,48,48,12,1.0000000000000007,11.999999999999998,0.5000000000000008,0.5025928486510765,0.49999999999999994,0.5,0.49711831773823856,1.1636721231000951e-14
isotropic,10,54,54,6,1.0000000000000016,6.000000000000003,0.5000000000000008,0.4893958390214238,0.5000000000000002,0.5,0.49494258536559366,1.9622818331213443e-14
isotropic,10,60,60,0,0.0,0.0,0.0,0.0,0.0,0.0,0.0,0.0
isotropic,11,6,6,54,1.0000000000000013,53.999999999999986,0.5000000000000003,0.4938266809329157,0.4999999999999999,0.5,0.5029520548382136,2.9445881283643387e-15
isotropic,11,12,12,48,1.000000000000001,47.99999999999999,0.5000000000000003,0.5249122401830163,0.49999999999999994,0.5,0.500105535072761,3.6994060071904354e-15
isotropic,11,18,18,42,1.0000000000000016,41.99999999999999,0.5000000000000001,0.5022838004373265,0.4999999999999999,0.5,0.5003050167568157,4.983389331184096e-15
isotropic,11,24,24,36,1.0000000000000013,35.99999999999999,0.5000000000000001,0.4938693564261015,0.4999999999999999,0.5,0.5030471333043127,4.8963378966828815e-15
isotropic,11,30,30,30,1.0000000000000013,29.999999999999986,0.4999999999999997,0.4992755481066636,0.4999999999999998,0.5,0.4962548576191459,6.3596571820392474e-15
isotropic,11,36,36,24,1.0000000000000013,24.0,0.49999999999999983,0.5130971325948877,0.5,0.5,0.5008462429389138,9.216767395721929e-15
isotropic,11,42,42,18,1.0000000000000007,17.999999999999996,0.5000000000000003,0.48957110988474595,0.4999999999999999,0.5,0.5027901731901181,1.1112778029373109e-14
isotropic,11,48,48,12,1.0000000000000007,11.999999999999995,0.5000000000000003,0.5033308093789368,0.4999999999999998,0.4999999999999999,0.5041113314115793,1.335302711197584e-14
isotropic,11,54,54,6,1.0000000000000016,6.000000000000002,0.5000000000000003,0.5077643992245895,0.5000000000000001,0.5000000000000001,0.5032636770191742,1.6537308439271086e-14
isotropic,11,60,60,0,0.0,0.0,0.0,0.0,0.0,0.0,0.0,0.0
isotropic,12,6,6,54,1.0000000000000013,53.99999999999998,0.5000000000000001,0.4871059449465604,0.4999999999999998,0.5,0.49734700234711615,3.226852909333759e-15
isotropic,12,12,12,48,1.0000000000000016,48.0,0.4999999999999997,0.4933819824531004,0.5,0.5,0.4994300432313495,3.478862997002988e-15
isotropic,12,18,18,42,1.000000000000001,41.99999999999999,0.5000000000000004,0.4988475423951999,0.4999999999999999,0.4999999999999999,0.49754883216076573,4.2512485733266675e-15
isotropic,12,24,24,36,1.0000000000000018,35.99999999999999,0.5000000000000001,0.4988318979742742,0.4999999999999999,0.5,0.5012841274773125,4.528921176652454e-15
isotropic,12,30,30,30,1.0000000000000018,29.999999999999993,0.5000000000000003,0.49173656843752317,0.4999999999999999,0.5,0.49940864278683444,5.6950415638244624e-15
isotropic,12,36,36,24,1.0000000000000009,23.999999999999993,0.5000000000000002,0.5108170702199532,0.49999999999999983,0.49999999999999994,0.49740913862004765,1.0475430195589621e-14
isotropic,12,42,42,18,1.000000000000001,17.999999999999996,0.5000000000000007,0.5009318927574244,0.4999999999999999,0.5,0.5038599620880988,9.431520168323574e-15
isotropic,12,48,48,12,1.0000000000000009,11.999999999999996,0.5000000000000006,0.49526996492762626,0.49999999999999983,0.5,0.49699984888215876,1.2332925148052787e-14
isotropic,12,54,54,6,1.0000000000000002,5.999999999999998,0.49999999999999994,0.5072373112326134,0.49999999999999983,0.5,0.4962825035432895,1.591188645371754e-14
isotropic,12,60,60,0,0.0,0.0,0.0,0.0,0.0,0.0,0.0,0.0
isotropic,13,6,6,54,1.0000000000000018,53.999999999999986,0.5000000000000007,0.48716121779962407,0.4999999999999999,0.5,0.4998132211041522,3.819722254354958e-15
isotropic,13,12,12,48,1.0000000000000016,47.99999999999999,0.4999999999999993,0.4948913487646691,0.49999999999999994,0.5,0.49940753973327306,4.4885957229643196e-15
isotropic,13,18,18,42,1.0000000000000013,42.0,0.5000000000000004,0.4874656937395,0.5,0.5,0.49937345201931593,4.84843342529496e-15
isotropic,13,24,24,36,1.000000000000001,35.999999999999986,0.5000000000000007,0.5050488994022408,0.4999999999999998,0.5,0.4958952571520796,5.5171432535235535e-15
isotropic,13,30,30,30,1.000000000000002,29.999999999999996,0.5000000000000003,0.4959803450344903,0.49999999999999994,0.5,0.4976862159813322,6.0906561933815005e-15
isotropic,13,36,36,24,1.0000000000000009,23.999999999999993,0.5,0.48001873242037774,0.49999999999999983,0.5,0.4987770160476108,9.492322090612892e-15
isotropic,13,42,42,18,1.0000000000000009,17.999999999999996,0.5000000000000003,0.4874793050519691,0.4999999999999999,0.5,0.49860362575028977,1.1680426635300665e-14
isotropic,13,48,48,12,1.0000000000000004,11.999999999999996,0.5,0.4882318126205546,0.49999999999999983,0.5,0.4938444715806277,1.3896869730394408e-14
isotropic,13,54,54,6,1.0000000000000002,5.999999999999998,0.4999999999999999,0.5176336400755603,0.49999999999999983,0.5,0.4960760559545993,1.5645753581345168e-14
isotropic,13,60,60,0,0.0,0.0,0.0,0.0,0.0,0.0,0.0,0.0
isotropic,14,6,6,54,1.000000000000002,53.999999999999986,0.4999999999999999,0.5074593438466634,0.4999999999999999,0.5,0.5020984470049888,4.407927371914706e-15
isotropic,14,12,12,48,1.000000000000001,47.999999999999986,0.5000000000000006,0.4949755229929226,0.49999999999999983,0.5,0.5049653285453707,3.934937412794711e-15
isotropic,14,18,18,42,1.0000000000000013,41.99999999999999,0.49999999999999967,0.4894473046382014,0.4999999999999999,0.5,0.49955176284923575,4.245834536704655e-15
isotropic,14,24,24,36,1.0000000000000018,36.0,0.5000000000000004,0.5002558971525235,0.5,0.5,0.49979533802542164,5.25829134786333e-15
isotropic,14,30,30,30,1.0000000000000013,29.99999999999999,0.5000000000000004,0.49360174238054566,0.49999999999999983,0.5,0.5004469360974281,5.60513596882606e-15
isotropic,14,36,36,24,1.000000000000001,23.999999999999993,0.5000000000000004,0.5047850435695256,0.49999999999999983,0.5,0.5014324317313871,9.658526575565346e-15
isotropic,14,42,42,18,1.000000000000001,17.999999999999996,0.5000000000000003,0.5111849741528118,0.4999999999999999,0.5,0.5048232416765229,1.1485870120044088e-14
isotropic,14,48,48,12,1.000000000000001,12.0,0.49999999999999994,0.48175783313359993,0.5,0.5,0.4992522446945584,1.2462337700468301e-14
isotropic,14,54,54,6,1.0000000000000007,6.000000000000001,0.5000000000000004,0.482464336775382,0.5000000000000001,0.5,0.497565032521342,1.981141114625393e-14
isotropic,14,60,60,0,0.0,0.0,0.0,0.0,0.0,0.0,0.0,0.0
isotropic,15,6,6,54,1.000000000000001,53.999999999999986,0.5000000000000003,0.4865541910965804,0.4999999999999999,0.5,0.4973690591147424,2.530129677199462e-15
isotropic,15,12,12,48,1.0000000000000018,47.99999999999999,0.4999999999999999,0.5036191580887128,0.49999999999999994,0.5,0.49911711017427196,3.3073231475096234e-15
isotropic,15,18,18,42,1.000000000000002,41.99999999999999,0.49999999999999994,0.5128070378307219,0.4999999999999999,0.5,0.49951240476509906,4.4613543009932775e-15
isotropic,15,24,24,36,1.0000000000000009,35.99999999999999,0.5,0.5025186039979189,0.4999999999999999,0.5,0.49731829907427305,6.157341390503772e-15
isotropic,15,30,30,30,1.0000000000000013,29.999999999999986,0.5000000000000008,0.5080596736630492,0.4999999999999998,0.49999999999999994,0.4988776578480944,4.75543682020731e-15
isotropic,15,36,36,24,1.000000000000001,23.999999999999993,0.5000000000000004,0.49028123999623396,0.49999999999999983,0.49999999999999994,0.4986400533737253,8.929437754511126e-15
isotropic,15,42,42,18,1.0000000000000016,18.0,0.4999999999999999,0.5062815537254701,0.5,0.5,0.4966708586783698,9.487310512186329e-15
isotropic,15,48,48,12,1.0000000000000009,11.999999999999996,0.5,0.5013489144987688,0.49999999999999983,0.5,0.49529417507093126,1.3065300935280072e-14
isotropic,15,54,54,6,1.0000000000000004,6.0,0.5000000000000002,0.482131800856608,0.5,0.5,0.5021346734635178,1.5541646913470484e-14
isotropic,15,60,60,0,0.0,0.0,0.0,0.0,0.0,0.0,0.0,0.0
isotropic,16,6,6,54,1.0000000000000016,53.999999999999986,0.5000000000000002,0.49991528795490237,0.4999999999999999,0.5,0.496052636639601,3.4769042081404164e-15
isotropic,16,12,12,48,1.0000000000000018,48.00000000000001,0.4999999999999999,0.49037533655471827,0.5000000000000001,0.49999999999999994,0.5036763338473274,3.6582681342296794e-15
isotropic,16,18,18,42,1.0000000000000016,41.99999999999999,0.5000000000000011,0.4915093105908955,0.4999999999999999,0.4999999999999999,0.5031250371280185,4.4830103108597205e-15
isotropic,16,24,24,36,1.000000000000002,35.99999999999999,0.5000000000000009,0.5152286819264799,0.4999999999999999,0.5,0.5026381228478002,4.8718832944061045e-15
isotropic,16,30,30,30,1.000000000000001,29.99999999999999,0.5000000000000007,0.49120043956974857,0.49999999999999983,0.5,0.5019014301289388,5.9625641056878e-15
isotropic,16,36,36,24,1.0000000000000018,24.0,0.5,0.4934816449222872,0.5,0.4999999999999999,0.5011823902083714,1.2061843825587468e-14
isotropic,16,42,42,18,1.0000000000000013,18.000000000000004,0.5000000000000002,0.4989740485104685,0.5000000000000001,0.5,0.49823037944392246,9.855373710997267e-15
isotropic,16,48,48,12,1.000000000000001,12.000000000000002,0.5000000000000004,0.4937229725323814,0.5000000000000001,0.5,0.49733890040298084,1.394486503460097e-14
isotropic,16,54,54,6,1.0000000000000007,6.000000000000001,0.5,0.5054181446987859,0.5000000000000001,0.5,0.49814916109820323,1.760427027366953e-14
isotropic,16,60,60,0,0.0,0.0,0.0,0.0,0.0,0.0,0.0,0.0
isotropic,17,6,6,54,1.000000000000002,53.999999999999986,0.5000000000000013,0.5027797243465846,0.4999999999999999,0.5,0.4987379688077357,3.3177037806104186e-15
isotropic,17,12,12,48,1.0000000000000013,47.999999999999986,0.49999999999999994,0.49984190657190103,0.49999999999999983,0.49999999999999994,0.4999043299078926,5.428870474766194e-15
isotropic,17,18,18,42,1.0000000000000018,42.0,0.5000000000000007,0.4957036546528735,0.5,0.5,0.5002500030649302,5.7518356356634975e-15
isotropic,17,24,24,36,1.0000000000000009,35.99999999999999,0.5000000000000002,0.5136095727411905,0.4999999999999999,0.5,0.5031807846376868,6.788588446732206e-15
isotropic,17,30,30,30,1.0000000000000013,29.99999999999999,0.5000000000000006,0.5098888708121035,0.49999999999999983,0.49999999999999994,0.5004240335545593,7.056629665633612e-15
isotropic,17,36,36,24,1.0000000000000009,23.999999999999993,0.5000000000000003,0.4986589261717922,0.49999999999999983,0.4999999999999999,0.5057358001736101,8.872486256752248e-15
isotropic,17,42,42,18,1.0000000000000009,17.999999999999993,0.5000000000000003,0.4946853816141812,0.4999999999999998,0.5,0.5032144926569222,1.1088134675627752e-14
isotropic,17,48,48,12,1.0000000000000009,11.999999999999996,0.5000000000000003,0.5053210753563079,0.49999999999999983,0.5,0.5000092763319466,1.393189752031568e-14
isotropic,17,54,54,6,1.0000000000000018,6.000000000000002,0.5000000000000006,0.5098650227059045,0.5000000000000001,0.5000000000000001,0.5016404204261287,1.4913478630957746e-14
isotropic,17,60,60,0,0.0,0.0,0.0,0.0,0.0,0.0,0.0,0.0
isotropic,18,6,6,54,1.000000000000002,53.99999999999998,0.5000000000000004,0.5057133313115978,0.4999999999999998,0.5,0.5020192061466338,2.648561291271639e-15
isotropic,18,12,12,48,1.0000000000000018,48.0,0.5000000000000002,0.49953674318378605,0.5,0.5,0.5017676286934882,3.7356684122318055e-15
isotropic,18,18,18,42,1.0000000000000016,41.99999999999999,0.5000000000000001,0.5072081198444465,0.4999999999999999,0.5,0.5034003099852411,5.040549045233131e-15
isotropic,18,24,24,36,1.0000000000000013,35.99999999999999,0.5000000000000008,0.5200923366563459,0.4999999999999999,0.5,0.4999238284859958,6.126668910190097e-15
isotropic,18,30,30,30,1.0000000000000016,29.999999999999993,0.5000000000000003,0.5118706167559401,0.4999999999999999,0.5,0.5035642473012989,7.21673994033219e-15
isotropic,18,36,36,24,1.0000000000000009,23.999999999999993,0.5000000000000003,0.5167087923872864,0.49999999999999983,0.5,0.5034560988615651,8.719209726086622e-15
isotropic,18,42,42,18,1.0000000000000004,17.999999999999996,0.5,0.4965379547527264,0.4999999999999999,0.49999999999999994,0.5033264725528969,1.1103266630243247e-14
isotropic,18,48,48,12,1.0000000000000013,12.000000000000002,0.5000000000000001,0.49835614473079193,0.5000000000000001,0.5,0.506200381424579,1.2276435059181499e-14
isotropic,18,54,54,6,1.0000000000000013,6.000000000000002,0.5000000000000003,0.5183415492675487,0.5000000000000001,0.5,0.5062860032106433,1.5243904672176043e-14
isotropic,18,60,60,0,0.0,0.0,0.0,0.0,0.0,0.0,0.0,0.0
isotropic,19,6,6,54,1.0000000000000018,53.999999999999986,0.5000000000000001,0.514968464974972,0.4999999999999999,0.5,0.5009588432802943,3.1807598613504345e-15
isotropic,19,12,12,48,1.0000000000000016,47.999999999999986,0.5000000000000006,0.5213600136094292,0.49999999999999983,0.5,0.4961163726201018,4.8582968126734345e-15
isotropic,19,18,18,42,1.0000000000000013,41.999999999999986,0.5000000000000001,0.49828584887060673,0.49999999999999983,0.49999999999999994,0.49866785637466626,5.9702838162737956e-15
isotropic,19,24,24,36,1.0000000000000022,36.0,0.5000000000000012,0.48913735283252746,0.5,0.5,0.5019059546175294,5.684400704668994e-15
isotropic,19,30,30,30,1.0000000000000013,29.999999999999993,0.5000000000000003,0.4773426685043092,0.4999999999999999,0.5,0.5004957423511941,6.3117270003814184e-15
isotropic,19,36,36,24,1.0000000000000013,24.0,0.5000000000000004,0.5060162011581852,0.5,0.4999999999999999,0.4997689690538132,9.783156147327686e-15
isotropic,19,42,42,18,1.0000000000000009,17.99999999999999,0.49999999999999994,0.5081605696582464,0.4999999999999997,0.5,0.49772441463892103,9.838052420020511e-15
isotropic,19,48,48,12,1.0000000000000013,11.999999999999998,0.5000000000000006,0.49251410730226697,0.49999999999999994,0.5,0.4987327324291685,1.258515587257691e-14
isotropic,19,54,54,6,1.0000000000000007,6.000000000000001,0.5000000000000002,0.48211130648375355,0.5000000000000001,0.5,0.4982770149575896,1.8737120176075223e-14
isotropic,19,60,60,0,0.0,0.0,0.0,0.0,0.0,0.0,0.0,0.0
isotropic,20,6,6,54,1.0000000000000018,53.99999999999998,0.5000000000000004,0.4779792686716112,0.4999999999999998,0.5,0.4948594296667743,2.6753706364642747e-15
isotropic,20,12,12,48,1.0000000000000018,47.99999999999999,0.500000000000001,0.494127313966535,0.49999999999999994,0.5,0.4999652908466827,3.80189868529466e-15
isotropic,20,18,18,42,1.0000000000000013,41.99999999999999,0.5000000000000003,0.4972056603509101,0.4999999999999999,0.5,0.4980345741361515,4.98917012062176e-15
isotropic,20,24,24,36,1.0000000000000013,35.99999999999999,0.5000000000000001,0.500008727134591,0.4999999999999999,0.49999999999999994,0.505019628832104,4.320508617294746e-15
isotropic,20,30,30,30,1.000000000000001,29.99999999999999,0.5000000000000002,0.4848646561999029,0.49999999999999983,0.5,0.49780842220243104,6.599956885086347e-15
isotropic,20,36,36,24,1.000000000000002,24.0,0.5,0.5166018959741345,0.5,0.5,0.5002492225829619,8.690413012063397e-15
isotropic,20,42,42,18,1.0000000000000018,18.0,0.5000000000000008,0.49725619709328295,0.5,0.5,0.5003648983590692,1.0649204251188164e-14
isotropic,20,48,48,12,1.000000000000001,11.999999999999998,0.5000000000000001,0.4872029135836793,0.49999999999999994,0.5,0.4948520139916601,1.1632473814980998e-14
isotropic,20,54,54,6,1.0000000000000004,5.999999999999998,0.5000000000000001,0.5042566348813315,0.49999999999999983,0.49999999999999994,0.5022685518512751,1.6884606688062307e-14
isotropic,20,60,60,0,0.0,0.0,0.0,0.0,0.0,0.0,0.0,0.0
isotropic,21,6,6,54,1.0000000000000016,53.99999999999998,0.5000000000000003,0.4977282349734359,0.4999999999999998,0.5,0.5024093542365897,2.978526223536221e-15
isotropic,21,12,12,48,1.000000000000002,47.99999999999999,0.5,0.49144004496782323,0.49999999999999994,0.5,0.4975095938899865,3.1502073077287646e-15
isotropic,21,18,18,42,1.0000000000000013,41.99999999999999,0.5000000000000006,0.49517840608959485,0.4999999999999999,0.5,0.49728338264304606,6.465776401154518e-15
isotropic,21,24,24,36,1.0000000000000016,36.0,0.5000000000000009,0.5008216681365403,0.5,0.5,0.4990816219123396,5.877242885927008e-15
isotropic,21,30,30,30,1.0000000000000018,29.999999999999993,0.5000000000000007,0.502769409941933,0.4999999999999999,0.5,0.4980804054633132,5.312126076174029e-15
isotropic,21,36,36,24,1.000000000000001,24.0,0.5000000000000002,0.5135824796085633,0.5,0.5,0.4969468616919357,8.12369954709085e-15
isotropic,21,42,42,18,1.0000000000000027,18.0,0.5000000000000002,0.5008477975153469,0.5,0.5,0.49292095896375526,1.1487402701041905e-14
isotropic,21,48,48,12,1.000000000000001,12.0,0.5000000000000001,0.4955938351481598,0.5,0.5,0.49923231155740966,1.309329610106424e-14
isotropic,21,54,54,6,1.0000000000000002,5.999999999999999,0.5000000000000003,0.5019235629950902,0.49999999999999994,0.4999999999999999,0.49516491640469357,1.6560937345671234e-14
isotropic,21,60,60,0,0.0,0.0,0.0,0.0,0.0,0.0,0.0,0.0
isotropic,22,6,6,54,1.0000000000000018,53.99999999999998,0.5000000000000003,0.5106722466423904,0.4999999999999998,0.5,0.5018479562099107,4.20797922358081e-15
isotropic,22,12,12,48,1.000000000000002,48.0,0.5000000000000006,0.5079605084545125,0.5,0.5,0.4970952578406588,4.6139376104518475e-15
isotropic,22,18,18,42,1.0000000000000022,41.99999999999999,0.5000000000000003,0.5114874291452108,0.4999999999999999,0.5,0.5024012138935489,5.222858598806735e-15
isotropic,22,24,24,36,1.000000000000001,35.999999999999986,0.49999999999999983,0.49541914282607097,0.4999999999999998,0.5,0.5003170902017158,5.591511805403358e-15
isotropic,22,30,30,30,1.0000000000000016,29.999999999999993,0.5000000000000001,0.5003336209251886,0.4999999999999999,0.5,0.49855053233879826,5.987842434864959e-15
isotropic,22,36,36,24,1.0000000000000013,23.999999999999996,0.5000000000000006,0.4996139783812992,0.49999999999999994,0.4999999999999999,0.5028501733556716,1.2669731492366028e-14
isotropic,22,42,42,18,1.0000000000000013,18.0,0.5000000000000003,0.5304373681142627,0.5,0.5,0.49938631933246097,1.1912366935708202e-14
isotropic,22,48,48,12,1.0000000000000009,11.999999999999996,0.5000000000000001,0.508122868718677,0.49999999999999983,0.5,0.5023751534288956,1.43926299835038e-14
isotropic,22,54,54,6,1.0000000000000007,5.999999999999999,0.5000000000000001,0.48565059586256687,0.49999999999999994,0.5,0.4984776555303993,1.9733450199477653e-14
isotropic,22,60,60,0,0.0,0.0,0.0,0.0,0.0,0.0,0.0,0.0
isotropic,23,6,6,54,1.0000000000000018,53.999999999999986,0.5000000000000004,0.5013782244201211,0.4999999999999999,0.5,0.497920610947295,2.7664349888362457e-15
isotropic,23,12,12,48,1.0000000000000016,47.999999999999986,0.5000000000000001,0.4919864683481424,0.49999999999999983,0.5,0.4997631909765579,3.718446400438512e-15
isotropic,23,18,18,42,1.000000000000003,41.99999999999999,0.5000000000000006,0.4987441176431311,0.4999999999999999,0.5,0.4967407282679913,3.930081440670399e-15
isotropic,23,24,24,36,1.0000000000000013,35.99999999999999,0.5000000000000007,0.5136422417896925,0.4999999999999999,0.5,0.4978533671945271,4.992407276592641e-15
isotropic,23,30,30,30,1.000000000000002,29.999999999999996,0.5000000000000003,0.49947300191930405,0.49999999999999994,0.5,0.5009058556990768,6.49492165073282e-15
isotropic,23,36,36,24,1.0000000000000016,24.0,0.4999999999999998,0.5034028876278016,0.5,0.5,0.5002757970577079,8.8314328272682e-15
isotropic,23,42,42,18,1.000000000000001,17.999999999999993,0.5000000000000003,0.5032891484100219,0.4999999999999998,0.49999999999999994,0.4963849427497254,9.643016474500461e-15
isotropic,23,48,48,12,1.000000000000001,12.0,0.5,0.49727095019447465,0.5,0.5,0.49820394597653767,1.2111573992558081e-14
isotropic,23,54,54,6,1.0000000000000013,6.000000000000002,0.5,0.49309991668723363,0.5000000000000001,0.5,0.5016149589976724,2.010169611820333e-14
isotropic,23,60,60,0,0.0,0.0,0.0,0.0,0.0,0.0,0.0,0.0
isotropic,24,6,6,54,1.0000000000000013,53.999999999999986,0.49999999999999994,0.49683459680680164,0.4999999999999999,0.5,0.504109672027869,3.568396021402574e-15
isotropic,24,12,12,48,1.0000000000000013,48.0,0.5000000000000001,0.5029154446385955,0.5,0.5,0.49885780639531274,4.18815559662709e-15
isotropic,24,18,18,42,1.0000000000000013,41.99999999999999,0.5000000000000001,0.5277022707135255,0.4999999999999999,0.5,0.4989118914801959,4.6753346334331054e-15
isotropic,24,24,24,36,1.0000000000000018,35.99999999999999,0.5000000000000004,0.509237693273517,0.4999999999999999,0.5,0.4999961795476295,5.06915473913278e-15
isotropic,24,30,30,30,1.000000000000001,29.99999999999999,0.5000000000000003,0.5123509550665418,0.49999999999999983,0.5,0.4985153286342471,5.39550353552163e-15
isotropic,24,36,36,24,1.000000000000002,24.000000000000004,0.5000000000000006,0.5019812941269342,0.5000000000000001,0.5,0.49947168536565445,1.1337471387104156e-14
isotropic,24,42,42,18,1.0000000000000013,17.999999999999993,0.5000000000000008,0.5033688696192665,0.4999999999999998,0.4999999999999999,0.5009882331469822,8.806919073683518e-15
isotropic,24,48,48,12,1.0000000000000004,11.999999999999996,0.5000000000000001,0.5060992470118096,0.49999999999999983,0.5,0.4993937749876778,1.1729603046779114e-14
isotropic,24,54,54,6,1.0000000000000007,6.0,0.5000000000000001,0.47952156514844757,0.5,0.5,0.49810899970821737,1.619783335614313e-14
isotropic,24,60,60,0,0.0,0.0,0.0,0.0,0.0,0.0,0.0,0.0
isotropic,25,6,6,54,1.0000000000000016,53.99999999999999,0.5000000000000004,0.4928500220002502,0.49999999999999994,0.5,0.49552822172192357,2.66827109606958e-15
isotropic,25,12,12,48,1.0000000000000016,48.0,0.5000000000000007,0.5021349271124131,0.5,0.5,0.49948936262826554,3.645222382573873e-15
isotropic,25,18,18,42,1.0000000000000018,41.99999999999999,0.5000000000000004,0.4878161377773009,0.4999999999999999,0.49999999999999994,0.4963461188829883,3.922540001821554e-15
isotropic,25,24,24,36,1.0000000000000016,36.0,0.5000000000000009,0.4863795110309528,0.5,0.5,0.4955477924293474,4.7379690756850745e-15
isotropic,25,30,30,30,1.000000000000002,29.999999999999996,0.5000000000000003,0.4891953488965588,0.49999999999999994,0.5,0.49797107083514025,6.7977929913244326e-15
isotropic,25,36,36,24,1.000000000000002,24.0,0.4999999999999999,0.506780976239722,0.5,0.5,0.5002514522646595,8.900434081051093e-15
isotropic,25,42,42,18,1.0000000000000013,17.999999999999996,0.5000000000000002,0.497965613422501,0.4999999999999999,0.5,0.49902159085815634,9.939874515395599e-15
isotropic,25,48,48,12,1.0000000000000018,11.999999999999998,0.5000000000000007,0.49476254261865193,0.49999999999999994,0.5,0.49802336317760887,1.2400577911217977e-14
isotropic,25,54,54,6,1.000000000000001,6.000000000000002,0.5000000000000004,0.4851533547428522,0.5000000000000001,0.5,0.49261404966739886,1.6857641281502277e-14
isotropic,25,60,60,0,0.0,0.0,0.0,0.0,0.0,0.0,0.0,0.0
isotropic,26,6,6,54,1.0000000000000009,53.99999999999999,0.5000000000000001,0.5069624358108373,0.49999999999999994,0.5,0.5044669154387216,3.2113844077588644e-15
isotropic,26,12,12,48,1.0000000000000016,47.99999999999999,0.5000000000000001,0.4975505026976559,0.49999999999999994,0.5,0.5009367685855137,4.284484810276209e-15
isotropic,26,18,18,42,1.0000000000000013,41.99999999999999,0.49999999999999944,0.500163591295314,0.4999999999999999,0.5,0.5055702689318713,4.6605379054355334e-15
isotropic,26,24,24,36,1.0000000000000018,35.99999999999999,0.5000000000000004,0.4979788062113981,0.4999999999999999,0.5,0.5029873789124684,4.770764554225019e-15
isotropic,26,30,30,30,1.000000000000001,29.999999999999993,0.5000000000000002,0.4986155578300778,0.4999999999999999,0.4999999999999999,0.5037767955484815,5.1546705075313605e-15
isotropic,26,36,36,24,1.0000000000000013,24.0,0.49999999999999983,0.502312471993516,0.5,0.5,0.5047428603247854,9.440118341799546e-15
isotropic,26,42,42,18,1.0000000000000007,17.999999999999996,0.5000000000000007,0.5007220368851872,0.4999999999999999,0.5,0.5033797934329546,9.886221607686095e-15
isotropic,26,48,48,12,1.000000000000001,11.999999999999998,0.5000000000000001,0.49855201676567923,0.49999999999999994,0.5,0.5052822728106111,1.3413423487059005e-14
isotropic,26,54,54,6,1.0000000000000002,5.9999999999999964,0.4999999999999999,0.49849810360076696,0.4999999999999997,0.4999999999999999,0.5071932029800335,1.736749071150237e-14
isotropic,26,60,60,0,0.0,0.0,0.0,0.0,0.0,0.0,0.0,0.0
isotropic,27,6,6,54,1.0000000000000016,53.999999999999986,0.4999999999999999,0.4931841935181283,0.4999999999999999,0.5,0.4970712565065937,3.4002872702053614e-15
isotropic,27,12,12,48,1.000000000000003,48.00000000000001,0.5000000000000009,0.5005535115504935,0.5000000000000001,0.5,0.4959555318729877,3.4278032864720476e-15
isotropic,27,18,18,42,1.0000000000000016,41.99999999999999,0.5000000000000004,0.4885705876461906,0.4999999999999999,0.5000000000000001,0.5001513595805953,6.40057086625142e-15
isotropic,27,24,24,36,1.000000000000001,35.99999999999999,0.49999999999999983,0.5077569361448326,0.4999999999999999,0.49999999999999994,0.4989253700608856,6.099088508118956e-15
isotropic,27,30,30,30,1.0000000000000013,29.999999999999993,0.5,0.49937846151043397,0.4999999999999999,0.5,0.49883259711247985,6.3189659664023566e-15
isotropic,27,36,36,24,1.0000000000000013,23.999999999999993,0.5000000000000007,0.4864219909607921,0.49999999999999983,0.5,0.4959438645122958,1.0821237888609851e-14
isotropic,27,42,42,18,1.000000000000001,17.999999999999996,0.5000000000000008,0.5173416908315346,0.4999999999999999,0.5,0.4952491013374162,1.1780312261658293e-14
isotropic,27,48,48,12,1.0000000000000009,11.999999999999996,0.5000000000000006,0.4806448056123748,0.49999999999999983,0.4999999999999999,0.49337865100032563,1.4897816065342832e-14
isotropic,27,54,54,6,1.0000000000000002,5.999999999999998,0.5,0.47244571471104135,0.49999999999999983,0.5,0.49134800090996805,1.63057172140928e-14
isotropic,27,60,60,0,0.0,0.0,0.0,0.0,0.0,0.0,0.0,0.0
isotropic,28,6,6,54,1.0000000000000033,53.999999999999986,0.5000000000000003,0.49920650829645374,0.4999999999999999,0.49999999999999994,0.49684642935808787,2.9602507132078084e-15
isotropic,28,12,12,48,1.000000000000001,47.99999999999999,0.5000000000000008,0.49230903792143826,0.49999999999999994,0.5,0.5027573034097974,3.608355830585052e-15
isotropic,28,18,18,42,1.0000000000000022,41.99999999999999,0.5000000000000006,0.5225273746395329,0.4999999999999999,0.5,0.4958980474245443,4.514027393015911e-15
isotropic,28,24,24,36,1.0000000000000013,36.0,0.5000000000000001,0.47795989309286757,0.5,0.5,0.49771699584071816,5.467538116425416e-15
isotropic,28,30,30,30,1.000000000000001,29.99999999999999,0.5000000000000003,0.49130910763021923,0.49999999999999983,0.5,0.4984536683838228,6.176930263928148e-15
isotropic,28,36,36,24,1.000000000000002,24.000000000000004,0.5000000000000004,0.5008129690078036,0.5000000000000001,0.5,0.4928452288886367,9.519262483459846e-15
isotropic,28,42,42,18,1.000000000000001,17.999999999999996,0.5000000000000007,0.48386554445563845,0.4999999999999999,0.5,0.5012835552783028,1.0972735601795739e-14
isotropic,28,48,48,12,1.0000000000000004,11.999999999999996,0.5000000000000001,0.5079650275966819,0.49999999999999983,0.4999999999999999,0.4971956490493574,1.3400884294862949e-14
isotropic,28,54,54,6,1.0000000000000009,5.999999999999999,0.5000000000000002,0.5103351198827578,0.49999999999999994,0.5,0.4903090441511134,1.7594711284365693e-14
isotropic,28,60,60,0,0.0,0.0,0.0,0.0,0.0,0.0,0.0,0.0
isotropic,29,6,6,54,1.0000000000000022,53.999999999999986,0.5000000000000003,0.49495103656767264,0.4999999999999999,0.5,0.49914015271915957,2.8328046576609597e-15
isotropic,29,12,12,48,1.000000000000001,47.999999999999986,0.5000000000000009,0.4970021690945454,0.49999999999999983,0.5,0.5024839332317967,3.655108570381165e-15
isotropic,29,18,18,42,1.000000000000001,41.999999999999986,0.5000000000000001,0.486098464278199,0.49999999999999983,0.5,0.5040336290689347,4.841406891570494e-15
isotropic,29,24,24,36,1.0000000000000018,35.99999999999999,0.5000000000000008,0.4901005803942886,0.4999999999999999,0.49999999999999994,0.5000739840965358,5.154678298448625e-15
isotropic,29,30,30,30,1.0000000000000016,29.99999999999999,0.5000000000000003,0.497224031802743,0.49999999999999983,0.49999999999999994,0.4999930528353667,5.004517705242314e-15
isotropic,29,36,36,24,1.000000000000001,24.0,0.5000000000000001,0.48585769153654124,0.5,0.5,0.49964939957644,8.273716652431609e-15
isotropic,29,42,42,18,1.0000000000000009,17.999999999999996,0.5000000000000007,0.5020960941841013,0.4999999999999999,0.5,0.50355397397981,1.064049806751492e-14
isotropic,29,48,48,12,1.0000000000000009,11.999999999999996,0.49999999999999994,0.4859476389494152,0.49999999999999983,0.5,0.5001128905198886,1.3196912868664342e-14
isotropic,29,54,54,6,1.0000000000000007,6.0,0.5000000000000002,0.47761381122721247,0.5,0.5,0.48828497457690856,1.4419890878660338e-14
isotropic,29,60,60,0,0.0,0.0,0.0,0.0,0.0,0.0,0.0,0.0
isotropic,30,6,6,54,1.0000000000000016,53.999999999999986,0.5000000000000008,0.5073036586829942,0.4999999999999999,0.5,0.49906971568670694,3.1352170229978847e-15
isotropic,30,12,12,48,1.000000000000002,47.99999999999999,0.49999999999999994,0.4720874945531215,0.49999999999999994,0.5,0.4968428429202377,3.951254973056966e-15
isotropic,30,18,18,42,1.0000000000000013,41.99999999999999,0.5000000000000007,0.4961170198595004,0.4999999999999999,0.5,0.4983981455863443,3.854961293860508e-15
isotropic,30,24,24,36,1.000000000000002,35.99999999999999,0.5000000000000001,0.5171478141099586,0.4999999999999999,0.5,0.4998638796646915,4.894232176930829e-15
isotropic,30,30,30,30,1.0000000000000018,30.0,0.5,0.4999909224546839,0.5,0.5,0.5017981193180339,5.968921201173004e-15
isotropic,30,36,36,24,1.0000000000000013,24.0,0.5000000000000002,0.48801280644438455,0.5,0.5,0.5028139372936216,8.418950988851882e-15
isotropic,30,42,42,18,1.000000000000001,18.0,0.5000000000000004,0.4880175646041951,0.5,0.5,0.49702106141273067,1.2565946193493055e-14
isotropic,30,48,48,12,1.0000000000000016,12.000000000000002,0.5,0.50487317175356,0.5000000000000001,0.5,0.496709398356701,1.175042559676948e-14
isotropic,30,54,54,6,1.0000000000000007,6.0,0.5000000000000006,0.4946885021853119,0.5,0.5,0.49696922474414484,1.7987700949325934e-14
isotropic,30,60,60,0,0.0,0.0,0.0,0.0,0.0,0.0,0.0,0.0
isotropic,31,6,6,54,1.0000000000000016,53.99999999999998,0.5000000000000004,0.5110796283662238,0.4999999999999998,0.5,0.49847200451213447,3.0814284131442256e-15
isotropic,31,12,12,48,1.000000000000002,48.0,0.5000000000000002,0.5114617355104858,0.5,0.5,0.49938321981504213,3.6729820222862305e-15
isotropic,31,18,18,42,1.0000000000000018,41.99999999999999,0.5000000000000004,0.5006124750946988,0.4999999999999999,0.5,0.5006013966519514,4.707625950296229e-15
isotropic,31,24,24,36,1.0000000000000013,35.99999999999999,0.5000000000000008,0.5101361419969757,0.4999999999999999,0.49999999999999994,0.49957820316803636,5.92638480830294e-15
isotropic,31,30,30,30,1.0000000000000018,29.999999999999993,0.5000000000000014,0.5176396307763349,0.4999999999999999,0.5,0.4989200663668818,5.890988287296499e-15
isotropic,31,36,36,24,1.0000000000000016,23.999999999999996,0.5000000000000002,0.4877374013848884,0.49999999999999994,0.5,0.4958253179939712,9.63902410317567e-15
isotropic,31,42,42,18,1.0000000000000013,17.999999999999993,0.5000000000000007,0.5076728483702683,0.4999999999999998,0.4999999999999999,0.4964163489943432,1.2012783583573252e-14
isotropic,31,48,48,12,1.0000000000000009,12.0,0.5000000000000001,0.5091317044332795,0.5,0.5,0.49966421032131014,1.3228001171610098e-14
isotropic,31,54,54,6,1.0000000000000004,5.999999999999998,0.49999999999999983,0.4969389423490055,0.49999999999999983,0.5,0.49390565915627904,1.5980968448412694e-14
isotropic,31,60,60,0,0.0,0.0,0.0,0.0,0.0,0.0,0.0,0.0
isotropic,32,6,6,54,1.0000000000000013,53.99999999999998,0.5000000000000008,0.506047088276461,0.4999999999999998,0.5,0.497564608407917,3.5005020704260125e-15
isotropic,32,12,12,48,1.000000000000002,47.99999999999999,0.49999999999999967,0.5034198761643742,0.49999999999999994,0.5,0.4972555844004321,4.592130257591522e-15
isotropic,32,18,18,42,1.0000000000000016,41.99999999999999,0.5,0.5040373893632933,0.4999999999999999,0.4999999999999999,0.49938214547940374,4.9033436036981135e-15
isotropic,32,24,24,36,1.0000000000000016,35.99999999999999,0.5000000000000004,0.5114859344041033,0.4999999999999999,0.5,0.4988391950786455,4.721419592409622e-15
isotropic,32,30,30,30,1.0000000000000018,29.999999999999993,0.5000000000000006,0.507869168835479,0.4999999999999999,0.5,0.49642573935977774,5.660848811452189e-15
isotropic,32,36,36,24,1.0000000000000009,23.999999999999993,0.5000000000000004,0.5053307647526951,0.49999999999999983,0.5,0.4994379436554214,8.507037042558167e-15
isotropic,32,42,42,18,1.0000000000000013,18.0,0.5000000000000004,0.5112768462337838,0.5,0.49999999999999994,0.49956772057054544,1.0186566343972096e-14
isotropic,32,48,48,12,1.000000000000001,11.999999999999998,0.5000000000000004,0.4915910239277067,0.49999999999999994,0.49999999999999994,0.4986297904476128,1.3005685935532944e-14
isotropic,32,54,54,6,1.0000000000000002,5.999999999999998,0.49999999999999983,0.5080306681101296,0.49999999999999983,0.5,0.5039110595756604,1.7126233725798602e-14
isotropic,32,60,60,0,0.0,0.0,0.0,0.0,0.0,0.0,0.0,0.0
isotropic,33,6,6,54,1.0000000000000009,53.99999999999998,0.5000000000000001,0.4951399619290448,0.4999999999999998,0.5,0.49766669070123604,3.527984974386054e-15
isotropic,33,12,12,48,1.0000000000000013,47.999999999999986,0.5000000000000009,0.49044565453964184,0.49999999999999983,0.5,0.501521697756505,3.5590545559326995e-15
isotropic,33,18,18,42,1.0000000000000013,41.999999999999986,0.5,0.47709842780948625,0.49999999999999983,0.5,0.501401822187257,4.076751731123318e-15
isotropic,33,24,24,36,1.000000000000001,35.999999999999986,0.5000000000000006,0.4812818054783207,0.4999999999999998,0.5,0.500049161072434,5.0490630321386e-15
isotropic,33,30,30,30,1.0000000000000013,29.999999999999993,0.5000000000000002,0.4866493018187855,0.4999999999999999,0.5,0.499245472384623,6.145855014203053e-15
isotropic,33,36,36,24,1.0000000000000013,23.999999999999993,0.5000000000000009,0.5128833993749675,0.49999999999999983,0.4999999999999999,0.4943558213564543,8.638773480077614e-15
isotropic,33,42,42,18,1.0000000000000009,17.999999999999996,0.5000000000000008,0.5140667618863449,0.4999999999999999,0.49999999999999994,0.4994085077832145,1.0401941023375212e-14
isotropic,33,48,48,12,1.0000000000000016,11.999999999999998,0.5000000000000007,0.4854858389632839,0.49999999999999994,0.5,0.4962574338450034,1.273672444289919e-14
isotropic,33,54,54,6,1.0000000000000007,5.999999999999999,0.5000000000000002,0.4996937131690305,0.49999999999999994,0.5,0.49885857027835256,1.610447005862081e-14
isotropic,33,60,60,0,0.0,0.0,0.0,0.0,0.0,0.0,0.0,0.0
isotropic,34,6,6,54,1.0000000000000018,53.999999999999986,0.5000000000000003,0.4874528202817676,0.4999999999999999,0.5,0.4984367925580686,2.8157082958942066e-15
isotropic,34,12,12,48,1.0000000000000016,47.99999999999999,0.5000000000000003,0.49550456289644723,0.49999999999999994,0.5,0.4960844106340887,4.2138152156751935e-15
isotropic,34,18,18,42,1.0000000000000018,41.99999999999999,0.5000000000000004,0.49258093489936816,0.4999999999999999,0.5,0.49835320746333944,4.33717224401582e-15
isotropic,34,24,24,36,1.0000000000000013,35.99999999999999,0.5000000000000001,0.5025645335632207,0.4999999999999999,0.5,0.4938236537929742,5.1790473287054115e-15
isotropic,34,30,30,30,1.000000000000001,29.999999999999993,0.5000000000000003,0.4871744066006283,0.4999999999999999,0.5,0.49545693579416866,5.6361366937066814e-15
isotropic,34,36,36,24,1.000000000000001,23.999999999999993,0.5000000000000002,0.4869137125251711,0.49999999999999983,0.5,0.49531408970700025,1.0514517605383873e-14
isotropic,34,42,42,18,1.000000000000001,17.999999999999996,0.5000000000000006,0.5060884439224997,0.4999999999999999,0.5,0.4933577482801914,1.244312323568074e-14
isotropic,34,48,48,12,1.0000000000000007,11.999999999999996,0.5,0.4906190202432991,0.49999999999999983,0.4999999999999999,0.4942712626297885,1.2970281608273206e-14
isotropic,34,54,54,6,1.0000000000000009,6.000000000000001,0.5000000000000001,0.4938823161069899,0.5000000000000001,0.5,0.49777252976649816,1.8360571256356906e-14
isotropic,34,60,60,0,0.0,0.0,0.0,0.0,0.0,0.0,0.0,0.0
isotropic,35,6,6,54,1.0000000000000018,54.0,0.5000000000000004,0.5144401572485607,0.5,0.5,0.4985438624216932,3.924434216057159e-15
isotropic,35,12,12,48,1.0000000000000013,47.99999999999999,0.5000000000000011,0.49510747423433643,0.49999999999999994,0.5,0.5007924902988942,4.3061721921234525e-15
isotropic,35,18,18,42,1.0000000000000013,41.999999999999986,0.5000000000000003,0.49932336190152943,0.49999999999999983,0.49999999999999994,0.5011431448739916,4.814853568736239e-15
isotropic,35,24,24,36,1.0000000000000016,36.0,0.5000000000000004,0.49461255501205853,0.5,0.5,0.5004319717111205,5.152560919895613e-15
isotropic,35,30,30,30,1.0000000000000013,29.99999999999999,0.5,0.49423410083116626,0.49999999999999983,0.5,0.5042034266390777,6.208929407775732e-15
isotropic,35,36,36,24,1.000000000000002,24.0,0.5000000000000009,0.5106845686496853,0.5,0.4999999999999999,0.5022252713791494,1.00935818378533e-14
isotropic,35,42,42,18,1.000000000000002,18.000000000000004,0.4999999999999998,0.502010533494202,0.5000000000000001,0.5,0.5035853794998545,1.2219042598664982e-14
isotropic,35,48,48,12,1.0000000000000009,11.999999999999996,0.5000000000000002,0.5181301022559682,0.49999999999999983,0.5,0.5034647110590325,1.326285803868414e-14
isotropic,35,54,54,6,1.0000000000000007,6.0,0.49999999999999983,0.506978011341991,0.5,0.5,0.5003378628625952,1.6890160364341648e-14
isotropic,35,60,60,0,0.0,0.0,0.0,0.0,0.0,0.0,0.0,0.0
isotropic,36,6,6,54,1.0000000000000013,53.99999999999998,0.4999999999999999,0.48334964830560134,0.4999999999999998,0.5,0.501183539123576,2.7159617391030834e-15
isotropic,36,12,12,48,1.0000000000000018,47.99999999999999,0.500000000000001,0.48089083855012893,0.49999999999999994,0.5,0.5007481402691213,3.994998110835207e-15
isotropic,36,18,18,42,1.000000000000001,41.99999999999999,0.5000000000000001,0.4873672653702753,0.4999999999999999,0.5,0.4976209758640481,4.396624936247496e-15
isotropic,36,24,24,36,1.000000000000002,35.99999999999999,0.5000000000000001,0.509768859476023,0.4999999999999999,0.5,0.4987208427598239,5.490912139996936e-15
isotropic,36,30,30,30,1.0000000000000016,29.99999999999999,0.5,0.48856877135552923,0.49999999999999983,0.49999999999999994,0.5005553461212424,6.060570168053691e-15
isotropic,36,36,36,24,1.0000000000000016,23.999999999999996,0.5000000000000003,0.5077479426003706,0.49999999999999994,0.5,0.4972622677198951,8.220544574903324e-15
isotropic,36,42,42,18,1.0000000000000018,18.0,0.5000000000000001,0.5015995850338134,0.5,0.5,0.5003632527491262,1.0908298086133346e-14
isotropic,36,48,48,12,1.000000000000001,12.0,0.5000000000000001,0.49921355202575907,0.5,0.5,0.5029224854796867,1.4842768920663384e-14
isotropic,36,54,54,6,1.0000000000000004,6.0,0.5000000000000004,0.5139107993309958,0.5,0.5,0.5034555714618456,1.68653481455545e-14
isotropic,36,60,60,0,0.0,0.0,0.0,0.0,0.0,0.0,0.0,0.0
isotropic,37,6,6,54,1.000000000000002,53.99999999999998,0.5000000000000013,0.5048505299557045,0.4999999999999998,0.5,0.4930024271251521,3.688714628826413e-15
isotropic,37,12,12,48,1.0000000000000013,47.999999999999986,0.5000000000000003,0.49138443424743783,0.49999999999999983,0.5,0.49692340139503477,3.8024470076601966e-15
isotropic,37,18,18,42,1.0000000000000013,41.99999999999999,0.5000000000000003,0.5091738279314302,0.4999999999999999,0.5,0.49731473915558916,4.624861141825223e-15
isotropic,37,24,24,36,1.0000000000000009,35.99999999999999,0.5000000000000002,0.5076312764855209,0.4999999999999999,0.5,0.49760713501291776,5.648348424810362e-15
isotropic,37,30,30,30,1.000000000000001,29.999999999999993,0.5000000000000001,0.5236093762766412,0.4999999999999999,0.4999999999999999,0.49977014658760155,5.261970797065961e-15
isotropic,37,36,36,24,1.0000000000000013,24.0,0.5000000000000006,0.5049543941534904,0.5,0.5,0.4996653175049357,1.104585939328916e-14
isotropic,37,42,42,18,1.0000000000000016,17.999999999999996,0.5000000000000001,0.5135125307024594,0.4999999999999999,0.5,0.49853972863634044,1.1343480081485905e-14
isotropic,37,48,48,12,1.0000000000000007,11.999999999999996,0.5000000000000004,0.49730965795174115,0.49999999999999983,0.5,0.5017373037330191,1.184888538631214e-14
isotropic,37,54,54,6,1.0000000000000007,5.999999999999999,0.5000000000000002,0.5031233253808067,0.49999999999999994,0.5,0.49849864119731646,1.6390041975348862e-14
isotropic,37,60,60,0,0.0,0.0,0.0,0.0,0.0,0.0,0.0,0.0
isotropic,38,6,6,54,1.000000000000001,53.999999999999986,0.5000000000000002,0.5245942822343705,0.4999999999999999,0.49999999999999994,0.5025971619264129,4.0400150004542764e-15
isotropic,38,12,12,48,1.0000000000000016,47.99999999999999,0.5000000000000007,0.4891422298171326,0.49999999999999994,0.5,0.5004139426300477,3.7783533793858455e-15
isotropic,38,18,18,42,1.0000000000000018,41.99999999999999,0.5000000000000006,0.5071994435313731,0.4999999999999999,0.5,0.5008661020722428,4.496060390674528e-15
isotropic,38,24,24,36,1.0000000000000018,35.99999999999999,0.5000000000000007,0.5009337641505405,0.4999999999999999,0.49999999999999994,0.5012869899751105,5.10869512451536e-15
isotropic,38,30,30,30,1.0000000000000016,29.99999999999999,0.5000000000000002,0.49813722504434144,0.49999999999999983,0.49999999999999994,0.5042134970638144,6.492210026724361e-15
isotropic,38,36,36,24,1.0000000000000013,24.0,0.5000000000000006,0.5118211223242697,0.5,0.5,0.5054522137670623,1.0689702650743771e-14
isotropic,38,42,42,18,1.0000000000000013,17.999999999999993,0.5000000000000001,0.48638937024575385,0.4999999999999998,0.5,0.5038343785749899,9.998346545765894e-15
isotropic,38,48,48,12,1.0000000000000002,11.999999999999996,0.5,0.5029445075319423,0.49999999999999983,0.4999999999999999,0.5018784114006991,1.225512833678179e-14
isotropic,38,54,54,6,1.0000000000000002,5.999999999999998,0.49999999999999944,0.5065591694051095,0.49999999999999983,0.5,0.5061282869186121,1.4824852160390717e-14
isotropic,38,60,60,0,0.0,0.0,0.0,0.0,0.0,0.0,0.0,0.0
isotropic,39,6,6,54,1.0000000000000018,53.999999999999986,0.5000000000000014,0.5070460767269247,0.4999999999999999,0.5,0.5003535036980192,2.9913681962833002e-15
isotropic,39,12,12,48,1.0000000000000018,48.0,0.5000000000000001,0.5115645555665593,0.5,0.5,0.5008461641728932,4.5613985534833256e-15
isotropic,39,18,18,42,1.0000000000000013,41.99999999999999,0.5000000000000009,0.49769774342158546,0.4999999999999999,0.49999999999999994,0.49848728224924344,5.575460354699744e-15
isotropic,39,24,24,36,1.0000000000000016,35.99999999999999,0.5000000000000006,0.5166578223883826,0.4999999999999999,0.49999999999999994,0.5003611586370061,4.771374320804379e-15
isotropic,39,30,30,30,1.0000000000000016,29.999999999999993,0.5000000000000006,0.4875741656131163,0.4999999999999999,0.4999999999999999,0.5034897320864571,5.916969887536349e-15
isotropic,39,36,36,24,1.0000000000000018,23.999999999999996,0.5000000000000004,0.504062603788924,0.49999999999999994,0.5,0.5017844659983793,9.062562579583796e-15
isotropic,39,42,42,18,1.0000000000000013,17.999999999999996,0.5000000000000003,0.484219184218234,0.4999999999999999,0.5,0.5021583382807884,1.1364139307200357e-14
isotropic,39,48,48,12,1.0000000000000007,11.999999999999998,0.5000000000000006,0.5104332637565444,0.49999999999999994,0.5,0.5062400390043025,1.1472793982954274e-14
isotropic,39,54,54,6,1.0000000000000007,6.000000000000001,0.5000000000000001,0.4974108471321348,0.5000000000000001,0.49999999999999994,0.5013339254163599,1.642235985576157e-14
isotropic,39,60,60,0,0.0,0.0,0.0,0.0,0.0,0.0,0.0,0.0
isotropic,40,6,6,54,1.0000000000000013,53.999999999999986,0.5000000000000009,0.5152648740629108,0.4999999999999999,0.49999999999999994,0.4986754382439762,3.3085302284355998e-15
isotropic,40,12,12,48,1.0000000000000018,47.99999999999999,0.5000000000000004,0.47320650337704495,0.49999999999999994,0.5,0.5046575671025932,4.36093310555062e-15
isotropic,40,18,18,42,1.000000000000001,41.999999999999986,0.5000000000000006,0.49592402894246534,0.49999999999999983,0.5,0.49867742906551804,4.9621502986087794e-15
isotropic,40,24,24,36,1.0000000000000018,35.999999999999986,0.5000000000000008,0.5014704919928593,0.4999999999999998,0.5,0.5055112891106541,5.082221313472457e-15
isotropic,40,30,30,30,1.000000000000002,29.999999999999996,0.5000000000000007,0.4883061670855246,0.49999999999999994,0.5,0.5025348203831359,5.2237123617025845e-15
isotropic,40,36,36,24,1.000000000000001,24.0,0.5000000000000004,0.5104190776672245,0.5,0.49999999999999994,0.5039857222316424,9.18053818423279e-15
isotropic,40,42,42,18,1.0000000000000018,18.0,0.5000000000000009,0.5029623839012477,0.5,0.4999999999999999,0.50226735225874,1.0989044715799416e-14
isotropic,40,48,48,12,1.0000000000000009,11.999999999999996,0.5000000000000002,0.5197955391233955,0.49999999999999983,0.5,0.503772341989087,1.2804223576199879e-14
isotropic,40,54,54,6,1.0000000000000009,5.999999999999999,0.5000000000000006,0.509317491003271,0.49999999999999994,0.4999999999999999,0.4990625461262098,1.7138030534827276e-14
isotropic,40,60,60,0,0.0,0.0,0.0,0.0,0.0,0.0,0.0,0.0
isotropic,41,6,6,54,1.0000000000000016,53.99999999999998,0.5000000000000007,0.4934551030516755,0.4999999999999998,0.5,0.5028705377359173,2.5520699554248005e-15
isotropic,41,12,12,48,1.000000000000001,47.999999999999986,0.5000000000000002,0.5138838425590215,0.49999999999999983,0.5,0.4991015223952756,3.064536137328028e-15
isotropic,41,18,18,42,1.000000000000001,41.999999999999986,0.5000000000000004,0.49094889250421125,0.49999999999999983,0.5,0.5022353844528643,4.764111389630409e-15
isotropic,41,24,24,36,1.000000000000002,35.999999999999986,0.49999999999999994,0.4891147582094775,0.4999999999999998,0.5,0.4999121692684243,5.4768197168950535e-15
isotropic,41,30,30,30,1.0000000000000013,29.99999999999999,0.5000000000000007,0.49638272875785616,0.49999999999999983,0.5,0.5012193272596782,5.794900167174966e-15
isotropic,41,36,36,24,1.000000000000001,24.0,0.5000000000000003,0.49670038761152385,0.5,0.5,0.49980706012290455,1.0471157292001285e-14
isotropic,41,42,42,18,1.0000000000000016,18.0,0.4999999999999996,0.5160754155918003,0.5,0.5,0.5006883830083333,1.058004667498377e-14
isotropic,41,48,48,12,1.000000000000001,11.999999999999998,0.5000000000000008,0.5096587578946257,0.49999999999999994,0.5,0.49723785074684274,1.3859026939290202e-14
isotropic,41,54,54,6,1.0000000000000007,6.000000000000001,0.5000000000000002,0.4946801891036224,0.5000000000000001,0.5,0.4948500265199164,1.7517604524346636e-14
isotropic,41,60,60,0,0.0,0.0,0.0,0.0,0.0,0.0,0.0,0.0
isotropic,42,6,6,54,1.0000000000000016,53.99999999999999,0.5000000000000004,0.5095037741877528,0.49999999999999994,0.49999999999999994,0.49868175849505286,2.8708670344531863e-15
isotropic,42,12,12,48,1.0000000000000029,48.0,0.5000000000000008,0.5061363850641656,0.5,0.5,0.5014357759493617,3.771535396796203e-15
isotropic,42,18,18,42,1.0000000000000013,41.999999999999986,0.500000000000001,0.502442259994714,0.49999999999999983,0.5,0.4991433883730234,4.313175293650858e-15
isotropic,42,24,24,36,1.0000000000000016,35.99999999999999,0.49999999999999983,0.47894931171409244,0.4999999999999999,0.49999999999999994,0.500063237165376,5.978406388704816e-15
isotropic,42,30,30,30,1.000000000000003,30.000000000000004,0.5000000000000004,0.5102103658461425,0.5000000000000001,0.5,0.49583031571896974,5.642210163165911e-15
isotropic,42,36,36,24,1.0000000000000007,23.999999999999993,0.5000000000000003,0.4985864809801386,0.49999999999999983,0.5,0.4981250405751376,8.501781675170042e-15
isotropic,42,42,42,18,1.0000000000000016,17.999999999999996,0.5000000000000003,0.4921556918283047,0.4999999999999999,0.5,0.49773840106968464,1.1172617678467149e-14
isotropic,42,48,48,12,1.000000000000001,11.999999999999998,0.5000000000000003,0.4986530082652425,0.49999999999999994,0.5,0.495304804001819,1.3809575829280096e-14
isotropic,42,54,54,6,1.0000000000000007,5.999999999999999,0.5000000000000003,0.5186207133608458,0.49999999999999994,0.5,0.5031857764073839,1.3763410967638557e-14
isotropic,42,60,60,0,0.0,0.0,0.0,0.0,0.0,0.0,0.0,0.0
isotropic,43,6,6,54,1.0000000000000022,53.999999999999986,0.5000000000000006,0.4838872192969882,0.4999999999999999,0.49999999999999994,0.5044163651136708,3.591206361709569e-15
isotropic,43,12,12,48,1.000000000000002,48.0,0.5000000000000004,0.49088205809825136,0.5,0.5,0.5006726389703535,4.6863699830544604e-15
isotropic,43,18,18,42,1.0000000000000018,42.0,0.5000000000000002,0.5015299486240432,0.5,0.5,0.5010289411993487,4.661769704596037e-15
isotropic,43,24,24,36,1.0000000000000024,35.99999999999999,0.4999999999999998,0.4946475860295439,0.4999999999999999,0.5,0.5017317819414696,4.97060767586992e-15
isotropic,43,30,30,30,1.0000000000000013,29.999999999999993,0.5000000000000001,0.49433729462549053,0.4999999999999999,0.5,0.5012234093145189,5.688805204442375e-15
isotropic,43,36,36,24,1.000000000000002,24.0,0.5000000000000002,0.4982598997951386,0.5,0.5,0.502333741356377,1.1677499617849909e-14
isotropic,43,42,42,18,1.0000000000000013,17.999999999999996,0.5000000000000007,0.5117330380071524,0.4999999999999999,0.49999999999999994,0.5048774442583932,1.0832031926063906e-14
isotropic,43,48,48,12,1.0000000000000018,12.000000000000004,0.500000000000001,0.49184220886525,0.5000000000000001,0.5,0.5003827166971657,1.2535045950164102e-14
isotropic,43,54,54,6,1.0000000000000002,5.999999999999997,0.4999999999999999,0.5012049888579087,0.4999999999999998,0.4999999999999999,0.4946712460953987,1.814473878213393e-14
isotropic,43,60,60,0,0.0,0.0,0.0,0.0,0.0,0.0,0.0,0.0
isotropic,44,6,6,54,1.0000000000000013,53.99999999999999,0.5000000000000001,0.5027485819549943,0.49999999999999994,0.5,0.49620579336523585,3.4321808509047875e-15
isotropic,44,12,12,48,1.0000000000000018,48.0,0.5000000000000013,0.5070598830085735,0.5,0.5,0.4982259831585765,3.678705671278183e-15
isotropic,44,18,18,42,1.0000000000000013,41.99999999999999,0.5000000000000001,0.5061038703521379,0.4999999999999999,0.5,0.4992374969054051,4.47073871931527e-15
isotropic,44,24,24,36,1.000000000000001,35.99999999999999,0.5000000000000002,0.48797033651374344,0.4999999999999999,0.5,0.49748516703981066,5.98730046345195e-15
isotropic,44,30,30,30,1.0000000000000013,29.99999999999999,0.5000000000000004,0.5128698076839935,0.49999999999999983,0.5,0.5000888837611924,6.071571727473783e-15
isotropic,44,36,36,24,1.000000000000001,23.999999999999993,0.5000000000000003,0.494426299728752,0.49999999999999983,0.5,0.5027830562651,9.370926724654088e-15
isotropic,44,42,42,18,1.0000000000000009,17.999999999999993,0.5000000000000008,0.49558870468948046,0.4999999999999998,0.5,0.49936634522990253,1.0784364300854211e-14
isotropic,44,48,48,12,1.0000000000000004,11.999999999999995,0.5000000000000001,0.5068176233988694,0.4999999999999998,0.5,0.49841336017090987,1.2846330401806054e-14
isotropic,44,54,54,6,1.0000000000000002,5.999999999999998,0.5,0.5191474866308841,0.49999999999999983,0.4999999999999999,0.5084751982140119,1.6666248287765708e-14
isotropic,44,60,60,0,0.0,0.0,0.0,0.0,0.0,0.0,0.0,0.0
isotropic,45,6,6,54,1.0000000000000018,53.999999999999986,0.5000000000000002,0.4926008744118299,0.4999999999999999,0.5,0.49740991256114186,2.8380119235495915e-15
isotropic,45,12,12,48,1.000000000000001,47.99999999999999,0.5000000000000004,0.4814227027520762,0.49999999999999994,0.5,0.49727417687548214,3.971877970923715e-15
isotropic,45,18,18,42,1.000000000000001,41.999999999999986,0.5000000000000001,0.4734841173062544,0.49999999999999983,0.49999999999999994,0.498407976261908,5.034524003709593e-15
isotropic,45,24,24,36,1.000000000000001,35.99999999999999,0.5000000000000002,0.4906372331749437,0.4999999999999999,0.5,0.4931958920264645,5.124990814261802e-15
isotropic,45,30,30,30,1.0000000000000022,29.999999999999996,0.5000000000000006,0.4928434935651033,0.49999999999999994,0.5,0.49911531412534527,6.352290650447369e-15
isotropic,45,36,36,24,1.0000000000000013,23.999999999999993,0.5000000000000002,0.46786946739051394,0.49999999999999983,0.5,0.49606828684961446,1.0035080095280852e-14
isotropic,45,42,42,18,1.0000000000000016,17.999999999999996,0.5000000000000006,0.5005249104030507,0.4999999999999999,0.5,0.4963704514546352,1.1387583641788998e-14
isotropic,45,48,48,12,1.000000000000001,12.0,0.5,0.5051937376279632,0.5,0.5000000000000001,0.5021240215643289,1.0800585442942239e-14
isotropic,45,54,54,6,1.0000000000000009,5.999999999999999,0.5000000000000003,0.5056520199815775,0.49999999999999994,0.5,0.5021280076855723,1.4802650821614887e-14
isotropic,45,60,60,0,0.0,0.0,0.0,0.0,0.0,0.0,0.0,0.0
isotropic,46,6,6,54,1.0000000000000016,53.99999999999999,0.5,0.49291954088519396,0.49999999999999994,0.5,0.5003380972858993,3.1249014338239426e-15
isotropic,46,12,12,48,1.0000000000000016,47.99999999999999,0.5000000000000006,0.49030653653279554,0.49999999999999994,0.5,0.4982014729677924,3.641488035741939e-15
isotropic,46,18,18,42,1.0000000000000022,41.99999999999999,0.5000000000000009,0.5076964259194814,0.4999999999999999,0.5,0.504430790367151,4.505942568937801e-15
isotropic,46,24,24,36,1.0000000000000013,35.99999999999999,0.4999999999999994,0.5057560184126524,0.4999999999999999,0.5,0.500244947823117,6.0099858191062e-15
isotropic,46,30,30,30,1.0000000000000018,29.999999999999993,0.5,0.4937233662798975,0.4999999999999999,0.4999999999999999,0.50288840755355,5.883451280912034e-15
isotropic,46,36,36,24,1.000000000000001,23.999999999999996,0.5000000000000004,0.5179447142325537,0.49999999999999994,0.5,0.5036020389463998,8.20860358005256e-15
isotropic,46,42,42,18,1.0000000000000009,17.999999999999996,0.5000000000000008,0.503121615635804,0.4999999999999999,0.5,0.5031215464203838,9.459342969122342e-15
isotropic,46,48,48,12,1.0000000000000016,12.000000000000002,0.5000000000000004,0.5059893018219226,0.5000000000000001,0.5,0.5004708318015316,1.2666508698154045e-14
isotropic,46,54,54,6,1.0000000000000007,6.000000000000001,0.5000000000000001,0.48221342824552765,0.5000000000000001,0.5000000000000002,0.5057436144676632,1.515718937456729e-14
isotropic,46,60,60,0,0.0,0.0,0.0,0.0,0.0,0.0,0.0,0.0
isotropic,47,6,6,54,1.0000000000000018,53.99999999999998,0.5,0.5118762331399906,0.4999999999999998,0.5,0.4995983345264966,2.850374429666145e-15
isotropic,47,12,12,48,1.0000000000000013,47.999999999999986,0.5000000000000003,0.501038452058043,0.49999999999999983,0.5,0.5012979800810651,3.75054516345612e-15
isotropic,47,18,18,42,1.0000000000000016,41.999999999999986,0.5000000000000003,0.5107908733883253,0.49999999999999983,0.5,0.5009082636260372,4.007283913321353e-15
isotropic,47,24,24,36,1.0000000000000009,35.999999999999986,0.5000000000000003,0.4975474096971305,0.4999999999999998,0.4999999999999999,0.5015991972403867,4.682906421354995e-15
isotropic,47,30,30,30,1.000000000000001,29.999999999999993,0.5000000000000008,0.5085288138299431,0.4999999999999999,0.5,0.5031322288428628,5.483230054057528e-15
isotropic,47,36,36,24,1.0000000000000018,24.0,0.5,0.503091622696979,0.5,0.5,0.5002772469069137,9.20206688646146e-15
isotropic,47,42,42,18,1.0000000000000013,17.999999999999996,0.5000000000000002,0.49715026349521063,0.4999999999999999,0.5,0.5000953870635169,1.2988220393710878e-14
isotropic,47,48,48,12,1.000000000000001,12.0,0.4999999999999999,0.49236043637429106,0.5,0.5,0.5017732620870332,1.2816477125958245e-14
isotropic,47,54,54,6,1.0000000000000004,6.0,0.5000000000000002,0.5107567902874168,0.5,0.49999999999999994,0.5066330135213875,1.3989331639547282e-14
isotropic,47,60,60,0,0.0,0.0,0.0,0.0,0.0,0.0,0.0,0.0
isotropic,48,6,6,54,1.0000000000000018,53.99999999999999,0.5,0.4963852764585326,0.49999999999999994,0.5,0.5004437834413892,2.733860256279643e-15
isotropic,48,12,12,48,1.0000000000000018,47.99999999999999,0.5000000000000008,0.5024115884824474,0.49999999999999994,0.49999999999999994,0.5015981955257447,3.47382571268112e-15
isotropic,48,18,18,42,1.0000000000000018,41.99999999999999,0.5000000000000012,0.48410670552435653,0.4999999999999999,0.5,0.5005149422694535,4.685122046309671e-15
isotropic,48,24,24,36,1.0000000000000013,35.999999999999986,0.5000000000000001,0.5154141941398076,0.4999999999999998,0.5,0.4965179380865393,5.0808886270931105e-15
isotropic,48,30,30,30,1.000000000000002,29.999999999999996,0.5000000000000003,0.4903598658989701,0.49999999999999994,0.49999999999999994,0.5029154435171943,5.847533753330324e-15
isotropic,48,36,36,24,1.000000000000001,23.999999999999993,0.5000000000000001,0.4953076610390543,0.49999999999999983,0.49999999999999994,0.49734012085302814,9.797607955614861e-15
isotropic,48,42,42,18,1.0000000000000007,17.999999999999996,0.5000000000000008,0.49768038698363226,0.4999999999999999,0.5,0.5020026958284611,1.0818224756878849e-14
isotropic,48,48,48,12,1.0000000000000007,11.999999999999995,0.5000000000000003,0.500750324305307,0.4999999999999998,0.5,0.5025924351262541,1.2893421124326437e-14
isotropic,48,54,54,6,1.0000000000000004,6.0,0.5000000000000002,0.48891858576915437,0.5,0.5,0.5033345533186933,1.5570015597363507e-14
isotropic,48,60,60,0,0.0,0.0,0.0,0.0,0.0,0.0,0.0,0.0
isotropic,49,6,6,54,1.0000000000000018,53.999999999999986,0.5,0.4917088928423349,0.4999999999999999,0.5,0.502685968264713,3.3249727511364862e-15
isotropic,49,12,12,48,1.0000000000000016,47.99999999999999,0.5,0.5084284732418487,0.49999999999999994,0.5,0.5001247259618411,3.834492824256791e-15
isotropic,49,18,18,42,1.0000000000000013,41.999999999999986,0.5,0.5002366009429325,0.49999999999999983,0.5,0.5038093686509978,4.682561693967633e-15
isotropic,49,24,24,36,1.0000000000000018,35.99999999999999,0.5000000000000004,0.5221782591435219,0.4999999999999999,0.5,0.4977420363160005,5.372573617522499e-15
isotropic,49,30,30,30,1.0000000000000016,29.999999999999996,0.49999999999999983,0.5031190588856075,0.49999999999999994,0.5,0.5015537006921987,6.637984190301633e-15
isotropic,49,36,36,24,1.000000000000001,23.999999999999993,0.5000000000000003,0.5044438769187031,0.49999999999999983,0.5,0.5010073674782018,9.28415495375105e-15
isotropic,49,42,42,18,1.0000000000000007,17.999999999999996,0.5000000000000002,0.5190402983550557,0.4999999999999999,0.49999999999999994,0.5044643939060407,1.302147050026961e-14
isotropic,49,48,48,12,1.0000000000000007,11.999999999999996,0.5000000000000001,0.5116677466297568,0.49999999999999983,0.5,0.5020952132157677,1.08822304012298e-14
isotropic,49,54,54,6,1.0000000000000004,6.0,0.5,0.4989977955275887,0.5,0.49999999999999994,0.4985853137039286,1.5467400848383326e-14
isotropic,49,60,60,0,0.0,0.0,0.0,0.0,0.0,0.0,0.0,0.0
isotropic,50,6,6,54,1.000000000000002,53.999999999999986,0.5000000000000003,0.48259366663234654,0.4999999999999999,0.5,0.5000199882754337,3.0351006075483724e-15
isotropic,50,12,12,48,1.0000000000000013,47.99999999999999,0.4999999999999997,0.4844700130564905,0.49999999999999994,0.49999999999999994,0.501598853480602,4.278807170452401e-15
isotropic,50,18,18,42,1.0000000000000022,41.999999999999986,0.5000000000000003,0.5058908352984558,0.49999999999999983,0.5,0.5004552500950301,3.795814013104282e-15
isotropic,50,24,24,36,1.0000000000000016,35.99999999999999,0.5,0.4894064558230957,0.4999999999999999,0.5,0.4993587824264582,5.229557184061784e-15
isotropic,50,30,30,30,1.0000000000000016,29.999999999999996,0.5000000000000004,0.511032116322495,0.49999999999999994,0.5,0.4974451055935404,5.884454381038841e-15
isotropic,50,36,36,24,1.0000000000000007,23.999999999999996,0.5,0.5206898454216622,0.49999999999999994,0.5,0.498595116014943,9.030545016140102e-15
isotropic,50,42,42,18,1.0000000000000016,17.999999999999993,0.5000000000000013,0.5066157929536528,0.4999999999999998,0.4999999999999999,0.49833868806418785,1.1012350838786083e-14
isotropic,50,48,48,12,1.0000000000000007,11.999999999999995,0.5,0.47995383100900607,0.4999999999999998,0.4999999999999999,0.5007657102984874,1.4627288003088588e-14
isotropic,50,54,54,6,1.0000000000000007,6.000000000000001,0.5,0.5043547024603223,0.5000000000000001,0.5,0.5035377566473215,1.5794310932836198e-14
isotropic,50,60,60,0,0.0,0.0,0.0,0.0,0.0,0.0,0.0,0.0
isotropic,51,6,6,54,1.000000000000001,53.999999999999986,0.5000000000000006,0.49878335619081393,0.4999999999999999,0.5,0.4963235908925307,3.1235261481045495e-15
isotropic,51,12,12,48,1.0000000000000016,47.99999999999999,0.5000000000000011,0.481194230656832,0.49999999999999994,0.5,0.4974124338262098,3.3313473899233547e-15
isotropic,51,18,18,42,1.0000000000000029,42.0,0.5000000000000008,0.484361968037633,0.5,0.5,0.4992649323871664,4.227411692045997e-15
isotropic,51,24,24,36,1.0000000000000016,35.99999999999999,0.5000000000000002,0.5093718694212557,0.4999999999999999,0.49999999999999994,0.4997277534574476,5.021016273224618e-15
isotropic,51,30,30,30,1.0000000000000018,29.999999999999993,0.5000000000000006,0.5173708670090994,0.4999999999999999,0.5,0.501415106869384,5.656656862808254e-15
isotropic,51,36,36,24,1.0000000000000016,24.0,0.5000000000000006,0.501495435239074,0.5,0.5,0.49954763972525973,9.356787360047374e-15
isotropic,51,42,42,18,1.0000000000000013,17.999999999999996,0.5000000000000004,0.5047207471947521,0.4999999999999999,0.5,0.4968605880834482,1.0664199761025377e-14
isotropic,51,48,48,12,1.0000000000000013,12.0,0.5000000000000001,0.4944070025284771,0.5,0.4999999999999999,0.5002693374536964,1.0407139327714669e-14
isotropic,51,54,54,6,1.0000000000000007,6.000000000000001,0.5000000000000002,0.4844244545266583,0.5000000000000001,0.49999999999999994,0.5013087307009811,1.7998188759936516e-14
isotropic,51,60,60,0,0.0,0.0,0.0,0.0,0.0,0.0,0.0,0.0
isotropic,52,6,6,54,1.000000000000002,53.99999999999999,0.5000000000000006,0.5230549031953042,0.49999999999999994,0.5,0.498603772826852,2.8756571680327793e-15
isotropic,52,12,12,48,1.000000000000002,47.99999999999999,0.4999999999999998,0.5055259616812453,0.49999999999999994,0.5,0.4977835429215254,3.6014752948787745e-15
isotropic,52,18,18,42,1.000000000000001,41.99999999999999,0.5000000000000004,0.4981184905140436,0.4999999999999999,0.5,0.4995875191430699,4.631457023527896e-15
isotropic,52,24,24,36,1.0000000000000022,35.99999999999999,0.5000000000000011,0.5055000774756702,0.4999999999999999,0.49999999999999994,0.49889914258763346,4.234173939295555e-15
isotropic,52,30,30,30,1.000000000000002,29.999999999999996,0.5000000000000004,0.47303063724491495,0.49999999999999994,0.5,0.49651376623452353,5.98992991158538e-15
isotropic,52,36,36,24,1.0000000000000013,24.0,0.5000000000000004,0.48073507297533546,0.5,0.5,0.49999639899244996,1.0428776642104252e-14
isotropic,52,42,42,18,1.0000000000000013,17.999999999999996,0.5000000000000002,0.4792477499977169,0.4999999999999999,0.5,0.4934402757121802,9.396102178714817e-15
isotropic,52,48,48,12,1.0000000000000009,11.999999999999996,0.5000000000000001,0.4812399582358888,0.49999999999999983,0.5,0.4937104010959096,1.4676100625709992e-14
isotropic,52,54,54,6,1.0000000000000004,6.0,0.5000000000000001,0.4795265733875351,0.5,0.5000000000000001,0.49364362162032965,1.67610083942607e-14
isotropic,52,60,60,0,0.0,0.0,0.0,0.0,0.0,0.0,0.0,0.0
isotropic,53,6,6,54,1.0000000000000013,53.999999999999986,0.4999999999999998,0.486667735019069,0.4999999999999999,0.5,0.49753256029142473,2.803590150529376e-15
isotropic,53,12,12,48,1.000000000000002,47.99999999999999,0.5000000000000007,0.5075981264065008,0.49999999999999994,0.5,0.5007564126646897,3.2754376718045176e-15
isotropic,53,18,18,42,1.0000000000000016,41.99999999999999,0.5000000000000003,0.501010738912111,0.4999999999999999,0.5,0.5004743596179551,4.4007736940262925e-15
isotropic,53,24,24,36,1.000000000000001,35.99999999999999,0.5000000000000007,0.4851890418113021,0.4999999999999999,0.5,0.4948815129350792,5.416050196349541e-15
isotropic,53,30,30,30,1.000000000000002,29.999999999999996,0.5000000000000001,0.4950178212039916,0.49999999999999994,0.5,0.498863509109151,7.374460470803732e-15
isotropic,53,36,36,24,1.0000000000000016,24.0,0.5000000000000004,0.4969168445715184,0.5,0.5,0.49760141906621963,9.526016902911882e-15
isotropic,53,42,42,18,1.000000000000002,18.0,0.4999999999999991,0.5068650595556512,0.5,0.5,0.4956129245668388,9.925307877267727e-15
isotropic,53,48,48,12,1.0000000000000024,11.999999999999998,0.5000000000000007,0.5032502475673222,0.49999999999999994,0.5,0.49560416031003574,1.2798035372469463e-14
isotropic,53,54,54,6,1.000000000000001,5.999999999999999,0.5000000000000007,0.47694495499698186,0.49999999999999994,0.5,0.49464364676796657,1.524127640440355e-14
isotropic,53,60,60,0,0.0,0.0,0.0,0.0,0.0,0.0,0.0,0.0
isotropic,54,6,6,54,1.000000000000002,53.999999999999986,0.5000000000000003,0.5005752412534143,0.4999999999999999,0.5,0.49864430236486096,2.8859004985339167e-15
isotropic,54,12,12,48,1.0000000000000016,48.0,0.4999999999999999,0.5152652125346009,0.5,0.49999999999999994,0.4997924235418084,3.337587739786616e-15
isotropic,54,18,18,42,1.0000000000000016,41.99999999999999,0.5000000000000008,0.5034692343232048,0.4999999999999999,0.5,0.49966627509264205,4.962959575005575e-15
isotropic,54,24,24,36,1.0000000000000016,35.99999999999999,0.4999999999999998,0.4864972205184058,0.4999999999999999,0.5,0.5005871179859844,5.479619163875445e-15
isotropic,54,30,30,30,1.0000000000000013,29.99999999999999,0.5000000000000004,0.5132547921397486,0.49999999999999983,0.5,0.4989817943345234,7.026621858361554e-15
isotropic,54,36,36,24,1.0000000000000009,23.999999999999993,0.5000000000000003,0.49103854317721485,0.49999999999999983,0.5,0.5040259950743973,9.326760209662193e-15
isotropic,54,42,42,18,1.0000000000000018,18.0,0.5000000000000003,0.5002699022394563,0.5,0.5,0.4951722844452485,1.0889329767878244e-14
isotropic,54,48,48,12,1.0000000000000004,11.999999999999996,0.5000000000000004,0.507245692828594,0.49999999999999983,0.5,0.5052042285245981,1.4138502278520949e-14
isotropic,54,54,54,6,1.0000000000000004,5.999999999999998,0.5000000000000001,0.5092479126407505,0.49999999999999983,0.49999999999999983,0.502920608358089,1.798698578171019e-14
isotropic,54,60,60,0,0.0,0.0,0.0,0.0,0.0,0.0,0.0,0.0
isotropic,55,6,6,54,1.000000000000002,53.99999999999998,0.5000000000000003,0.49616713418118463,0.4999999999999998,0.5,0.49920761641427247,4.5792078758309775e-15
isotropic,55,12,12,48,1.0000000000000022,47.99999999999999,0.5,0.5188614242747192,0.49999999999999994,0.5,0.5006322708984324,4.1071014057295525e-15
isotropic,55,18,18,42,1.0000000000000016,41.999999999999986,0.5000000000000002,0.4930698584206717,0.49999999999999983,0.49999999999999994,0.4978871387700693,4.507322558468024e-15
isotropic,55,24,24,36,1.000000000000001,35.99999999999999,0.5,0.5055391732002978,0.4999999999999999,0.5,0.49702668658385607,4.911995047515749e-15
isotropic,55,30,30,30,1.0000000000000016,29.99999999999999,0.5000000000000001,0.490990585807509,0.49999999999999983,0.5,0.5001193975964846,6.2039756161210915e-15
isotropic,55,36,36,24,1.000000000000001,23.999999999999993,0.49999999999999994,0.502006395069971,0.49999999999999983,0.49999999999999994,0.5022427712696986,1.0287277160359556e-14
isotropic,55,42,42,18,1.0000000000000007,17.999999999999996,0.5000000000000004,0.4906468224284618,0.4999999999999999,0.5,0.4979756737104647,9.815726019951255e-15
isotropic,55,48,48,12,1.0000000000000009,12.0,0.5000000000000008,0.4940696594475885,0.5,0.5,0.5025396771259711,1.1868547343867459e-14
isotropic,55,54,54,6,1.0000000000000007,6.0,0.5000000000000002,0.5066775634737783,0.5,0.49999999999999994,0.4869852743192224,1.714487543396288e-14
isotropic,55,60,60,0,0.0,0.0,0.0,0.0,0.0,0.0,0.0,0.0
isotropic,56,6,6,54,1.000000000000002,53.99999999999999,0.5000000000000004,0.4962725491355724,0.49999999999999994,0.5,0.4998008372748998,4.271009536532737e-15
isotropic,56,12,12,48,1.000000000000002,47.99999999999999,0.5000000000000003,0.49112714569423144,0.49999999999999994,0.49999999999999994,0.49701079869592046,5.074050696348657e-15
isotropic,56,18,18,42,1.000000000000001,41.99999999999998,0.49999999999999967,0.49053336469586817,0.4999999999999997,0.5,0.49781660117345516,6.086348134817757e-15
isotropic,56,24,24,36,1.0000000000000016,35.999999999999986,0.5000000000000011,0.4930283713253084,0.4999999999999998,0.5,0.49459146031974344,5.625824637757822e-15
isotropic,56,30,30,30,1.0000000000000016,29.999999999999993,0.5000000000000004,0.5086455900130762,0.4999999999999999,0.5,0.4963050405145828,6.5762123314632005e-15
isotropic,56,36,36,24,1.0000000000000016,24.000000000000007,0.4999999999999998,0.500025506734612,0.5000000000000001,0.49999999999999994,0.49600359628062407,1.0892477790450512e-14
isotropic,56,42,42,18,1.000000000000001,17.999999999999996,0.5000000000000002,0.5014806380005628,0.4999999999999999,0.5,0.4980665686114427,9.669150634525532e-15
isotropic,56,48,48,12,1.0000000000000004,11.999999999999993,0.5000000000000007,0.49657619088691207,0.4999999999999997,0.5,0.4977547556868148,1.3188024687067409e-14
isotropic,56,54,54,6,1.0000000000000009,5.999999999999999,0.5,0.4938315318029089,0.49999999999999994,0.49999999999999994,0.4948952014401786,1.9624175148712213e-14
isotropic,56,60,60,0,0.0,0.0,0.0,0.0,0.0,0.0,0.0,0.0
isotropic,57,6,6,54,1.0000000000000016,53.99999999999998,0.5000000000000008,0.5022801549405995,0.4999999999999998,0.5,0.4977592446373031,2.716080382773981e-15
isotropic,57,12,12,48,1.0000000000000013,47.99999999999999,0.5000000000000003,0.5081634415996431,0.49999999999999994,0.5,0.5009004675075761,3.5213360681080533e-15
isotropic,57,18,18,42,1.0000000000000016,41.99999999999999,0.5000000000000006,0.4994927264531087,0.4999999999999999,0.49999999999999994,0.49865734592959843,5.263103243029033e-15
isotropic,57,24,24,36,1.0000000000000013,35.99999999999999,0.49999999999999994,0.5060430095939562,0.4999999999999999,0.5,0.4979931927742268,4.94424307657204e-15
isotropic,57,30,30,30,1.0000000000000016,29.999999999999993,0.4999999999999996,0.488467503049557,0.4999999999999999,0.5,0.49904733694392056,6.2003957553946114e-15
isotropic,57,36,36,24,1.0000000000000016,23.999999999999996,0.5000000000000007,0.5120164978087054,0.49999999999999994,0.5,0.4983861025282646,9.755305091089551e-15
isotropic,57,42,42,18,1.0000000000000018,18.0,0.5000000000000007,0.5182963051839614,0.5,0.5,0.498675163906107,1.0906627891397717e-14
isotropic,57,48,48,12,1.000000000000001,12.000000000000002,0.5000000000000001,0.49598167208987165,0.5000000000000001,0.5,0.49375109901583636,1.512507515377697e-14
isotropic,57,54,54,6,1.0000000000000007,5.999999999999999,0.5000000000000002,0.48197564080440924,0.49999999999999994,0.5,0.49748679890125846,1.668295326769043e-14
isotropic,57,60,60,0,0.0,0.0,0.0,0.0,0.0,0.0,0.0,0.0
isotropic,58,6,6,54,1.000000000000002,53.999999999999986,0.5000000000000009,0.4865469622549434,0.4999999999999999,0.5,0.5017822937492779,3.2181624720189504e-15
isotropic,58,12,12,48,1.0000000000000016,47.99999999999999,0.5000000000000002,0.5059891313988594,0.49999999999999994,0.5,0.5002601606628176,4.301910536164875e-15
isotropic,58,18,18,42,1.0000000000000018,41.99999999999999,0.5000000000000004,0.5053664335466846,0.4999999999999999,0.5,0.5030260306823934,4.718940954715197e-15
isotropic,58,24,24,36,1.000000000000002,35.99999999999999,0.5000000000000002,0.49577748396732035,0.4999999999999999,0.5,0.4988316474762978,4.839766952116418e-15
isotropic,58,30,30,30,1.0000000000000018,30.0,0.5000000000000002,0.4990046589111643,0.5,0.5,0.4998166803453399,5.705842665174204e-15
isotropic,58,36,36,24,1.0000000000000018,24.0,0.5000000000000006,0.5086509994596231,0.5,0.5,0.5004714890405716,1.0273326559861237e-14
isotropic,58,42,42,18,1.0000000000000013,18.000000000000004,0.5000000000000003,0.48315656217634273,0.5000000000000001,0.5,0.4971558542562694,1.1268373937735901e-14
isotropic,58,48,48,12,1.000000000000001,12.000000000000002,0.5000000000000003,0.4873095445637784,0.5000000000000001,0.5,0.5036474745744131,1.1439096137411148e-14
isotropic,58,54,54,6,1.0000000000000004,5.999999999999998,0.5000000000000004,0.4908734461310783,0.49999999999999983,0.49999999999999994,0.5040251997686128,1.6640671034518497e-14
isotropic,58,60,60,0,0.0,0.0,0.0,0.0,0.0,0.0,0.0,0.0
isotropic,59,6,6,54,1.000000000000001,53.999999999999986,0.5000000000000007,0.5072111810355568,0.4999999999999999,0.5,0.5041261381465444,2.8025622364533842e-15
isotropic,59,12,12,48,1.0000000000000018,47.99999999999999,0.4999999999999998,0.4873630638557299,0.49999999999999994,0.5,0.5015485354450009,3.6793195914403244e-15
isotropic,59,18,18,42,1.0000000000000013,41.99999999999999,0.4999999999999999,0.5012206900784574,0.4999999999999999,0.4999999999999999,0.5034503979777771,4.555808161495269e-15
isotropic,59,24,24,36,1.0000000000000016,35.99999999999999,0.5000000000000007,0.4868594888264165,0.4999999999999999,0.49999999999999994,0.5013363607618055,4.872457182002745e-15
isotropic,59,30,30,30,1.0000000000000013,29.999999999999986,0.5000000000000002,0.5093212242200553,0.4999999999999998,0.49999999999999994,0.5037749988983263,7.041165121458107e-15
isotropic,59,36,36,24,1.0000000000000018,24.000000000000004,0.5000000000000006,0.508101855595121,0.5000000000000001,0.5,0.5018559237500021,9.56690763597672e-15
isotropic,59,42,42,18,1.0000000000000016,18.0,0.5000000000000003,0.4971711368440229,0.5,0.5,0.502114276879972,1.0420175286735348e-14
isotropic,59,48,48,12,1.000000000000001,11.999999999999998,0.5000000000000001,0.49423315878069257,0.49999999999999994,0.5,0.5004337194041184,1.3920759783560507e-14
isotropic,59,54,54,6,1.0000000000000016,6.000000000000003,0.5000000000000007,0.5136922708031536,0.5000000000000002,0.5000000000000002,0.5081296258110142,1.7746869218346553e-14
isotropic,59,60,60,0,0.0,0.0,0.0,0.0,0.0,0.0,0.0,0.0
isotropic,60,6,6,54,1.000000000000003,53.99999999999998,0.5000000000000008,0.5020162531688617,0.4999999999999998,0.5,0.5006922082881615,2.9286377069574244e-15
isotropic,60,12,12,48,1.0000000000000013,47.99999999999999,0.5000000000000004,0.5165614918989919,0.49999999999999994,0.49999999999999994,0.4985713158463143,3.844883022724167e-15
isotropic,60,18,18,42,1.0000000000000018,41.99999999999999,0.5000000000000006,0.4663898259501072,0.4999999999999999,0.5,0.5001082689396028,4.7621969217323824e-15
isotropic,60,24,24,36,1.0000000000000013,35.999999999999986,0.5,0.5195273654569099,0.4999999999999998,0.5,0.5001554372964572,6.124488167863978e-15
isotropic,60,30,30,30,1.0000000000000016,29.999999999999993,0.5000000000000004,0.4963919930536937,0.4999999999999999,0.5,0.5025009976698316,5.745576351083323e-15
isotropic,60,36,36,24,1.0000000000000016,24.0,0.5000000000000006,0.5138731831878627,0.5,0.49999999999999994,0.5038332747847236,9.418856534569508e-15
isotropic,60,42,42,18,1.000000000000001,17.999999999999996,0.5000000000000006,0.5169806548200646,0.4999999999999999,0.5,0.5022907457723604,1.0139301726988323e-14
isotropic,60,48,48,12,1.0000000000000009,12.0,0.5000000000000001,0.5151150268903153,0.5,0.5,0.501439981392899,1.1952321585928437e-14
isotropic,60,54,54,6,1.0000000000000002,5.999999999999998,0.4999999999999996,0.4838794680270928,0.49999999999999983,0.5,0.49610719118376756,1.5487597507695164e-14
isotropic,60,60,60,0,0.0,0.0,0.0,0.0,0.0,0.0,0.0,0.0
isotropic,61,6,6,54,1.0000000000000016,53.999999999999986,0.5000000000000004,0.49320390559329275,0.4999999999999999,0.5,0.4994053416587336,3.097700837559004e-15
isotropic,61,12,12,48,1.0000000000000009,47.999999999999986,0.5000000000000001,0.4963870343162792,0.49999999999999983,0.5,0.49760993649400653,3.932401542767401e-15
isotropic,61,18,18,42,1.0000000000000018,41.99999999999999,0.5000000000000007,0.5093612268095897,0.4999999999999999,0.5,0.49850541880906873,4.968423379945582e-15
isotropic,61,24,24,36,1.0000000000000018,35.99999999999999,0.4999999999999995,0.47942103337945763,0.4999999999999999,0.49999999999999994,0.4970268473304976,4.737711040575106e-15
isotropic,61,30,30,30,1.000000000000001,29.99999999999999,0.4999999999999998,0.48930703636757433,0.49999999999999983,0.5,0.4948983613214797,6.183200501109995e-15
isotropic,61,36,36,24,1.000000000000001,24.0,0.5000000000000007,0.5107372418310376,0.5,0.5,0.4966423967975013,7.75424152458701e-15
isotropic,61,42,42,18,1.0000000000000009,17.999999999999996,0.5000000000000001,0.49215136259783115,0.4999999999999999,0.5,0.4955833225598285,1.0751168858503559e-14
isotropic,61,48,48,12,1.000000000000002,12.0,0.5000000000000007,0.5048286158915218,0.5,0.5,0.4980028467848738,1.2346034748361717e-14
isotropic,61,54,54,6,1.000000000000001,6.000000000000003,0.5000000000000004,0.5080604498209951,0.5000000000000002,0.5,0.5030281084767501,1.8325394152738607e-14
isotropic,61,60,60,0,0.0,0.0,0.0,0.0,0.0,0.0,0.0,0.0
isotropic,62,6,6,54,1.0000000000000016,53.999999999999986,0.5000000000000001,0.5027082767784832,0.4999999999999999,0.5,0.4970450042801835,3.1678082759808645e-15
isotropic,62,12,12,48,1.000000000000001,47.99999999999999,0.5000000000000007,0.5017180528334237,0.49999999999999994,0.49999999999999994,0.5003868405153111,4.191684819526882e-15
isotropic,62,18,18,42,1.000000000000002,41.99999999999999,0.5000000000000003,0.5017949174227669,0.4999999999999999,0.5,0.49797960950442655,4.238881602712433e-15
isotropic,62,24,24,36,1.0000000000000013,35.99999999999999,0.5000000000000007,0.5020017253057945,0.4999999999999999,0.5,0.4979091755157967,4.4828547989137754e-15
isotropic,62,30,30,30,1.0000000000000013,29.999999999999993,0.5000000000000002,0.4935085205128973,0.4999999999999999,0.5,0.4982395437315196,5.94334202579037e-15
isotropic,62,36,36,24,1.0000000000000018,23.999999999999993,0.5000000000000002,0.4944138318653701,0.49999999999999983,0.5,0.5016929201264586,9.542191513593367e-15
isotropic,62,42,42,18,1.0000000000000016,17.999999999999996,0.5000000000000004,0.4998451099296718,0.4999999999999999,0.5,0.5003031491828774,1.0400597531775746e-14
isotropic,62,48,48,12,1.0000000000000013,11.999999999999998,0.5000000000000003,0.5043723268980835,0.49999999999999994,0.5,0.4968956855252033,1.4978849750778006e-14
isotropic,62,54,54,6,1.0000000000000018,6.000000000000003,0.5000000000000009,0.4825269323862593,0.5000000000000002,0.5,0.49266400887224726,1.7236268466792642e-14
isotropic,62,60,60,0,0.0,0.0,0.0,0.0,0.0,0.0,0.0,0.0
isotropic,63,6,6,54,1.000000000000002,53.999999999999986,0.5000000000000003,0.49064920488832553,0.4999999999999999,0.5,0.5014579768296922,4.962421676747874e-15
isotropic,63,12,12,48,1.0000000000000024,47.99999999999999,0.5000000000000001,0.4915205227418886,0.49999999999999994,0.49999999999999994,0.5003522458674008,4.496928136097055e-15
isotropic,63,18,18,42,1.000000000000001,41.999999999999986,0.4999999999999997,0.48159460159180845,0.49999999999999983,0.5,0.5002313102044531,4.6348604330147626e-15
isotropic,63,24,24,36,1.000000000000002,35.99999999999999,0.500000000000001,0.4731727415375875,0.4999999999999999,0.5,0.4992249564479777,4.917561766900094e-15
isotropic,63,30,30,30,1.0000000000000016,29.999999999999993,0.5000000000000007,0.49844156430028647,0.4999999999999999,0.5,0.5016104327434456,6.1874588941231424e-15
isotropic,63,36,36,24,1.000000000000001,23.999999999999996,0.5000000000000004,0.4948244066119743,0.49999999999999994,0.5,0.49833027488813386,9.868162110512843e-15
isotropic,63,42,42,18,1.0000000000000009,17.999999999999996,0.5000000000000003,0.5183508382618545,0.4999999999999999,0.5,0.5012374589507712,1.0707805702758552e-14
isotropic,63,48,48,12,1.0000000000000007,11.999999999999996,0.5000000000000001,0.509364584140041,0.49999999999999983,0.5,0.5024537351437404,1.1261128522375298e-14
isotropic,63,54,54,6,1.0000000000000004,6.0,0.5,0.4819301140944124,0.5,0.5,0.5057999275850131,1.494099829506578e-14
isotropic,63,60,60,0,0.0,0.0,0.0,0.0,0.0,0.0,0.0,0.0
isotropic,64,6,6,54,1.0000000000000013,53.999999999999986,0.5000000000000004,0.5029196364118864,0.4999999999999999,0.5,0.504302583384691,3.5339562057364965e-15
isotropic,64,12,12,48,1.0000000000000022,48.0,0.5000000000000004,0.5019208688641887,0.5,0.5,0.5022222495355051,3.743478093976846e-15
isotropic,64,18,18,42,1.0000000000000016,42.0,0.5000000000000001,0.5184652270724565,0.5,0.5,0.5014614113269571,4.866998131726816e-15
isotropic,64,24,24,36,1.0000000000000016,35.99999999999999,0.5000000000000004,0.5133445035802868,0.4999999999999999,0.5,0.5022825556117214,5.151945173808581e-15
isotropic,64,30,30,30,1.0000000000000013,29.999999999999993,0.5000000000000009,0.497538103094373,0.4999999999999999,0.5,0.5018222381769026,5.75508950949313e-15
isotropic,64,36,36,24,1.000000000000001,23.999999999999996,0.49999999999999994,0.4972569760250244,0.49999999999999994,0.5,0.4984745450176743,9.491633741640586e-15
isotropic,64,42,42,18,1.0000000000000013,17.999999999999996,0.5,0.5097560110411219,0.4999999999999999,0.5,0.5027857561120594,1.0279461982010365e-14
isotropic,64,48,48,12,1.000000000000001,11.999999999999998,0.5000000000000002,0.5175812569246514,0.49999999999999994,0.5,0.5034690678363558,1.4542669709413202e-14
isotropic,64,54,54,6,1.0000000000000007,5.999999999999999,0.5000000000000001,0.5035140963372492,0.49999999999999994,0.5,0.5030470199508846,1.5710279888427363e-14
isotropic,64,60,60,0,0.0,0.0,0.0,0.0,0.0,0.0,0.0,0.0
isotropic,65,6,6,54,1.0000000000000016,53.99999999999998,0.49999999999999994,0.480689588547316,0.4999999999999998,0.5,0.49877840587968386,3.3495744431578935e-15
isotropic,65,12,12,48,1.0000000000000022,47.99999999999999,0.49999999999999967,0.49887118742317543,0.49999999999999994,0.5,0.4990692490202131,4.101923388264762e-15
isotropic,65,18,18,42,1.0000000000000013,41.99999999999999,0.5000000000000007,0.49280980897509774,0.4999999999999999,0.5,0.4986420585010277,4.237660565768175e-15
isotropic,65,24,24,36,1.0000000000000024,35.99999999999999,0.5000000000000007,0.4985564961606239,0.4999999999999999,0.5,0.49972266316592806,4.651647873501632e-15
isotropic,65,30,30,30,1.000000000000001,29.99999999999999,0.5000000000000004,0.4964295239824602,0.49999999999999983,0.5,0.4987593740661291,5.988433761074221e-15
isotropic,65,36,36,24,1.0000000000000016,24.0,0.5000000000000007,0.476142877727921,0.5,0.5,0.49893352799169877,9.869392455398297e-15
isotropic,65,42,42,18,1.000000000000001,17.999999999999996,0.49999999999999983,0.4933423824611117,0.4999999999999999,0.5,0.4929583766360546,1.2003943880697837e-14
isotropic,65,48,48,12,1.0000000000000013,11.999999999999998,0.5000000000000008,0.4929207144300318,0.49999999999999994,0.5,0.4935531882421531,1.1260788083682705e-14
isotropic,65,54,54,6,1.0000000000000002,5.999999999999999,0.5000000000000003,0.4917345312545856,0.49999999999999994,0.5,0.4969212409183783,1.4608396239205427e-14
isotropic,65,60,60,0,0.0,0.0,0.0,0.0,0.0,0.0,0.0,0.0
isotropic,66,6,6,54,1.0000000000000018,53.999999999999986,0.5000000000000004,0.5224446258936647,0.4999999999999999,0.5,0.5010568477190829,2.610049837773197e-15
isotropic,66,12,12,48,1.000000000000001,47.999999999999986,0.5000000000000006,0.4800764104516143,0.49999999999999983,0.5,0.499001613302691,3.972571356605619e-15
isotropic,66,18,18,42,1.0000000000000016,41.99999999999999,0.5000000000000006,0.49974427004973915,0.4999999999999999,0.5,0.49660240799035354,4.4877988088444705e-15
isotropic,66,24,24,36,1.0000000000000016,35.999999999999986,0.5000000000000003,0.49032563952595754,0.4999999999999998,0.49999999999999994,0.5001560156095884,6.029445857060826e-15
isotropic,66,30,30,30,1.000000000000001,29.999999999999993,0.5000000000000008,0.5002877509749928,0.4999999999999999,0.5,0.5010594462564641,6.317073455367088e-15
isotropic,66,36,36,24,1.0000000000000018,24.0,0.5000000000000003,0.4843945213564463,0.5,0.5,0.5018213088967988,8.808681491432999e-15
isotropic,66,42,42,18,1.000000000000001,17.999999999999993,0.5000000000000006,0.4981553880228077,0.4999999999999998,0.5,0.5041760967355559,1.0592992374856276e-14
isotropic,66,48,48,12,1.0000000000000018,11.999999999999998,0.5000000000000004,0.5055860165082041,0.49999999999999994,0.5,0.5057580802048363,1.4794405183197984e-14
isotropic,66,54,54,6,1.0000000000000004,5.999999999999998,0.49999999999999994,0.5106751964331021,0.49999999999999983,0.5,0.499281302008254,1.6377291067539075e-14
isotropic,66,60,60,0,0.0,0.0,0.0,0.0,0.0,0.0,0.0,0.0
isotropic,67,6,6,54,1.000000000000001,53.999999999999986,0.49999999999999983,0.5030261936573864,0.4999999999999999,0.5,0.5027386257070154,2.854420500397174e-15
isotropic,67,12,12,48,1.000000000000002,47.99999999999999,0.5000000000000003,0.47862867585067786,0.49999999999999994,0.5,0.4981773436571715,3.772805761594977e-15
isotropic,67,18,18,42,1.0000000000000022,41.99999999999999,0.5000000000000003,0.5125041742285912,0.4999999999999999,0.5,0.502430446157307,3.476300170731445e-15
isotropic,67,24,24,36,1.0000000000000016,35.999999999999986,0.5000000000000006,0.5042534936373683,0.4999999999999998,0.5,0.5023867983632226,5.682402070467206e-15
isotropic,67,30,30,30,1.000000000000001,29.999999999999993,0.5000000000000008,0.49202034273739154,0.4999999999999999,0.5,0.5002384363757998,6.4728577342097385e-15
isotropic,67,36,36,24,1.0000000000000016,24.0,0.5000000000000003,0.5020365964110487,0.5,0.5,0.4974448229211501,9.861729018090903e-15
isotropic,67,42,42,18,1.0000000000000013,17.999999999999996,0.5000000000000006,0.491283612826005,0.4999999999999999,0.5,0.49933219768241516,1.1845569723808599e-14
isotropic,67,48,48,12,1.0000000000000009,11.999999999999996,0.5000000000000004,0.514527454926553,0.49999999999999983,0.49999999999999994,0.4959207582438072,1.1128538949023057e-14
isotropic,67,54,54,6,1.000000000000001,6.000000000000001,0.5000000000000004,0.5028511579634783,0.5000000000000001,0.49999999999999994,0.49811132126321983,1.7109138103084755e-14
isotropic,67,60,60,0,0.0,0.0,0.0,0.0,0.0,0.0,0.0,0.0
isotropic,68,6,6,54,1.0000000000000018,53.99999999999999,0.5000000000000008,0.5110298966950166,0.49999999999999994,0.5,0.5023080842794281,2.9740767951847364e-15
isotropic,68,12,12,48,1.000000000000001,47.999999999999986,0.49999999999999983,0.5193129677252503,0.49999999999999983,0.5,0.500913640225025,4.686649175183572e-15
isotropic,68,18,18,42,1.0000000000000022,41.999999999999986,0.5000000000000003,0.49082180590399216,0.49999999999999983,0.49999999999999994,0.5036460400753668,5.035982941844884e-15
isotropic,68,24,24,36,1.0000000000000018,36.0,0.5000000000000009,0.5030599026834809,0.5,0.5,0.5024287249353543,5.266979613598553e-15
isotropic,68,30,30,30,1.0000000000000016,29.99999999999999,0.5000000000000002,0.49634564464428926,0.49999999999999983,0.49999999999999994,0.500594694985657,5.3741996938823266e-15
isotropic,68,36,36,24,1.000000000000001,24.0,0.5000000000000002,0.49592668765150183,0.5,0.4999999999999999,0.5039547759881342,1.0066139197298307e-14
isotropic,68,42,42,18,1.000000000000001,17.999999999999996,0.5000000000000001,0.5071753876678652,0.4999999999999999,0.5,0.5041751586927401,1.1084441462063815e-14
isotropic,68,48,48,12,1.0000000000000018,12.0,0.500000000000001,0.49917159553883655,0.5,0.5,0.5007022835595751,1.5836797454769733e-14
isotropic,68,54,54,6,1.0000000000000002,5.9999999999999964,0.5000000000000002,0.4950920399318397,0.4999999999999997,0.49999999999999994,0.49817844403616707,1.653638841047734e-14
isotropic,68,60,60,0,0.0,0.0,0.0,0.0,0.0,0.0,0.0,0.0
isotropic,69,6,6,54,1.0000000000000018,53.999999999999986,0.5,0.5091216240621288,0.4999999999999999,0.5,0.5013718384648386,2.7690780833463692e-15
isotropic,69,12,12,48,1.0000000000000016,47.999999999999986,0.5000000000000001,0.48370208599295605,0.49999999999999983,0.5,0.5024462164561958,3.2029334989300576e-15
isotropic,69,18,18,42,1.0000000000000018,42.0,0.49999999999999994,0.5054877820373022,0.5,0.5,0.5040454303567522,4.483027718724411e-15
isotropic,69,24,24,36,1.0000000000000013,36.0,0.5000000000000007,0.4903306106633501,0.5,0.5,0.5006877450093667,6.031013813618633e-15
isotropic,69,30,30,30,1.0000000000000018,29.999999999999993,0.5000000000000002,0.49332092097863606,0.4999999999999999,0.5,0.49849336795427734,6.30434471581439e-15
isotropic,69,36,36,24,1.0000000000000013,23.999999999999996,0.49999999999999994,0.5174343324718202,0.49999999999999994,0.4999999999999999,0.4991552847017521,9.116747939440333e-15
isotropic,69,42,42,18,1.0000000000000013,18.0,0.5000000000000003,0.5014282302496049,0.5,0.5,0.5009600372970593,1.1152605505076484e-14
isotropic,69,48,48,12,1.0000000000000009,11.999999999999996,0.5000000000000002,0.48665745131452265,0.49999999999999983,0.5,0.49711664659789484,1.2212080183284645e-14
isotropic,69,54,54,6,1.000000000000001,5.999999999999999,0.5000000000000006,0.47599349389921974,0.49999999999999994,0.5,0.4926476105507638,1.568726953012923e-14
isotropic,69,60,60,0,0.0,0.0,0.0,0.0,0.0,0.0,0.0,0.0
isotropic,70,6,6,54,1.0000000000000016,53.99999999999998,0.5000000000000011,0.5229480685175136,0.4999999999999998,0.5,0.499325945507596,3.992368624309848e-15
isotropic,70,12,12,48,1.0000000000000018,48.00000000000001,0.5000000000000001,0.49216379832307267,0.5000000000000001,0.5,0.5034567418469681,4.2539097905713536e-15
isotropic,70,18,18,42,1.0000000000000016,42.0,0.5000000000000007,0.48658185824178757,0.5,0.5,0.4990380969836983,5.3059617036573055e-15
isotropic,70,24,24,36,1.0000000000000029,35.99999999999999,0.5000000000000003,0.5129167564960317,0.4999999999999999,0.5,0.5035222361703118,6.389136685437535e-15
isotropic,70,30,30,30,1.000000000000001,29.999999999999993,0.5,0.49008693946156945,0.4999999999999999,0.5,0.5058345799987356,6.0866598109911795e-15
isotropic,70,36,36,24,1.000000000000001,23.999999999999993,0.5000000000000002,0.5129323166334931,0.49999999999999983,0.5,0.5026242483487376,1.0554019820061276e-14
isotropic,70,42,42,18,1.0000000000000016,18.0,0.5000000000000001,0.5005298313654669,0.5,0.5000000000000001,0.502173243601814,1.0158261086861918e-14
isotropic,70,48,48,12,1.0000000000000013,12.000000000000002,0.5000000000000008,0.5051776187472695,0.5000000000000001,0.5,0.5033670143472353,1.4547546910753236e-14
isotropic,70,54,54,6,1.000000000000001,6.000000000000002,0.5000000000000006,0.4950972380089698,0.5000000000000001,0.5000000000000001,0.493584304821164,1.6568711423681962e-14
isotropic,70,60,60,0,0.0,0.0,0.0,0.0,0.0,0.0,0.0,0.0
isotropic,71,6,6,54,1.0000000000000027,53.99999999999999,0.5000000000000008,0.49555850678303753,0.49999999999999994,0.5,0.5012358756059783,3.809638923106919e-15
isotropic,71,12,12,48,1.0000000000000018,48.0,0.5000000000000004,0.49814687262911633,0.5,0.5,0.5004419074607096,4.2340881123327134e-15
isotropic,71,18,18,42,1.0000000000000018,41.99999999999999,0.5000000000000007,0.5050864987907027,0.4999999999999999,0.5,0.5020461665021042,4.381176165846076e-15
isotropic,71,24,24,36,1.0000000000000018,35.999999999999986,0.4999999999999999,0.5291403280808636,0.4999999999999998,0.4999999999999999,0.5010605005631908,5.5494208599594904e-15
isotropic,71,30,30,30,1.000000000000001,29.99999999999999,0.5000000000000002,0.4824050097558238,0.49999999999999983,0.4999999999999999,0.5020775535537916,5.847501064045451e-15
isotropic,71,36,36,24,1.000000000000001,23.999999999999993,0.5000000000000002,0.525769375834784,0.49999999999999983,0.5,0.5032324055434654,1.1003453525773422e-14
isotropic,71,42,42,18,1.0000000000000009,17.999999999999993,0.5000000000000002,0.4923447141668157,0.4999999999999998,0.5,0.5049030094110896,1.134783869455442e-14
isotropic,71,48,48,12,1.0000000000000009,12.0,0.5000000000000002,0.5045436297666426,0.5,0.4999999999999999,0.49279809814627473,1.3775411189926325e-14
isotropic,71,54,54,6,1.0000000000000007,6.0,0.5000000000000006,0.4842315582670622,0.5,0.5,0.49467888202720167,1.7981861750893518e-14
isotropic,71,60,60,0,0.0,0.0,0.0,0.0,0.0,0.0,0.0,0.0
isotropic,72,6,6,54,1.0000000000000022,53.99999999999998,0.4999999999999999,0.49331325703744755,0.4999999999999998,0.5,0.5033669759227057,2.950254520695518e-15
isotropic,72,12,12,48,1.0000000000000013,48.0,0.5000000000000009,0.4917111924730541,0.5,0.5,0.49966562681201115,4.373075341841564e-15
isotropic,72,18,18,42,1.0000000000000018,41.99999999999999,0.5000000000000003,0.5194488903893797,0.4999999999999999,0.5,0.49788078769131944,4.417953617086695e-15
isotropic,72,24,24,36,1.0000000000000013,35.99999999999999,0.4999999999999999,0.4963827840682478,0.4999999999999999,0.4999999999999999,0.5028099688742764,6.0175161176490485e-15
isotropic,72,30,30,30,1.000000000000001,29.999999999999986,0.5000000000000003,0.5133776077124961,0.4999999999999998,0.4999999999999999,0.4999786228201929,5.375400724187958e-15
isotropic,72,36,36,24,1.0000000000000016,24.0,0.5000000000000003,0.5133028098392577,0.5,0.5,0.5032975195959163,9.74913509078711e-15
isotropic,72,42,42,18,1.0000000000000016,18.0,0.5000000000000007,0.5084748171653507,0.5,0.5,0.501072632993635,1.1252723349457073e-14
isotropic,72,48,48,12,1.000000000000001,11.999999999999998,0.5000000000000007,0.5246833812703585,0.49999999999999994,0.5,0.500887704897591,1.3378750937244283e-14
isotropic,72,54,54,6,1.0000000000000007,6.0,0.5000000000000003,0.5203806869686003,0.5,0.5,0.5087932012104746,1.9515635277846238e-14
isotropic,72,60,60,0,0.0,0.0,0.0,0.0,0.0,0.0,0.0,0.0
isotropic,73,6,6,54,1.0000000000000022,53.99999999999999,0.5000000000000003,0.509004335873581,0.49999999999999994,0.5,0.5008065446831322,2.4882260832360985e-15
isotropic,73,12,12,48,1.0000000000000016,47.99999999999999,0.5000000000000004,0.5118362629090937,0.49999999999999994,0.5,0.5017047211680759,4.4639276155374695e-15
isotropic,73,18,18,42,1.0000000000000024,42.0,0.5,0.506916880640472,0.5,0.5,0.5022407869391404,4.5350238759128045e-15
isotropic,73,24,24,36,1.0000000000000013,35.99999999999999,0.5000000000000004,0.4927968072659826,0.4999999999999999,0.5,0.4994189831622494,5.080642901472842e-15
isotropic,73,30,30,30,1.0000000000000016,29.999999999999993,0.5,0.4993675956244605,0.4999999999999999,0.5,0.5004668706754973,5.991700982119747e-15
isotropic,73,36,36,24,1.000000000000001,24.0,0.5000000000000004,0.5221777506327572,0.5,0.5,0.4996871361987153,9.537172170383072e-15
isotropic,73,42,42,18,1.000000000000001,17.999999999999996,0.5000000000000002,0.49293303740226474,0.4999999999999999,0.5,0.497010320932543,1.1285466818041975e-14
isotropic,73,48,48,12,1.0000000000000016,12.0,0.4999999999999999,0.5070374143243246,0.5,0.49999999999999994,0.5003914507708225,1.2052755441387107e-14
isotropic,73,54,54,6,1.0000000000000002,5.999999999999999,0.5,0.47516364904458264,0.49999999999999994,0.5,0.49213976414003746,1.5121297483942657e-14
isotropic,73,60,60,0,0.0,0.0,0.0,0.0,0.0,0.0,0.0,0.0
isotropic,74,6,6,54,1.000000000000002,53.99999999999999,0.49999999999999994,0.5165750822689181,0.49999999999999994,0.5,0.5025764798624976,3.079950387266929e-15
isotropic,74,12,12,48,1.000000000000002,47.99999999999999,0.5000000000000006,0.49986773682395,0.49999999999999994,0.5,0.49716601392647375,3.6135136787349345e-15
isotropic,74,18,18,42,1.0000000000000016,41.99999999999999,0.5000000000000002,0.4962359757731574,0.4999999999999999,0.5,0.500829147302237,3.848649542990065e-15
isotropic,74,24,24,36,1.0000000000000018,35.99999999999999,0.5000000000000004,0.48509199405798026,0.4999999999999999,0.5,0.4998101161247966,5.0643309426609965e-15
isotropic,74,30,30,30,1.0000000000000013,29.999999999999993,0.5000000000000001,0.5149181644182053,0.4999999999999999,0.5,0.5017454550202836,5.643527927944797e-15
isotropic,74,36,36,24,1.0000000000000016,23.999999999999996,0.5000000000000001,0.5116703994054301,0.49999999999999994,0.5,0.5038430186810995,9.828618793234006e-15
isotropic,74,42,42,18,1.0000000000000016,17.999999999999996,0.5000000000000001,0.47375864994586797,0.4999999999999999,0.5,0.5013187838804667,1.1529062887720453e-14
isotropic,74,48,48,12,1.0000000000000007,11.999999999999995,0.49999999999999994,0.4981886781809477,0.4999999999999998,0.5,0.5010327879473322,1.19035125328793e-14
isotropic,74,54,54,6,1.0000000000000004,5.999999999999998,0.5000000000000001,0.48698216342515466,0.49999999999999983,0.5,0.49600513126066925,1.812595611901801e-14
isotropic,74,60,60,0,0.0,0.0,0.0,0.0,0.0,0.0,0.0,0.0
isotropic,75,6,6,54,1.0000000000000013,53.999999999999986,0.5000000000000002,0.47603419777100997,0.4999999999999999,0.5,0.4972969031239862,3.4792617495898792e-15
isotropic,75,12,12,48,1.0000000000000013,47.99999999999999,0.4999999999999997,0.4994551544936859,0.49999999999999994,0.5,0.4983191679257143,4.832887020645521e-15
isotropic,75,18,18,42,1.000000000000001,41.999999999999986,0.5000000000000004,0.491049931523149,0.49999999999999983,0.5,0.5013833409121806,4.539431167546463e-15
isotropic,75,24,24,36,1.000000000000001,35.99999999999999,0.5000000000000007,0.5006129997397184,0.4999999999999999,0.5,0.5005872061175147,5.6660785246983524e-15
isotropic,75,30,30,30,1.0000000000000018,29.999999999999993,0.5000000000000002,0.5152556706097148,0.4999999999999999,0.5,0.4963492492686167,5.8033371762752456e-15
isotropic,75,36,36,24,1.0000000000000013,23.999999999999996,0.5000000000000002,0.5054201669157861,0.49999999999999994,0.5,0.49872556536762946,1.0818604266333604e-14
isotropic,75,42,42,18,1.000000000000002,18.000000000000007,0.5000000000000002,0.49826451878600786,0.5000000000000002,0.5,0.5030480722885076,1.1152303644076843e-14
isotropic,75,48,48,12,1.0000000000000013,12.0,0.5000000000000002,0.504939685253888,0.5,0.5,0.49689816298804,1.2542354606225608e-14
isotropic,75,54,54,6,1.0000000000000007,5.999999999999999,0.5000000000000003,0.4948476705618612,0.49999999999999994,0.5,0.49866604493431577,1.6057431456547927e-14
isotropic,75,60,60,0,0.0,0.0,0.0,0.0,0.0,0.0,0.0,0.0
isotropic,76,6,6,54,1.0000000000000016,53.99999999999999,0.5000000000000002,0.5051019361436323,0.49999999999999994,0.5,0.4991059856078963,2.4228924945357196e-15
isotropic,76,12,12,48,1.0000000000000013,47.999999999999986,0.500000000000001,0.5157064942639469,0.49999999999999983,0.5,0.49436116224803806,4.2455490254218796e-15
isotropic,76,18,18,42,1.0000000000000013,41.99999999999999,0.5000000000000001,0.501116291774723,0.4999999999999999,0.5,0.4915365788955812,4.734501079749094e-15
isotropic,76,24,24,36,1.000000000000002,35.99999999999999,0.5000000000000006,0.4627879628994697,0.4999999999999999,0.5,0.49602928186620165,5.0299761171151456e-15
isotropic,76,30,30,30,1.0000000000000016,29.999999999999993,0.5000000000000003,0.49279726784334554,0.4999999999999999,0.5,0.49477078840884037,5.7545942254894e-15
isotropic,76,36,36,24,1.0000000000000013,23.999999999999996,0.5000000000000001,0.48420352106112674,0.49999999999999994,0.5,0.4940609055160611,1.028705878307156e-14
isotropic,76,42,42,18,1.0000000000000013,17.999999999999996,0.5000000000000004,0.4931953648682665,0.4999999999999999,0.5,0.49799615557899674,1.1042949320517017e-14
isotropic,76,48,48,12,1.0000000000000009,11.999999999999996,0.5000000000000003,0.5022110761876087,0.49999999999999983,0.5,0.4931184450546848,1.3673557722116706e-14
isotropic,76,54,54,6,1.0000000000000004,5.999999999999998,0.5000000000000002,0.47986923502395507,0.49999999999999983,0.49999999999999994,0.49340037118791025,1.7958433918960958e-14
isotropic,76,60,60,0,0.0,0.0,0.0,0.0,0.0,0.0,0.0,0.0
isotropic,77,6,6,54,1.0000000000000013,53.999999999999986,0.5,0.5000563577214163,0.4999999999999999,0.5,0.49767098490017503,3.77691887805914e-15
isotropic,77,12,12,48,1.000000000000001,47.999999999999986,0.5000000000000002,0.5130783239551737,0.49999999999999983,0.5,0.5000878535005959,4.044027296666614e-15
isotropic,77,18,18,42,1.0000000000000013,41.999999999999986,0.49999999999999956,0.4905621442705304,0.49999999999999983,0.49999999999999994,0.5005411354318817,4.733779668491397e-15
isotropic,77,24,24,36,1.0000000000000013,35.99999999999999,0.5000000000000004,0.48422214094580207,0.4999999999999999,0.5,0.5017894911597848,5.3179060074979695e-15
isotropic,77,30,30,30,1.0000000000000009,29.99999999999999,0.49999999999999983,0.5027860369254747,0.49999999999999983,0.49999999999999994,0.5020943622223966,7.049473373878162e-15
isotropic,77,36,36,24,1.0000000000000007,23.999999999999993,0.5000000000000004,0.49778796808110193,0.49999999999999983,0.4999999999999999,0.4991842343681351,1.1073572904832e-14
isotropic,77,42,42,18,1.000000000000001,17.999999999999996,0.5000000000000007,0.49747768570969164,0.4999999999999999,0.5,0.4963041456332689,9.989670489509137e-15
isotropic,77,48,48,12,1.0000000000000009,11.999999999999996,0.5000000000000006,0.4903051281069388,0.49999999999999983,0.49999999999999994,0.5009093915299067,1.2339795115524347e-14
isotropic,77,54,54,6,1.0000000000000009,6.000000000000001,0.5,0.5038422314574514,0.5000000000000001,0.5,0.5020455962967045,1.736283602784434e-14
isotropic,77,60,60,0,0.0,0.0,0.0,0.0,0.0,0.0,0.0,0.0
isotropic,78,6,6,54,1.0000000000000016,53.99999999999998,0.5000000000000003,0.4848118377970775,0.4999999999999998,0.5,0.5009752238813265,3.2403866242098694e-15
isotropic,78,12,12,48,1.0000000000000013,47.999999999999986,0.5000000000000002,0.5061176718144613,0.49999999999999983,0.5,0.4982260366274462,4.0351465008892205e-15
isotropic,78,18,18,42,1.0000000000000016,41.99999999999999,0.5000000000000009,0.4936227029662349,0.4999999999999999,0.5,0.497895613971451,5.402107069573593e-15
isotropic,78,24,24,36,1.0000000000000018,35.99999999999999,0.5000000000000008,0.5114147493068052,0.4999999999999999,0.5,0.5023322262317583,5.233622746756151e-15
isotropic,78,30,30,30,1.0000000000000016,29.99999999999999,0.5000000000000004,0.5178511128334713,0.49999999999999983,0.5,0.5000285924024707,6.231902934006464e-15
isotropic,78,36,36,24,1.0000000000000013,23.999999999999996,0.5000000000000003,0.5008594619200246,0.49999999999999994,0.5,0.5010671843756752,1.127003987649045e-14
isotropic,78,42,42,18,1.0000000000000018,18.0,0.4999999999999997,0.5028340545008824,0.5,0.5,0.49875298725305217,1.0602218875074902e-14
isotropic,78,48,48,12,1.000000000000001,11.999999999999998,0.5000000000000008,0.5239831410502993,0.49999999999999994,0.49999999999999994,0.5023049363142313,1.2197291767445972e-14
isotropic,78,54,54,6,1.0000000000000016,6.000000000000002,0.5000000000000007,0.47900587039236875,0.5000000000000001,0.5,0.497838295905327,1.8407762234905665e-14
isotropic,78,60,60,0,0.0,0.0,0.0,0.0,0.0,0.0,0.0,0.0
isotropic,79,6,6,54,1.0000000000000016,53.99999999999998,0.4999999999999999,0.502094910864997,0.4999999999999998,0.5,0.5003128371428445,3.2305944861323955e-15
isotropic,79,12,12,48,1.0000000000000022,48.0,0.5000000000000007,0.49619434085198266,0.5,0.5,0.5050966735934548,3.5297692020121837e-15
isotropic,79,18,18,42,1.0000000000000013,41.99999999999999,0.5000000000000006,0.5113237271452178,0.4999999999999999,0.5,0.5017901565605594,5.616720496680458e-15
isotropic,79,24,24,36,1.0000000000000018,36.0,0.5000000000000006,0.5075253144949294,0.5,0.5,0.5019295357583383,4.5176585113424965e-15
isotropic,79,30,30,30,1.0000000000000016,29.999999999999996,0.5000000000000003,0.4868252455031069,0.49999999999999994,0.5,0.5027722291071532,6.851039628395101e-15
isotropic,79,36,36,24,1.0000000000000009,23.999999999999993,0.5000000000000008,0.4939261791436944,0.49999999999999983,0.5,0.5044141855136983,9.547684858976019e-15
isotropic,79,42,42,18,1.0000000000000007,17.999999999999993,0.5000000000000006,0.5038128838020846,0.4999999999999998,0.5,0.4978916471365459,1.0009124325732387e-14
isotropic,79,48,48,12,1.000000000000001,12.000000000000002,0.5000000000000002,0.49655437297238736,0.5000000000000001,0.5000000000000001,0.4983176844333033,1.3291794864501803e-14
isotropic,79,54,54,6,1.0000000000000007,6.0,0.4999999999999999,0.4874128683501646,0.5,0.5,0.49349396987967753,1.5972163298576825e-14
isotropic,79,60,60,0,0.0,0.0,0.0,0.0,0.0,0.0,0.0,0.0
isotropic,80,6,6,54,1.0000000000000013,53.99999999999998,0.5000000000000007,0.49903987567159136,0.4999999999999998,0.5,0.4976494242531956,2.943794234842503e-15
isotropic,80,12,12,48,1.000000000000001,47.99999999999999,0.4999999999999999,0.5107189374041086,0.49999999999999994,0.49999999999999994,0.4999807795526664,3.655852518436054e-15
isotropic,80,18,18,42,1.0000000000000013,41.99999999999999,0.4999999999999997,0.4894537525334116,0.4999999999999999,0.5,0.4986960219771368,3.947922206032766e-15
isotropic,80,24,24,36,1.0000000000000018,35.99999999999999,0.5000000000000007,0.5189049165845864,0.4999999999999999,0.5,0.4967761415771621,4.9609496496480406e-15
isotropic,80,30,30,30,1.000000000000002,30.0,0.5000000000000007,0.5073625387197982,0.5,0.5,0.5013322532435233,5.770623449704563e-15
isotropic,80,36,36,24,1.0000000000000016,23.999999999999996,0.5000000000000003,0.5080344876913413,0.49999999999999994,0.5,0.49964929812574926,1.0247852239434084e-14
isotropic,80,42,42,18,1.0000000000000016,18.0,0.49999999999999994,0.49718400525847534,0.5,0.5,0.49960427119767487,9.198623826260193e-15
isotropic,80,48,48,12,1.0000000000000013,12.000000000000002,0.5,0.4862471579908868,0.5000000000000001,0.5,0.4987694452336009,1.3679951322793736e-14
isotropic,80,54,54,6,1.0000000000000007,6.000000000000001,0.5000000000000001,0.4918745039550948,0.5000000000000001,0.5,0.4956876201562449,1.6044614186778416e-14
isotropic,80,60,60,0,0.0,0.0,0.0,0.0,0.0,0.0,0.0,0.0
isotropic,81,6,6,54,1.0000000000000018,53.999999999999986,0.5000000000000002,0.4851466931642351,0.4999999999999999,0.5,0.49796291964926,3.849185948456314e-15
isotropic,81,12,12,48,1.0000000000000018,48.0,0.5000000000000004,0.4999672707734051,0.5,0.49999999999999994,0.4965690528609561,4.699839510036685e-15
isotropic,81,18,18,42,1.0000000000000013,41.99999999999999,0.5000000000000002,0.4919821818860473,0.4999999999999999,0.5,0.4969286623897785,5.454626676868566e-15
isotropic,81,24,24,36,1.0000000000000013,35.99999999999999,0.49999999999999983,0.49733731894590527,0.4999999999999999,0.49999999999999994,0.4980225040468366,6.5222627639875474e-15
isotropic,81,30,30,30,1.0000000000000016,29.999999999999993,0.5000000000000003,0.5135401838134184,0.4999999999999999,0.5,0.49564011197315183,7.6398878223704e-15
isotropic,81,36,36,24,1.0000000000000016,24.0,0.5000000000000008,0.501085630029092,0.5,0.5,0.5001565158357091,1.0765270675771368e-14
isotropic,81,42,42,18,1.000000000000001,17.999999999999996,0.49999999999999983,0.48836704312474044,0.4999999999999999,0.5,0.49846684193137003,1.0195441503795455e-14
isotropic,81,48,48,12,1.0000000000000009,12.0,0.5000000000000001,0.506856930116033,0.5,0.5,0.49786179292425714,1.1574508195761883e-14
isotropic,81,54,54,6,1.0000000000000002,5.999999999999999,0.5000000000000003,0.49909096045989826,0.49999999999999994,0.5,0.4985803823943693,1.51868732659566e-14
isotropic,81,60,60,0,0.0,0.0,0.0,0.0,0.0,0.0,0.0,0.0
isotropic,82,6,6,54,1.0000000000000016,53.999999999999986,0.5000000000000002,0.47965509219365976,0.4999999999999999,0.5,0.49721965202631757,3.519572433166139e-15
isotropic,82,12,12,48,1.0000000000000029,48.0,0.5000000000000013,0.48626574661623523,0.5,0.5,0.49881791125061886,3.798556654432654e-15
isotropic,82,18,18,42,1.000000000000002,41.99999999999999,0.5000000000000003,0.514685159044894,0.4999999999999999,0.5,0.5011668852852619,4.357939615470597e-15
isotropic,82,24,24,36,1.0000000000000013,35.99999999999999,0.5,0.4816425947480167,0.4999999999999999,0.49999999999999994,0.5013601265417715,4.988383953317033e-15
isotropic,82,30,30,30,1.0000000000000018,29.999999999999993,0.5000000000000001,0.49216669122633333,0.4999999999999999,0.5,0.4980834342518228,6.995585686521359e-15
isotropic,82,36,36,24,1.0000000000000016,24.0,0.5000000000000008,0.5069952489067107,0.5,0.5,0.5025212578326701,1.0019386833035453e-14
isotropic,82,42,42,18,1.0000000000000009,17.999999999999996,0.5000000000000003,0.4829250188122862,0.4999999999999999,0.4999999999999999,0.5006023701128968,1.1955151104023736e-14
isotropic,82,48,48,12,1.0000000000000004,11.999999999999993,0.5000000000000002,0.5140489605240932,0.4999999999999997,0.4999999999999999,0.5005297968643518,1.2002305590705733e-14
isotropic,82,54,54,6,1.0000000000000004,6.0,0.5000000000000003,0.4879429089105521,0.5,0.5,0.4939976879880089,1.6262728883099364e-14
isotropic,82,60,60,0,0.0,0.0,0.0,0.0,0.0,0.0,0.0,0.0
isotropic,83,6,6,54,1.0000000000000016,53.99999999999998,0.5000000000000004,0.4835759728168272,0.4999999999999998,0.5,0.4989021830674336,3.768344528521577e-15
isotropic,83,12,12,48,1.0000000000000013,47.99999999999999,0.5000000000000002,0.49188228303812215,0.49999999999999994,0.5,0.5011199351510789,3.795413753594848e-15
isotropic,83,18,18,42,1.0000000000000022,41.99999999999999,0.5,0.49726312256612043,0.4999999999999999,0.5,0.4995842814227367,4.352058718548475e-15
isotropic,83,24,24,36,1.000000000000001,35.99999999999999,0.5,0.5018350734853031,0.4999999999999999,0.49999999999999994,0.500879321355303,4.594564236249919e-15
isotropic,83,30,30,30,1.0000000000000013,29.99999999999999,0.5000000000000003,0.49424160516041554,0.49999999999999983,0.5,0.5034082716998063,6.0018709873644225e-15
isotropic,83,36,36,24,1.0000000000000013,24.0,0.5000000000000007,0.5081650669062053,0.5,0.5,0.5043432667469847,9.456218187345365e-15
isotropic,83,42,42,18,1.000000000000001,17.999999999999996,0.5000000000000003,0.5016148244951386,0.4999999999999999,0.49999999999999994,0.49787914188190663,1.075734030581239e-14
isotropic,83,48,48,12,1.0000000000000013,12.000000000000004,0.5000000000000003,0.5023789549530895,0.5000000000000001,0.5,0.4992733410070802,1.492882581611949e-14
isotropic,83,54,54,6,1.0000000000000007,5.999999999999999,0.5000000000000001,0.5215617228844437,0.49999999999999994,0.49999999999999994,0.5035190866872289,1.7233055800330537e-14
isotropic,83,60,60,0,0.0,0.0,0.0,0.0,0.0,0.0,0.0,0.0
isotropic,84,6,6,54,1.0000000000000022,53.99999999999998,0.5000000000000002,0.4915676801374812,0.4999999999999998,0.5,0.5010096132104087,2.969175066206198e-15
isotropic,84,12,12,48,1.000000000000002,48.0,0.4999999999999998,0.4937508534246856,0.5,0.5,0.49920328410517545,3.810536359007236e-15
isotropic,84,18,18,42,1.000000000000001,41.99999999999998,0.5000000000000004,0.5102158642420809,0.4999999999999997,0.5,0.5030531605407729,4.4819285849536135e-15
isotropic,84,24,24,36,1.0000000000000013,35.99999999999999,0.5000000000000003,0.5025621902205287,0.4999999999999999,0.5,0.4972740543494088,5.749668123685246e-15
isotropic,84,30,30,30,1.0000000000000024,29.999999999999996,0.5000000000000004,0.5124514271603572,0.49999999999999994,0.5,0.5032278457025712,6.258615051310795e-15
isotropic,84,36,36,24,1.0000000000000018,24.0,0.5,0.49390900239453617,0.5,0.5,0.5030733919904247,8.84513602514232e-15
isotropic,84,42,42,18,1.0000000000000013,18.0,0.5000000000000002,0.5251257784378487,0.5,0.5,0.5037017117405531,1.1736108491889275e-14
isotropic,84,48,48,12,1.0000000000000007,11.999999999999996,0.49999999999999967,0.48355154130048833,0.49999999999999983,0.5,0.5008880332952146,1.0861285628257488e-14
isotropic,84,54,54,6,1.0000000000000004,5.999999999999998,0.49999999999999994,0.4964991322720092,0.49999999999999983,0.5,0.5011177606993409,1.7710349635533685e-14
isotropic,84,60,60,0,0.0,0.0,0.0,0.0,0.0,0.0,0.0,0.0
isotropic,85,6,6,54,1.000000000000002,53.99999999999999,0.5000000000000008,0.5163272005490697,0.49999999999999994,0.5,0.49743321082202235,3.607806243614872e-15
isotropic,85,12,12,48,1.000000000000001,47.99999999999999,0.49999999999999956,0.4811953239722676,0.49999999999999994,0.5,0.5007407470014944,4.390015702001179e-15
isotropic,85,18,18,42,1.0000000000000018,41.99999999999999,0.5000000000000006,0.478034257299075,0.4999999999999999,0.49999999999999994,0.49785469281720596,4.825203327814702e-15
isotropic,85,24,24,36,1.0000000000000016,35.999999999999986,0.5000000000000002,0.5021154366176639,0.4999999999999998,0.49999999999999994,0.5011251202046769,5.4657486211216975e-15
isotropic,85,30,30,30,1.0000000000000016,29.999999999999993,0.5000000000000007,0.4851554426754045,0.4999999999999999,0.5,0.5019080186297105,7.104957351025491e-15
isotropic,85,36,36,24,1.0000000000000013,24.0,0.5000000000000004,0.48954492809517025,0.5,0.5,0.5013629199968276,1.0458770856466612e-14
isotropic,85,42,42,18,1.0000000000000016,18.0,0.5000000000000001,0.49520987737073685,0.5,0.5,0.49703495923293173,1.0390709078723704e-14
isotropic,85,48,48,12,1.0000000000000007,11.999999999999996,0.5000000000000001,0.5035173842698866,0.49999999999999983,0.5,0.503120885989072,1.3358590226673986e-14
isotropic,85,54,54,6,1.0000000000000007,6.0,0.5000000000000003,0.487582117721673,0.5,0.5,0.49966362265416636,1.534223363739796e-14
isotropic,85,60,60,0,0.0,0.0,0.0,0.0,0.0,0.0,0.0,0.0
isotropic,86,6,6,54,1.0000000000000013,53.999999999999986,0.5000000000000003,0.4873040257270549,0.4999999999999999,0.5,0.499643180336374,3.4679407877586067e-15
isotropic,86,12,12,48,1.0000000000000016,48.0,0.4999999999999997,0.5122492640445891,0.5,0.5,0.500954741122986,4.2488242666413035e-15
isotropic,86,18,18,42,1.0000000000000016,41.99999999999999,0.5000000000000004,0.49418702697830874,0.4999999999999999,0.5,0.5008390434725662,4.915005341936797e-15
isotropic,86,24,24,36,1.0000000000000016,35.99999999999999,0.5000000000000002,0.48560603611955455,0.4999999999999999,0.49999999999999994,0.49985119330733296,5.0684111161251796e-15
isotropic,86,30,30,30,1.000000000000002,29.999999999999996,0.5000000000000002,0.48309945354421907,0.49999999999999994,0.5,0.4982990132013184,5.81992564036262e-15
isotropic,86,36,36,24,1.0000000000000009,23.999999999999996,0.5000000000000004,0.5030808770053505,0.49999999999999994,0.5,0.4990354383524838,9.545529715317624e-15
isotropic,86,42,42,18,1.000000000000001,18.0,0.5000000000000001,0.48734650410633445,0.5,0.5,0.49724919946123947,1.1258827804063071e-14
isotropic,86,48,48,12,1.0000000000000013,12.000000000000002,0.5000000000000004,0.5080685974599259,0.5000000000000001,0.5,0.4990752621670594,1.4387024120983374e-14
isotropic,86,54,54,6,1.0000000000000002,5.999999999999999,0.5000000000000001,0.5006478034593602,0.49999999999999994,0.4999999999999999,0.5019933254145784,1.7467927609581733e-14
isotropic,86,60,60,0,0.0,0.0,0.0,0.0,0.0,0.0,0.0,0.0
isotropic,87,6,6,54,1.0000000000000018,53.999999999999986,0.5000000000000003,0.5009080714078827,0.4999999999999999,0.49999999999999994,0.5034280655576809,4.523842009430392e-15
isotropic,87,12,12,48,1.0000000000000016,48.0,0.5000000000000002,0.5058395676607569,0.5,0.5,0.5006313387140318,4.946626401838727e-15
isotropic,87,18,18,42,1.0000000000000013,41.999999999999986,0.4999999999999997,0.48649914411987033,0.49999999999999983,0.5,0.5010120439959256,4.619368386990066e-15
isotropic,87,24,24,36,1.0000000000000013,35.99999999999999,0.5000000000000004,0.5030956961005759,0.4999999999999999,0.5,0.5036954694552421,6.99926777429623e-15
isotropic,87,30,30,30,1.0000000000000016,29.999999999999993,0.5000000000000007,0.5001418316534632,0.4999999999999999,0.5,0.5044892926090013,5.6985311216909065e-15
isotropic,87,36,36,24,1.0000000000000016,24.000000000000004,0.5000000000000003,0.49129758925321576,0.5000000000000001,0.49999999999999994,0.5027710024883132,9.89118811278958e-15
isotropic,87,42,42,18,1.000000000000001,17.999999999999996,0.5000000000000001,0.4956697655682622,0.4999999999999999,0.5,0.49823337687820274,9.706497007319782e-15
isotropic,87,48,48,12,1.0000000000000013,12.000000000000004,0.5,0.4913911388921874,0.5000000000000001,0.5000000000000002,0.4991091830194534,1.1867626570065624e-14
isotropic,87,54,54,6,1.0000000000000007,5.999999999999999,0.5,0.5033163774328154,0.49999999999999994,0.5,0.49859403906009675,1.5001632523027423e-14
isotropic,87,60,60,0,0.0,0.0,0.0,0.0,0.0,0.0,0.0,0.0
isotropic,88,6,6,54,1.0000000000000016,53.999999999999986,0.5000000000000003,0.49262831444049743,0.4999999999999999,0.5,0.5005532900558507,3.3561400388078353e-15
isotropic,88,12,12,48,1.0000000000000013,47.99999999999999,0.5,0.49562109468697624,0.49999999999999994,0.5,0.4953822687088203,3.732253639385723e-15
isotropic,88,18,18,42,1.0000000000000013,41.99999999999999,0.5000000000000008,0.4938076424867265,0.4999999999999999,0.5,0.494003094700551,4.705463250942577e-15
isotropic,88,24,24,36,1.0000000000000018,35.999999999999986,0.5000000000000006,0.49416070430133796,0.4999999999999998,0.4999999999999999,0.4923924061088937,5.211083367218827e-15
isotropic,88,30,30,30,1.0000000000000022,29.999999999999996,0.5000000000000011,0.5020517098420494,0.49999999999999994,0.5,0.4926694649001674,5.418195812592787e-15
isotropic,88,36,36,24,1.0000000000000013,24.0,0.5000000000000003,0.48480525053396345,0.5,0.5,0.49493830354299173,1.0199444274492631e-14
isotropic,88,42,42,18,1.000000000000001,17.999999999999996,0.5000000000000002,0.49893790112094105,0.4999999999999999,0.5,0.49536299992370786,1.1628059611953242e-14
isotropic,88,48,48,12,1.000000000000001,11.999999999999998,0.5000000000000003,0.4976991949613064,0.49999999999999994,0.5,0.4889653809188128,1.2786248412704518e-14
isotropic,88,54,54,6,1.0000000000000007,5.999999999999999,0.5000000000000002,0.49275635805937384,0.49999999999999994,0.49999999999999994,0.49533448173707695,1.9111492191574877e-14
isotropic,88,60,60,0,0.0,0.0,0.0,0.0,0.0,0.0,0.0,0.0
isotropic,89,6,6,54,1.000000000000001,53.99999999999998,0.5000000000000002,0.4948354166708348,0.4999999999999998,0.5,0.5000286516233976,3.150644435310251e-15
isotropic,89,12,12,48,1.000000000000002,47.99999999999999,0.5000000000000001,0.4944003967405959,0.49999999999999994,0.5,0.5047397576198651,3.754152642843462e-15
isotropic,89,18,18,42,1.0000000000000013,41.99999999999999,0.5000000000000003,0.5103298148777111,0.4999999999999999,0.5,0.500669400561867,3.9011074532414126e-15
isotropic,89,24,24,36,1.0000000000000018,35.99999999999999,0.5000000000000007,0.48690214386892977,0.4999999999999999,0.5,0.4996224891815545,4.878585857405345e-15
isotropic,89,30,30,30,1.0000000000000013,29.99999999999999,0.5000000000000004,0.4792943834915442,0.49999999999999983,0.5,0.49761345882992875,6.415709879424447e-15
isotropic,89,36,36,24,1.0000000000000013,24.0,0.5000000000000007,0.5046477876568666,0.5,0.5,0.49940260947221826,1.0072369686543088e-14
isotropic,89,42,42,18,1.0000000000000016,18.0,0.5000000000000003,0.5216963544770075,0.5,0.5,0.5024220517431788,1.088221144112144e-14
isotropic,89,48,48,12,1.0000000000000007,11.999999999999996,0.5000000000000003,0.5010528114791624,0.49999999999999983,0.5,0.49995637909848556,1.1770611351370179e-14
isotropic,89,54,54,6,1.000000000000001,5.999999999999998,0.5000000000000007,0.5042857348796455,0.49999999999999983,0.49999999999999994,0.5026565865078225,1.8343863247095317e-14
isotropic,89,60,60,0,0.0,0.0,0.0,0.0,0.0,0.0,0.0,0.0
isotropic,90,6,6,54,1.0000000000000016,53.999999999999986,0.5000000000000002,0.5120860156381883,0.4999999999999999,0.5,0.5043556168534875,3.531150392649601e-15
isotropic,90,12,12,48,1.0000000000000016,48.0,0.5000000000000004,0.48481346754159044,0.5,0.5,0.5009126780271693,4.224514863224117e-15
isotropic,90,18,18,42,1.000000000000002,41.99999999999999,0.5000000000000004,0.507877706349387,0.4999999999999999,0.5,0.5005229960044262,5.187287812766904e-15
isotropic,90,24,24,36,1.000000000000002,35.99999999999999,0.5000000000000007,0.49815966428550773,0.4999999999999999,0.5,0.4991922022657401,5.488571857701826e-15
isotropic,90,30,30,30,1.000000000000001,29.999999999999986,0.5000000000000001,0.4893147026700413,0.4999999999999998,0.5,0.5013059247154513,7.315802370132725e-15
isotropic,90,36,36,24,1.0000000000000013,24.0,0.5000000000000003,0.4965693917588213,0.5,0.5,0.5024777926656963,9.184445200995033e-15
isotropic,90,42,42,18,1.0000000000000016,17.999999999999993,0.5000000000000002,0.5002968889608017,0.4999999999999998,0.5,0.5060325197204594,1.1376390907445745e-14
isotropic,90,48,48,12,1.0000000000000016,12.000000000000002,0.5000000000000001,0.5097259472977084,0.5000000000000001,0.49999999999999994,0.5064561131374387,1.1905551087001694e-14
isotropic,90,54,54,6,1.0000000000000007,5.999999999999999,0.4999999999999997,0.5110857291463089,0.49999999999999994,0.5,0.5055174990878754,1.4926057865030672e-14
isotropic,90,60,60,0,0.0,0.0,0.0,0.0,0.0,0.0,0.0,0.0
isotropic,91,6,6,54,1.0000000000000013,53.999999999999986,0.5000000000000002,0.49356172296458206,0.4999999999999999,0.5,0.5004769320903899,2.9928183253132597e-15
isotropic,91,12,12,48,1.000000000000001,47.99999999999999,0.5000000000000006,0.5103656450341194,0.49999999999999994,0.5,0.4988388656686838,3.640723093903295e-15
isotropic,91,18,18,42,1.0000000000000018,41.99999999999999,0.5000000000000003,0.5089372041166051,0.4999999999999999,0.5,0.4966032764957605,4.717846784634791e-15
isotropic,91,24,24,36,1.0000000000000013,35.99999999999999,0.5000000000000004,0.4908658605263876,0.4999999999999999,0.5,0.49765460765007524,5.329483032417424e-15
isotropic,91,30,30,30,1.0000000000000013,29.99999999999999,0.5000000000000003,0.5095068418085352,0.49999999999999983,0.4999999999999999,0.4970273935715813,6.491689713277296e-15
isotropic,91,36,36,24,1.0000000000000009,23.999999999999996,0.5000000000000003,0.49132068237921256,0.49999999999999994,0.5,0.4966053350574595,1.0450044208071972e-14
isotropic,91,42,42,18,1.000000000000001,18.0,0.5000000000000001,0.4980104589602287,0.5,0.5,0.49971218818499014,1.071959575364305e-14
isotropic,91,48,48,12,1.0000000000000016,12.000000000000004,0.49999999999999994,0.4949301066306814,0.5000000000000001,0.5,0.4946145661528893,1.27792656081644e-14
isotropic,91,54,54,6,1.0000000000000018,6.000000000000001,0.5000000000000006,0.4853133721302475,0.5000000000000001,0.49999999999999994,0.499715512388344,1.5075112934743577e-14
isotropic,91,60,60,0,0.0,0.0,0.0,0.0,0.0,0.0,0.0,0.0
isotropic,92,6,6,54,1.0000000000000016,53.999999999999986,0.5000000000000008,0.5001478547226417,0.4999999999999999,0.5,0.5020494730844447,2.9636632076895175e-15
isotropic,92,12,12,48,1.0000000000000016,47.99999999999999,0.5000000000000004,0.5017519903477023,0.49999999999999994,0.5,0.4959456507287699,3.249319899183862e-15
isotropic,92,18,18,42,1.0000000000000013,41.999999999999986,0.5000000000000009,0.4923115809846622,0.49999999999999983,0.5,0.5022431747866327,5.018372686493896e-15
isotropic,92,24,24,36,1.0000000000000018,35.99999999999999,0.5000000000000002,0.4870710857627011,0.4999999999999999,0.5,0.4996315140157364,4.801359001682525e-15
isotropic,92,30,30,30,1.0000000000000018,29.999999999999993,0.5000000000000001,0.5052692168414965,0.4999999999999999,0.5,0.4993811070750131,5.6466576700857766e-15
isotropic,92,36,36,24,1.0000000000000009,23.999999999999993,0.49999999999999983,0.49296228187505375,0.49999999999999983,0.5,0.4986987751586318,1.0455695701901043e-14
isotropic,92,42,42,18,1.000000000000001,17.999999999999996,0.5000000000000001,0.5092775960659025,0.4999999999999999,0.5,0.49798564536902135,1.0403481219416987e-14
isotropic,92,48,48,12,1.0000000000000004,11.999999999999996,0.5000000000000002,0.4856410070685011,0.49999999999999983,0.5,0.49840197284198434,1.2211177191146087e-14
isotropic,92,54,54,6,1.000000000000001,6.0,0.5000000000000006,0.483773677346757,0.5,0.4999999999999999,0.4935237423949375,1.8678717398608547e-14
isotropic,92,60,60,0,0.0,0.0,0.0,0.0,0.0,0.0,0.0,0.0
isotropic,93,6,6,54,1.0000000000000027,53.999999999999986,0.5,0.4899335502870085,0.4999999999999999,0.5,0.4964015356914997,4.502851921974424e-15
isotropic,93,12,12,48,1.0000000000000016,47.999999999999986,0.5000000000000008,0.5011994393652281,0.49999999999999983,0.4999999999999999,0.49640264507470183,3.6985194519284794e-15
isotropic,93,18,18,42,1.000000000000002,41.999999999999986,0.5000000000000004,0.4947065960722634,0.49999999999999983,0.5,0.5012580289524684,5.6920496272221825e-15
isotropic,93,24,24,36,1.000000000000002,35.99999999999999,0.49999999999999967,0.4923888793398825,0.4999999999999999,0.5,0.496565362563694,5.370239498185818e-15
isotropic,93,30,30,30,1.0000000000000013,29.999999999999993,0.5000000000000004,0.5034470695727105,0.4999999999999999,0.5,0.4993788423290875,5.528266842974712e-15
isotropic,93,36,36,24,1.0000000000000016,24.0,0.4999999999999998,0.4922490910521285,0.5,0.5,0.5009102378960244,9.690342429007827e-15
isotropic,93,42,42,18,1.0000000000000013,18.0,0.5000000000000003,0.5002955810907492,0.5,0.5,0.5004107981242361,1.204369750791461e-14
isotropic,93,48,48,12,1.0000000000000009,12.0,0.4999999999999999,0.4906214831828906,0.5,0.5,0.49795244565890734,1.2830319539405729e-14
isotropic,93,54,54,6,1.0000000000000009,6.0,0.5000000000000004,0.4902354758614855,0.5,0.5,0.49742190647738416,1.4426093191128863e-14
isotropic,93,60,60,0,0.0,0.0,0.0,0.0,0.0,0.0,0.0,0.0
isotropic,94,6,6,54,1.0000000000000027,53.999999999999986,0.5000000000000009,0.481523954649281,0.4999999999999999,0.5,0.4994037045401184,3.22676481189872e-15
isotropic,94,12,12,48,1.0000000000000016,47.99999999999999,0.5000000000000001,0.5147736712326052,0.49999999999999994,0.5,0.4986713894021181,4.222815706834106e-15
isotropic,94,18,18,42,1.0000000000000016,42.0,0.5000000000000006,0.5125377855084379,0.5,0.5,0.5024319433287258,4.368186232955813e-15
isotropic,94,24,24,36,1.0000000000000018,35.99999999999999,0.5000000000000008,0.4895994573316744,0.4999999999999999,0.5,0.5013794087752534,5.173310644259008e-15
isotropic,94,30,30,30,1.0000000000000016,29.999999999999993,0.5000000000000004,0.5054125126666621,0.4999999999999999,0.5,0.49931310972069604,5.311950220762101e-15
isotropic,94,36,36,24,1.0000000000000009,23.999999999999993,0.5000000000000002,0.48797986966170986,0.49999999999999983,0.5,0.49570199945913096,9.48671244954838e-15
isotropic,94,42,42,18,1.000000000000002,18.0,0.5000000000000007,0.49189242672332323,0.5,0.4999999999999999,0.4957384284877431,1.1146444688294837e-14
isotropic,94,48,48,12,1.000000000000001,12.000000000000002,0.5000000000000007,0.4990625657959786,0.5000000000000001,0.5,0.49769337500127353,1.4112571634997522e-14
isotropic,94,54,54,6,1.0000000000000004,6.0,0.5000000000000002,0.5050955812917008,0.5,0.49999999999999994,0.5027371373355783,1.8245462708816134e-14
isotropic,94,60,60,0,0.0,0.0,0.0,0.0,0.0,0.0,0.0,0.0
isotropic,95,6,6,54,1.0000000000000018,53.99999999999998,0.5000000000000004,0.513219220669562,0.4999999999999998,0.5,0.5018326149828538,3.021496375974933e-15
isotropic,95,12,12,48,1.000000000000002,47.999999999999986,0.49999999999999967,0.4986739841284812,0.49999999999999983,0.49999999999999994,0.5014960833917557,3.5906242151794075e-15
isotropic,95,18,18,42,1.0000000000000016,41.99999999999999,0.5,0.48449314618666206,0.4999999999999999,0.5,0.5050828969735939,4.3344393781150125e-15
isotropic,95,24,24,36,1.0000000000000013,35.999999999999986,0.5000000000000004,0.5076763772400859,0.4999999999999998,0.5,0.5026238480562923,4.0138372129718176e-15
isotropic,95,30,30,30,1.000000000000001,29.999999999999986,0.5000000000000002,0.4920588527970359,0.4999999999999998,0.49999999999999994,0.5042031265614029,5.80109007303998e-15
isotropic,95,36,36,24,1.000000000000001,24.0,0.5000000000000002,0.4992780028864464,0.5,0.5,0.5040355916827182,9.533852667980337e-15
isotropic,95,42,42,18,1.0000000000000018,17.999999999999993,0.5000000000000006,0.48792259930264126,0.4999999999999998,0.5,0.5048746172132327,9.862306625381817e-15
isotropic,95,48,48,12,1.000000000000001,11.999999999999998,0.5000000000000006,0.4980396059662512,0.49999999999999994,0.5,0.5023960997687402,1.2649858405475313e-14
isotropic,95,54,54,6,1.0000000000000004,5.999999999999998,0.5,0.507335089448289,0.49999999999999983,0.49999999999999994,0.5051333346759701,1.5069487618735396e-14
isotropic,95,60,60,0,0.0,0.0,0.0,0.0,0.0,0.0,0.0,0.0
isotropic,96,6,6,54,1.0000000000000018,53.999999999999986,0.5000000000000003,0.515306670525191,0.4999999999999999,0.5,0.5013486102810443,2.9612874254716415e-15
isotropic,96,12,12,48,1.0000000000000016,47.99999999999999,0.5000000000000004,0.5015899172435845,0.49999999999999994,0.5,0.50408060598019,3.896389921668895e-15
isotropic,96,18,18,42,1.0000000000000018,41.99999999999999,0.5000000000000003,0.48819878342588263,0.4999999999999999,0.5,0.5055310195401537,4.480335196353897e-15
isotropic,96,24,24,36,1.0000000000000022,35.99999999999999,0.5000000000000001,0.5147213505912953,0.4999999999999999,0.49999999999999994,0.4983332771279831,4.9784977514000715e-15
isotropic,96,30,30,30,1.0000000000000016,29.999999999999993,0.49999999999999994,0.47627170310124933,0.4999999999999999,0.4999999999999999,0.4995872995496471,5.209115089646327e-15
isotropic,96,36,36,24,1.0000000000000016,24.0,0.5,0.48885793472222466,0.5,0.5,0.5025175481293279,9.083650379422484e-15
isotropic,96,42,42,18,1.0000000000000013,18.0,0.5000000000000007,0.5036387943791805,0.5,0.4999999999999999,0.5019825543523246,1.0144808525597814e-14
isotropic,96,48,48,12,1.000000000000001,12.000000000000002,0.49999999999999983,0.4965789413644115,0.5000000000000001,0.5,0.5003864607945006,1.1140154517731284e-14
isotropic,96,54,54,6,1.0000000000000007,6.000000000000003,0.5000000000000001,0.49046404794048937,0.5000000000000002,0.5,0.49880433608162533,1.5305258728677232e-14
isotropic,96,60,60,0,0.0,0.0,0.0,0.0,0.0,0.0,0.0,0.0
isotropic,97,6,6,54,1.0000000000000013,53.999999999999986,0.5000000000000001,0.49547211606334385,0.4999999999999999,0.49999999999999994,0.5025932557486035,2.638762791651468e-15
isotropic,97,12,12,48,1.0000000000000022,48.0,0.49999999999999983,0.5103936361213417,0.5,0.5,0.5032562236658266,3.3280754786588365e-15
isotropic,97,18,18,42,1.0000000000000016,41.999999999999986,0.5000000000000002,0.5043552050245039,0.49999999999999983,0.5,0.49838904429501446,4.209541697142346e-15
isotropic,97,24,24,36,1.0000000000000018,36.0,0.5000000000000004,0.5138490494882727,0.5,0.5,0.5039203973779925,4.650090639278879e-15
isotropic,97,30,30,30,1.0000000000000018,29.999999999999993,0.5000000000000004,0.5042151188966699,0.4999999999999999,0.5,0.5021772949653769,6.210285211561104e-15
isotropic,97,36,36,24,1.0000000000000016,23.999999999999996,0.5000000000000004,0.48863564794449255,0.49999999999999994,0.5,0.49999130367566125,1.0025266665096688e-14
isotropic,97,42,42,18,1.0000000000000016,17.999999999999996,0.5000000000000006,0.5058495473110696,0.4999999999999999,0.5,0.5022059986133831,1.1113174579988611e-14
isotropic,97,48,48,12,1.000000000000001,11.999999999999998,0.5,0.48464443969672166,0.49999999999999994,0.5,0.5019094015347872,1.257268187034658e-14
isotropic,97,54,54,6,1.0000000000000002,5.999999999999998,0.5,0.5112644339396146,0.49999999999999983,0.4999999999999999,0.4998264337042098,1.4207546711202666e-14
isotropic,97,60,60,0,0.0,0.0,0.0,0.0,0.0,0.0,0.0,0.0
isotropic,98,6,6,54,1.000000000000002,53.999999999999986,0.500000000000001,0.49786992217769566,0.4999999999999999,0.5,0.5030332554209744,3.836296662898334e-15
isotropic,98,12,12,48,1.0000000000000018,48.0,0.5000000000000006,0.5068388797828121,0.5,0.5,0.49974130544908413,4.899431860932751e-15
isotropic,98,18,18,42,1.000000000000001,41.99999999999999,0.5000000000000004,0.5061617049743918,0.4999999999999999,0.5,0.5056211105809617,4.655798730437184e-15
isotropic,98,24,24,36,1.0000000000000016,36.0,0.5000000000000002,0.5115216415558952,0.5,0.5,0.4984124110648854,5.121700625427109e-15
isotropic,98,30,30,30,1.0000000000000013,29.99999999999999,0.5000000000000003,0.49569809523241637,0.49999999999999983,0.5,0.49974394870884653,5.587580318203883e-15
isotropic,98,36,36,24,1.0000000000000013,23.999999999999993,0.5000000000000011,0.5087575185323379,0.49999999999999983,0.5,0.5028622688491318,1.0632758232791888e-14
isotropic,98,42,42,18,1.000000000000001,18.0,0.5000000000000002,0.4909891624986392,0.5,0.5,0.5026115682153911,1.02892316609289e-14
isotropic,98,48,48,12,1.0000000000000007,11.999999999999996,0.5000000000000002,0.5000052045383558,0.49999999999999983,0.49999999999999994,0.5023425689813832,1.2209404617164994e-14
isotropic,98,54,54,6,1.0000000000000004,6.0,0.5000000000000002,0.5069126072243971,0.5,0.5,0.5098387400594424,1.6921504558934277e-14
isotropic,98,60,60,0,0.0,0.0,0.0,0.0,0.0,0.0,0.0,0.0
isotropic,99,6,6,54,1.000000000000002,53.999999999999986,0.49999999999999983,0.49544720473036036,0.4999999999999999,0.5,0.497386689431448,3.488774020601977e-15
isotropic,99,12,12,48,1.0000000000000024,47.99999999999999,0.5000000000000007,0.5034610267459636,0.49999999999999994,0.5,0.5011393830141329,4.363584587065056e-15
isotropic,99,18,18,42,1.0000000000000016,41.99999999999999,0.49999999999999994,0.5001615055237223,0.4999999999999999,0.49999999999999994,0.4988869176544695,4.62077219761583e-15
isotropic,99,24,24,36,1.0000000000000013,35.99999999999999,0.5000000000000007,0.5198814896810988,0.4999999999999999,0.5,0.4968927539519082,4.872991319382125e-15
isotropic,99,30,30,30,1.000000000000001,29.999999999999993,0.5000000000000004,0.49396283174200944,0.4999999999999999,0.5,0.5022957317107692,5.802383865926967e-15
isotropic,99,36,36,24,1.0000000000000009,23.999999999999993,0.5000000000000002,0.5050929133974447,0.49999999999999983,0.5,0.5005220756031995,9.507994679635744e-15
isotropic,99,42,42,18,1.0000000000000009,17.999999999999996,0.5000000000000002,0.506264520612526,0.4999999999999999,0.5,0.4972287799473273,1.038781046880145e-14
isotropic,99,48,48,12,1.0000000000000016,12.000000000000002,0.5000000000000007,0.5110265313781834,0.5000000000000001,0.49999999999999994,0.5031902906341181,1.3605630769395023e-14
isotropic,99,54,54,6,1.0,5.999999999999998,0.5,0.5083698509852631,0.49999999999999983,0.49999999999999994,0.5040050084738616,1.74251878818164e-14
isotropic,99,60,60,0,0.0,0.0,0.0,0.0,0.0,0.0,0.0,0.0
power_law,0,6,6,54,0.4636446892722953,3.294071497947867,0.23182234463614737,0.23421270271934033,0.030500662018035807,0.03214602606278211,0.03212113039773132,1.0797999155632583e-15
power_law,0,12,12,48,0.2881810034990024,2.40657097012857,0.1440905017495011,0.14417658386885762,0.025068447605505934,0.024543541290169835,0.02447243560922696,1.0592806002963098e-15
power_law,0,18,18,42,0.2175612922139026,1.9334484510897398,0.10878064610695125,0.10903003141167436,0.023017243465354047,0.023426329888865664,0.023526498791348056,1.1479144288413702e-15
power_law,0,24,24,36,0.12557794903395963,1.5045708700241547,0.06278897451697978,0.061230655905240294,0.02089681763922437,0.021700451222319013,0.02159041397466152,1.513449937497865e-15
power_law,0,30,30,30,0.10591729765745089,1.1767743093439194,0.05295864882872543,0.05133279697916013,0.01961290515573199,0.01935336788370242,0.019403935352204086,1.544167168082687e-15
power_law,0,36,36,24,0.08088174909854898,0.9062941476384251,0.04044087454927446,0.03866978567987155,0.018881128075800523,0.01883429210149456,0.018909390014610554,2.850082400830282e-15
power_law,0,42,42,18,0.05981631416998122,0.6250096038874623,0.029908157084990592,0.027739996958846096,0.017361377885762842,0.016943109367391997,0.017047224667630707,2.2415828168742845e-15
power_law,0,48,48,12,0.04907141641179901,0.4011562865950686,0.024535708205899516,0.023570819669419478,0.016714845274794523,0.01623429056374457,0.016219346382309797,2.3652693465675293e-15
power_law,0,54,54,6,0.04303509641582609,0.19828862816322512,0.021517548207913045,0.021151630603777397,0.016524052346935426,0.016554365120071766,0.016612320905818323,3.515981687991638e-15
power_law,0,60,60,0,0.0,0.0,0.0,0.0,0.0,0.0,0.0,0.0
power_law,1,6,6,54,0.6728404070616033,3.722745503685448,0.33642020353080143,0.33571245715399156,0.034469865774865265,0.03242240725914455,0.032517696902673955,9.253020740118262e-16
power_law,1,12,12,48,0.27049924297706723,2.4811653011057846,0.1352496214885336,0.1350762010404798,0.02584547188651859,0.025007844161277094,0.02483476133747147,9.74826960897131e-16
power_law,1,18,18,42,0.1952975173048057,1.9477600443085992,0.09764875865240268,0.09647491627482213,0.02318761957510237,0.023698616188344186,0.023595813206246426,1.2238116718921006e-15
power_law,1,24,24,36,0.1625557581449346,1.554631356518267,0.08127787907246727,0.07961125309965138,0.02159210217386482,0.020489182132308298,0.02027159929770133,1.4852319873690015e-15
power_law,1,30,30,30,0.13205102612828773,1.270713186333191,0.06602551306414381,0.06571043130791003,0.021178553105553184,0.02114286454655093,0.021018778698813745,1.6614025744220961e-15
power_law,1,36,36,24,0.08829634949681628,0.9372092398215176,0.04414817474840815,0.04456351208492328,0.019525192496281617,0.018707124424674103,0.01856328404984236,2.2778776982228943e-15
power_law,1,42,42,18,0.07092196423544583,0.6667928129253812,0.03546098211772292,0.034727003290332764,0.018522022581260587,0.018524656831723083,0.018354251515199864,2.1777422897886186e-15
power_law,1,48,48,12,0.05042043010498941,0.41757986651491036,0.02521021505249474,0.02520671586660705,0.01739916110478793,0.017618717422263584,0.01774494594360561,3.623140392359383e-15
power_law,1,54,54,6,0.043756137125034976,0.2169934964245232,0.021878068562517488,0.02281714885647544,0.018082791368710268,0.018190361849369736,0.018265624787848225,3.0926598414228503e-15
power_law,1,60,60,0,0.0,0.0,0.0,0.0,0.0,0.0,0.0,0.0
power_law,2,6,6,54,0.6544716337132774,3.524254126463552,0.32723581685663866,0.32617764718744946,0.0326319826524403,0.033219533989822796,0.03319285534897469,7.969470882638765e-16
power_law,2,12,12,48,0.3974697449256659,2.616873499628806,0.198734872462833,0.19465346707170111,0.027259098954466727,0.026871162710367658,0.026971121901490636,9.379838377644662e-16
power_law,2,18,18,42,0.2224132847189708,2.0123321252629327,0.11120664235948546,0.10772471901123469,0.023956334824558723,0.02373678759916629,0.023808359599985097,1.0421440416380632e-15
power_law,2,24,24,36,0.12079247510238164,1.537108717876627,0.06039623755119086,0.06086055869135021,0.02134873219273093,0.02158108339519022,0.02168396291167136,1.2544974313022698e-15
power_law,2,30,30,30,0.10928629334270627,1.2271381544721298,0.05464314667135315,0.05624394826382051,0.020452302574535498,0.019950118719393853,0.01996934327925561,1.8992301488874615e-15
power_law,2,36,36,24,0.08302917750882421,0.9044270429847886,0.041514588754412184,0.0405396317689021,0.018842230062183097,0.018484443275021863,0.018442153666522493,1.948983410755437e-15
power_law,2,42,42,18,0.07502545770615941,0.6555567890211128,0.03751272885307967,0.03706503823347226,0.018209910806142024,0.018070211146292037,0.018036645549156707,2.4413711938333984e-15
power_law,2,48,48,12,0.06759679418040655,0.4373164374267227,0.033798397090203276,0.03352172081882365,0.018221518226113446,0.01813348543494697,0.018103774398946285,2.656738274777057e-15
power_law,2,54,54,6,0.05223041983460365,0.21760627619547795,0.0261152099173018,0.02682610428594079,0.018133856349623164,0.01833525798202667,0.018533913513951242,3.3718646488787824e-15
power_law,2,60,60,0,0.0,0.0,0.0,0.0,0.0,0.0,0.0,0.0
power_law,3,6,6,54,0.39599158027884857,3.235137877787921,0.1979957901394243,0.19772165112248785,0.029954980349888156,0.029565633556152444,0.02962465072626213,6.761198929548872e-16
power_law,3,12,12,48,0.21659149561066057,2.4971385722620436,0.10829574780533024,0.10823349439828263,0.02601186012772962,0.02482626796162586,0.02478487521805163,8.379105897931099e-16
power_law,3,18,18,42,0.1865876805045378,1.9983032274928836,0.09329384025226897,0.09240100357084308,0.023789324136820042,0.023385461060754176,0.0233145315052299,1.1524236606545195e-15
power_law,3,24,24,36,0.14713625187158114,1.6160940007054654,0.07356812593579053,0.07360737025501667,0.02244575000979813,0.02307777952833573,0.023238959182337728,1.3026412284046765e-15
power_law,3,30,30,30,0.10569343078626331,1.232266607453824,0.05284671539313167,0.052091473299310014,0.020537776790897067,0.02059014779533425,0.0206504883259345,1.3226819538003284e-15
power_law,3,36,36,24,0.08906465543700828,0.9395660626314964,0.04453232771850413,0.04455572535282329,0.01957429297148951,0.020238317928540188,0.020380100718809226,2.0908574924298544e-15
power_law,3,42,42,18,0.07561574482826398,0.672430316885506,0.037807872414132054,0.03843870623412765,0.01867861991348628,0.019006586867299138,0.019160240287993152,2.8012746689920994e-15
power_law,3,48,48,12,0.0639418307615055,0.4348642032585088,0.03197091538075274,0.03244073781138867,0.018119341802437867,0.01826634260586478,0.018242009507349964,3.803323021556204e-15
power_law,3,54,54,6,0.05290905091565211,0.22191954231137184,0.026454525457826044,0.026216183291762896,0.01849329519261432,0.018301652256242713,0.018109293528369815,3.4378261586015097e-15
power_law,3,60,60,0,0.0,0.0,0.0,0.0,0.0,0.0,0.0,0.0
power_law,4,6,6,54,0.39741702610565693,3.252259664538656,0.1987085130528286,0.20052590297505452,0.030113515412394962,0.031069767265210976,0.03097338961215059,9.45379950873079e-16
power_law,4,12,12,48,0.28182592227026726,2.5066328228547956,0.14091296113513382,0.1419428484117158,0.02611075857140412,0.02610718371305632,0.02635452309743374,9.935020940574993e-16
power_law,4,18,18,42,0.1949333270773883,1.9813626191871516,0.09746666353869425,0.09818925366713407,0.023587650228418473,0.02487377295717162,0.024870416115079286,1.1988723981677621e-15
power_law,4,24,24,36,0.17080040566617374,1.5669983415341786,0.08540020283308682,0.08500577405242003,0.02176386585464137,0.022098556593615662,0.02230121152155813,1.0322761273544597e-15
power_law,4,30,30,30,0.11708176453897075,1.2247712716143946,0.05854088226948542,0.057382904576252114,0.020412854526906575,0.02010920999667138,0.020215396242884195,1.4002855440765312e-15
power_law,4,36,36,24,0.08071010954224479,0.8968650420346473,0.04035505477112236,0.03979941041321538,0.01868468837572182,0.019120093294248762,0.019225727613364378,2.2257120155202874e-15
power_law,4,42,42,18,0.059267559468725535,0.6333430823185463,0.029633779734362774,0.029995221448229414,0.0175928633977374,0.017736047286782845,0.0176839453000973,2.7211070947418124e-15
power_law,4,48,48,12,0.05515664936597616,0.4161612934202516,0.027578324682988042,0.028132702157156783,0.017340053892510483,0.017182323017454683,0.017191309943168614,2.761939188713425e-15
power_law,4,54,54,6,0.04817620177105941,0.20472032251909028,0.024088100885529692,0.02392873963289537,0.017060026876590858,0.016884059182445323,0.016650429865799423,3.127442568208227e-15
power_law,4,60,60,0,0.0,0.0,0.0,0.0,0.0,0.0,0.0,0.0
power_law,5,6,6,54,0.4899632717700334,3.267325811570367,0.2449816358850166,0.24516295306157745,0.030253016773799695,0.03103632166505607,0.031247237921623993,9.68365410433977e-16
power_law,5,12,12,48,0.27091388578158004,2.505746977739917,0.13545694289079008,0.1327784537955527,0.026101531018124135,0.027112164163285945,0.027230920247473443,1.1352704385672124e-15
power_law,5,18,18,42,0.20295033118031694,2.0464274015872883,0.1014751655901584,0.09791166690160652,0.02436223097127724,0.024430773834404194,0.024466788587406044,1.2750027252242143e-15
power_law,5,24,24,36,0.14228972303016188,1.5562645105901887,0.07114486151508102,0.07045788646860565,0.021614784869308176,0.021664322433715535,0.02167867736955991,1.2512300443539109e-15
power_law,5,30,30,30,0.11101579815170076,1.1829940394121576,0.05550789907585047,0.05496251086873778,0.01971656732353596,0.019269418586368988,0.019305736191973046,1.375254661380392e-15
power_law,5,36,36,24,0.08653471498255191,0.9246563169448074,0.04326735749127603,0.04337473973523383,0.01926367326968349,0.019079602189099765,0.019107053350056025,2.2952414144449412e-15
power_law,5,42,42,18,0.06931008038747175,0.6544281831096489,0.03465504019373589,0.034221215339884335,0.018178560641934693,0.018035626547110474,0.018041933717793536,2.3455239110751476e-15
power_law,5,48,48,12,0.05907006424500356,0.4003299224269754,0.029535032122501786,0.030143510523435772,0.01668041343445731,0.01689303580808781,0.01699970455865938,3.0547055413432127e-15
power_law,5,54,54,6,0.04244018141232649,0.1962863453262678,0.021220090706163264,0.021901124773834477,0.016357195443855648,0.01638197996783574,0.016554719978240363,3.5517224227379662e-15
power_law,5,60,60,0,0.0,0.0,0.0,0.0,0.0,0.0,0.0,0.0
power_law,6,6,6,54,0.48643964127412265,3.315929410083963,0.2432198206370615,0.2352842873972712,0.030703050093370026,0.03157400753494563,0.031177714412675358,1.0457459372996976e-15
power_law,6,12,12,48,0.3604106744862479,2.613452351831212,0.18020533724312415,0.1809830294451103,0.02722346199824179,0.029335980336331197,0.02913450605857615,1.132250353109946e-15
power_law,6,18,18,42,0.18014155561393058,1.936741995892381,0.09007077780696515,0.09116123217202013,0.023056452332052155,0.0226692126395365,0.02279577545873051,1.06340170312254e-15
power_law,6,24,24,36,0.1469355889342464,1.5324011654236096,0.07346779446712323,0.07423382561392419,0.021283349519772357,0.02083919603318498,0.02109808635421604,1.3327906322907963e-15
power_law,6,30,30,30,0.08678643946074678,1.171993077540281,0.04339321973037342,0.043615514711386555,0.019533217959004683,0.019520508864449282,0.019778661688383374,1.4511273479401436e-15
power_law,6,36,36,24,0.08307805959421107,0.9204622127323232,0.04153902979710554,0.040633899096035125,0.019176296098590066,0.018736125113460567,0.018743912942433567,1.932653235703459e-15
power_law,6,42,42,18,0.07283047877009312,0.6643001580487283,0.03641523938504657,0.03594994050059593,0.01845278216802023,0.018337336536512504,0.018476048334707708,2.523010847521212e-15
power_law,6,48,48,12,0.062151511179653576,0.43650777519197737,0.031075755589826826,0.03119503627749775,0.01818782396633239,0.018387042557730594,0.01866104939178578,3.683981259954161e-15
power_law,6,54,54,6,0.050400176946999935,0.20302266552440595,0.025200088473499947,0.025800752604696466,0.016918555460367163,0.01745207724377739,0.017598583571848944,4.079597251626185e-15
power_law,6,60,60,0,0.0,0.0,0.0,0.0,0.0,0.0,0.0,0.0
power_law,7,6,6,54,0.48049771136086694,3.32714861929767,0.24024885568043344,0.23877994924238505,0.03080693166016361,0.030788929176640896,0.030903202823501147,8.866481498347246e-16
power_law,7,12,12,48,0.2342438472944942,2.4339805601065163,0.11712192364724684,0.11549283340732255,0.025353964167776213,0.025337340203663475,0.025316989506270322,9.224450594965692e-16
power_law,7,18,18,42,0.21367005087668745,1.9330323050365448,0.10683502543834372,0.10525619666819835,0.02301228934567315,0.02253265134193492,0.022666280086030846,1.2688644291439414e-15
power_law,7,24,24,36,0.17026809544967686,1.5741243200303434,0.0851340477248384,0.085130817148826,0.021862837778199213,0.022733713311687363,0.023071312515010243,1.2687982580803529e-15
power_law,7,30,30,30,0.10855705258013182,1.2179451731483415,0.05427852629006593,0.054084408842245274,0.020299086219139024,0.019818242185833956,0.019823226825526154,1.6241931030526053e-15
power_law,7,36,36,24,0.09047352074497064,0.927076462940116,0.04523676037248533,0.04462072123990603,0.019314092977919084,0.019385803633499274,0.019482929616522177,1.9839680371560627e-15
power_law,7,42,42,18,0.06602082122012415,0.652154515178001,0.033010410610062046,0.03330891028942276,0.018115403199388917,0.018200640496819468,0.018374249359803627,2.2925797581998114e-15
power_law,7,48,48,12,0.06035880635377788,0.4209560687115583,0.030179403176888976,0.030091407353657125,0.01753983619631493,0.018219090971012236,0.018138653289723455,2.3487508706414528e-15
power_law,7,54,54,6,0.0457344076309591,0.20428509626302774,0.022867203815479548,0.022721064942172083,0.017023758021918977,0.016964773244164153,0.016871392638717883,3.739157513136057e-15
power_law,7,60,60,0,0.0,0.0,0.0,0.0,0.0,0.0,0.0,0.0
power_law,8,6,6,54,0.5810646645157409,3.512155433987969,0.29053233225787134,0.28713188692795194,0.032519957722110825,0.03158244675716107,0.03159537424729937,8.354595423090402e-16
power_law,8,12,12,48,0.33797718296818974,2.651325013649242,0.16898859148409504,0.16841640391928414,0.027617968892179604,0.0262966437484468,0.02607633704602514,1.166185530756981e-15
power_law,8,18,18,42,0.25134988550554493,2.0889125181620294,0.12567494275277233,0.12385187733763453,0.024868006168595587,0.024324255068930947,0.024113563854841497,1.0259249658655376e-15
power_law,8,24,24,36,0.17074787247793924,1.6367594632912121,0.0853739362389696,0.08501935938740893,0.022732770323489058,0.023670924526658713,0.023664898151190404,1.7730224586490204e-15
power_law,8,30,30,30,0.15305565256101303,1.298922206478815,0.07652782628050651,0.07613788466587498,0.021648703441313585,0.020671975710928485,0.02057716761475134,1.632847971564754e-15
power_law,8,36,36,24,0.12639120070985926,0.972428991853948,0.0631956003549297,0.06376546857015747,0.020258937330290584,0.020212851561335846,0.020059329859357246,2.2412745628076035e-15
power_law,8,42,42,18,0.08546416442799333,0.7149733938369401,0.04273208221399672,0.043253940792296455,0.019860372051026115,0.01932036470206344,0.019208151791787698,2.38037712780928e-15
power_law,8,48,48,12,0.059097298084643354,0.44469576757374063,0.02954864904232168,0.029641450131526553,0.018528990315572525,0.019173740905477046,0.01918238967569439,3.0184185478100157e-15
power_law,8,54,54,6,0.04382162415695526,0.21039233475625918,0.02191081207847762,0.022235457818630948,0.0175326945630216,0.017527501282952163,0.017663260202910397,3.49646441074424e-15
power_law,8,60,60,0,0.0,0.0,0.0,0.0,0.0,0.0,0.0,0.0
power_law,9,6,6,54,0.7107260292971466,3.6864336714699184,0.355363014648573,0.3610345508707303,0.034133645106202946,0.03160163694677523,0.031534403684474306,7.553329813609703e-16
power_law,9,12,12,48,0.47165134537095504,2.7855276795158517,0.23582567268547797,0.23791917829838238,0.02901591332829012,0.028087995936898133,0.028131676926380175,8.621320440834443e-16
power_law,9,18,18,42,0.2781709257496691,2.1464540617266814,0.13908546287483445,0.13995124807941622,0.025553024544365255,0.025011102598985854,0.0249616739924746,1.0238050278698735e-15
power_law,9,24,24,36,0.20859382596625387,1.6952461531512484,0.10429691298312678,0.10353818478040733,0.023545085460434004,0.023211485691197502,0.023122039651366902,1.2303484983878634e-15
power_law,9,30,30,30,0.16905620136602453,1.3096637973092877,0.08452810068301228,0.08420502293345307,0.021827729955154796,0.021467798255534184,0.021634067650773435,1.2331503476852325e-15
power_law,9,36,36,24,0.10159314988227632,0.9483313273633525,0.050796574941138206,0.051010949617799214,0.019756902653403175,0.019990575193795455,0.02013257813885276,2.144955383013715e-15
power_law,9,42,42,18,0.08896245561386479,0.6978180958470452,0.044481227806932415,0.046011504206059504,0.019383835995751258,0.018376976025734782,0.01842921057512054,2.2185239951230123e-15
power_law,9,48,48,12,0.05833026063829924,0.42723144249678535,0.029165130319149607,0.02937133904454879,0.017801310104032724,0.01817151309617638,0.01820093916968146,2.4332260773103825e-15
power_law,9,54,54,6,0.04406445532781382,0.2016224701390501,0.022032227663906903,0.022323507638602545,0.016801872511587507,0.017150841344370685,0.01723831557414024,3.2810079812627364e-15
power_law,9,60,60,0,0.0,0.0,0.0,0.0,0.0,0.0,0.0,0.0
power_law,10,6,6,54,0.4945821208335162,3.266417763119455,0.24729106041675838,0.2478357529341781,0.03024460891777273,0.029400690622371876,0.029494613574213187,6.972751920005331e-16
power_law,10,12,12,48,0.2183648152101763,2.4829291640474613,0.10918240760508809,0.1115016648416127,0.025863845458827722,0.025851474448258138,0.02577026935524735,1.288398661207488e-15
power_law,10,18,18,42,0.15996995084680238,1.9547615375079437,0.07998497542340105,0.07998481190688758,0.023270970684618378,0.024532516424872086,0.02463376326464047,1.0695946965138143e-15
power_law,10,24,24,36,0.1531498984251278,1.6068711638100346,0.07657494921256379,0.07748935880280736,0.02231765505291715,0.021427940535629533,0.021483668084091242,1.1924382324787905e-15
power_law,10,30,30,30,0.12638114091153038,1.2368355633342178,0.06319057045576527,0.06316455864518769,0.020613926055570296,0.019995499986796318,0.01991646812169384,1.3482688121798948e-15
power_law,10,36,36,24,0.09768493645692097,0.9183051816887026,0.04884246822846055,0.04688726395174786,0.01913135795184797,0.019222423402932915,0.019110644609933013,2.857902292523133e-15
power_law,10,42,42,18,0.09043827645364559,0.6609414047766713,0.0452191382268228,0.04324670075430409,0.018359483466018647,0.018818741404298463,0.018518686019499048,2.8838658808001247e-15
power_law,10,48,48,12,0.06334357573728013,0.40669260845164124,0.031671787868640076,0.030671652717401417,0.016945525352151717,0.016302427980545948,0.016275329935394336,2.5469211007535434e-15
power_law,10,54,54,6,0.05115221175715261,0.20873302050570597,0.025576105878576297,0.025094453416770683,0.017394418375475496,0.017310854166603093,0.017233603589538606,3.0401258662153044e-15
power_law,10,60,60,0,0.0,0.0,0.0,0.0,0.0,0.0,0.0,0.0
power_law,11,6,6,54,0.6456066629471577,3.4467885837402266,0.32280333147357904,0.3250773480019733,0.0319147091087058,0.03283365159822216,0.03300525569576504,9.994957709504937e-16
power_law,11,12,12,48,0.31908268252720023,2.6009411871140706,0.1595413412636004,0.1620951322888132,0.02709313736577157,0.02634555592830047,0.026577541181475203,9.39630844068389e-16
power_law,11,18,18,42,0.18113496030778672,1.9927328407312863,0.09056748015389346,0.09170589971794896,0.02372301000870579,0.025073558138051923,0.025196692106525725,1.235120614274716e-15
power_law,11,24,24,36,0.12284289986779326,1.5786729850981642,0.06142144993389668,0.06073649142753483,0.021926013681918946,0.02116757806358817,0.02117107713480494,1.3019797704700194e-15
power_law,11,30,30,30,0.10763765229359248,1.2475832630816246,0.053818826146796325,0.05420928664189943,0.020793054384693744,0.020162078874946338,0.020208763046888897,1.2841277232528e-15
power_law,11,36,36,24,0.10002911105015036,0.9721512159116552,0.050014555525075076,0.0504250967227584,0.020253150331492817,0.01965860387008774,0.01963402182299086,1.9325451599245205e-15
power_law,11,42,42,18,0.08115317771781318,0.6933178892086767,0.04057658885890655,0.04088642772453446,0.019258830255796573,0.019632653430542102,0.019627765524340597,2.3087495835223235e-15
power_law,11,48,48,12,0.06398957396099884,0.4419435710064556,0.03199478698049941,0.03132714111835068,0.018414315458602316,0.01822159608118534,0.018319828904460253,2.5548772544878722e-15
power_law,11,54,54,6,0.049818375690641445,0.22165445847401272,0.02490918784532068,0.024517324787882384,0.018471204872834393,0.018653880454588156,0.01881499759525542,2.907751352531309e-15
power_law,11,60,60,0,0.0,0.0,0.0,0.0,0.0,0.0,0.0,0.0
power_law,12,6,6,54,0.5182632628848793,3.301510895663662,0.2591316314424396,0.25888202518061426,0.03056954533021909,0.03043185450720792,0.0302346208648964,8.193990448771345e-16
power_law,12,12,12,48,0.34394910770399123,2.5234274240604435,0.17197455385199575,0.16899419392751913,0.026285702333962952,0.025814592623021257,0.025744544794682515,1.1115291193788277e-15
power_law,12,18,18,42,0.19484636002605818,1.9420424156206666,0.09742318001302923,0.09731000464236597,0.0231195525669127,0.021948215277006078,0.021878143732313955,1.4803788791705307e-15
power_law,12,24,24,36,0.13082422667974172,1.5429951807346443,0.0654121133398709,0.064835795593985,0.021430488621314504,0.020592218012964077,0.020427078199506316,1.2548611626817469e-15
power_law,12,30,30,30,0.0884971032906943,1.2107885189435301,0.044248551645347134,0.04337305360330751,0.020179808649058835,0.020219183248955507,0.020186524240505363,1.3371613234115477e-15
power_law,12,36,36,24,0.07221821541321718,0.9389584145001866,0.03610910770660859,0.0370580123864208,0.019561633635420555,0.018944664221268677,0.01882172404109246,2.2000388941504883e-15
power_law,12,42,42,18,0.06397806998733774,0.6844296073000276,0.03198903499366886,0.031183006950714125,0.019011933536111875,0.019374199770347697,0.01922184571588316,3.1526347325519655e-15
power_law,12,48,48,12,0.05494090354324194,0.437307678400718,0.02747045177162095,0.026758593867385987,0.018221153266696582,0.017476881905803328,0.01734117501331976,2.901585015135548e-15
power_law,12,54,54,6,0.048438698729477606,0.20270777571299292,0.024219349364738806,0.023533818203217167,0.01689231464274941,0.016506581892885445,0.01631119363473892,4.101612298020498e-15
power_law,12,60,60,0,0.0,0.0,0.0,0.0,0.0,0.0,0.0,0.0
power_law,13,6,6,54,0.5555315427198333,3.3525067546223672,0.27776577135991637,0.2759322486062841,0.031041729209466365,0.02859565338981983,0.02845736259301409,7.950903262672989e-16
power_law,13,12,12,48,0.26337863530687833,2.489531547504462,0.13168931765343922,0.12941613720966022,0.025932620286504813,0.023990417489672074,0.024074544900853152,8.697303733576e-16
power_law,13,18,18,42,0.2219470124668547,2.0400430698878376,0.11097350623342737,0.10934870679954468,0.024286227022474256,0.023600379085328853,0.023778357728199164,1.1018303172273392e-15
power_law,13,24,24,36,0.1779424207982283,1.6298517770188599,0.08897121039911417,0.08795024900162354,0.022636830236373053,0.02202831381228864,0.022038682442774765,1.2202537428015989e-15
power_law,13,30,30,30,0.1277625509779536,1.2457044201434968,0.06388127548897683,0.06319372139092139,0.020761740335724945,0.02015346629169118,0.02029279467590861,1.3689609953502671e-15
power_law,13,36,36,24,0.0950143625715259,0.9393446932072532,0.047507181285762895,0.048402471980270326,0.019569681108484442,0.019352838886322575,0.019526260774862976,2.3636630759667034e-15
power_law,13,42,42,18,0.08050810906448037,0.6765110089300692,0.040254054532240166,0.040824981023567505,0.0187919724702797,0.018453761570809853,0.018634729647873674,2.514409948750781e-15
power_law,13,48,48,12,0.0505978969973531,0.4170514697575019,0.025298948498676574,0.02580082350547352,0.017377144573229246,0.017429412390220105,0.01777180291633726,2.7377142840831236e-15
power_law,13,54,54,6,0.04423533421164702,0.20179718571899016,0.02211766710582352,0.022307059383066707,0.01681643214324918,0.016858822166023343,0.017171095973282424,3.19914637588936e-15
power_law,13,60,60,0,0.0,0.0,0.0,0.0,0.0,0.0,0.0,0.0
power_law,14,6,6,54,0.39091765985936444,3.09173593670689,0.19545882992968205,0.19345551005680028,0.02862718459913787,0.028307760996082867,0.02844162931960749,1.1800885639426253e-15
power_law,14,12,12,48,0.25574986780638076,2.417959120696876,0.12787493390319044,0.12701103743564016,0.02518707417392579,0.025470890478184342,0.025528981072523674,9.127204663645303e-16
power_law,14,18,18,42,0.15854088754686513,1.9510128381456338,0.07927044377343244,0.07883334186076452,0.023226343311257544,0.023005962825629545,0.0230583477190422,1.086633271136125e-15
power_law,14,24,24,36,0.1301111927932221,1.5596258811991393,0.06505559639661103,0.06490561314086901,0.021661470572210267,0.02198692383531324,0.021829870669279362,1.137635473856367e-15
power_law,14,30,30,30,0.10342274451672387,1.2217877184225185,0.05171137225836194,0.05311815430068369,0.02036312864037531,0.020550788795619456,0.020712934143232657,1.15235208272776e-15
power_law,14,36,36,24,0.07948006001942061,0.9381984503892042,0.03974003000971033,0.03879461892156526,0.01954580104977509,0.01903209925318262,0.019140888228470723,1.8576487100156e-15
power_law,14,42,42,18,0.06573615887491994,0.6755838295980391,0.03286807943746002,0.032855027119696345,0.01876621748883442,0.019132857388190774,0.01919534810339034,2.824295557537163e-15
power_law,14,48,48,12,0.05785737727485722,0.4263645766418192,0.028928688637428566,0.029451959782719576,0.017765190693409132,0.017900603423764934,0.0179056263403366,3.0933585418228407e-15
power_law,14,54,54,6,0.04647913774274623,0.21338078455106044,0.0232395688713731,0.023264128233287794,0.017781732045921702,0.017886924219245662,0.01792293838431402,3.2875842937244305e-15
power_law,14,60,60,0,0.0,0.0,0.0,0.0,0.0,0.0,0.0,0.0
power_law,15,6,6,54,0.5165496206083321,3.465208772387319,0.2582748103041664,0.24600843271728245,0.03208526641099369,0.03524635860714749,0.034789264234885334,9.50782947356089e-16
power_law,15,12,12,48,0.3138878259147131,2.571862913554142,0.15694391295735668,0.15390028873876815,0.026790238682855644,0.026346701761438357,0.026105027857512106,9.890460181486792e-16
power_law,15,18,18,42,0.28017271298311214,2.0009800333357495,0.14008635649155607,0.1386752449463172,0.023821190873044636,0.02391638714495945,0.02380060781968544,1.0588958537060414e-15
power_law,15,24,24,36,0.13463957831345125,1.5339999794533192,0.06731978915672569,0.06578340692610612,0.02130555527018499,0.020949665459083774,0.020810335669086674,1.4167952956975023e-15
power_law,15,30,30,30,0.11971194186211832,1.2077035066175796,0.059855970931059134,0.05842392048435847,0.020128391776959662,0.020814069123075457,0.02074747287062017,1.3447740317695815e-15
power_law,15,36,36,24,0.088402420731007,0.9287662788178099,0.04420121036550345,0.04323952059695092,0.01934929747537104,0.019567939040350753,0.019470861654274252,2.2211457701143815e-15
power_law,15,42,42,18,0.08360574492342779,0.6767800814077133,0.04180287246171391,0.04059033192051254,0.018799446705769815,0.019237327831105835,0.019140173169257882,3.2171003437832902e-15
power_law,15,48,48,12,0.05721047066389304,0.4199591932771809,0.028605235331946543,0.029404152606544658,0.017498299719882537,0.01765129125187189,0.017758122926422877,2.9891664788183533e-15
power_law,15,54,54,6,0.046872097197569476,0.19933830672964076,0.02343604859878475,0.024036459905555092,0.016611525560803395,0.016482668648793112,0.016759413745143344,3.326099506669911e-15
power_law,15,60,60,0,0.0,0.0,0.0,0.0,0.0,0.0,0.0,0.0
power_law,16,6,6,54,0.43072805015497767,3.408194388856857,0.21536402507748836,0.21506967128276355,0.031557355452378304,0.030269916894949647,0.030064805123474633,8.589221123860417e-16
power_law,16,12,12,48,0.36009543294414675,2.650972559818627,0.1800477164720732,0.18726626168592997,0.027614297498110698,0.02808559969026382,0.028249878583550114,9.214390112847837e-16
power_law,16,18,18,42,0.20360857285906467,1.9920564870828774,0.10180428642953221,0.10574416436779396,0.023714958179558064,0.02278809088185567,0.02291937871923288,1.0593622113062737e-15
power_law,16,24,24,36,0.15085269327075795,1.5828608163980902,0.07542634663537914,0.07808663566701489,0.02198417800552903,0.02189309822630798,0.021856328241237837,1.1766895369396177e-15
power_law,16,30,30,30,0.1326683163062015,1.2657561574356968,0.06633415815310074,0.06851633521781567,0.021095935957261613,0.020400796119621742,0.020304748154930663,1.4487784261170023e-15
power_law,16,36,36,24,0.11556996781291161,0.9674871642694475,0.05778498390645585,0.05914248657480665,0.02015598258894682,0.020496000788570487,0.020534213924733927,2.726332850276757e-15
power_law,16,42,42,18,0.08052790127688755,0.6853822464020491,0.04026395063844376,0.041833061481636624,0.019038395733390254,0.018758612140938814,0.018749678143365915,2.5567002217117294e-15
power_law,16,48,48,12,0.05732374095095725,0.42158379938917884,0.028661870475478652,0.028659534212219503,0.017565991641215785,0.017749550855732384,0.017739557471259965,2.883001390384113e-15
power_law,16,54,54,6,0.05338266232068453,0.2200544913442066,0.026691331160342262,0.026838715057238664,0.018337874278683882,0.01941158867580693,0.019421680806485642,3.1715197546598163e-15
power_law,16,60,60,0,0.0,0.0,0.0,0.0,0.0,0.0,0.0,0.0
power_law,17,6,6,54,0.47904053596484386,3.383838922559971,0.2395202679824222,0.24527918250175557,0.03133184187555529,0.028454385606232195,0.028369176138196086,8.821384605034543e-16
power_law,17,12,12,48,0.278114915279705,2.4525748676787904,0.13905745763985247,0.13500717822761435,0.025547654871654068,0.025155591182897334,0.025224609125142648,9.653018697973578e-16
power_law,17,18,18,42,0.1722355261568362,1.9381792642870916,0.0861177630784181,0.08448903130706631,0.023073562670084424,0.023718089764980604,0.023783841373779566,1.1058735229868277e-15
power_law,17,24,24,36,0.11723969455961367,1.5274627382673083,0.058619847279806826,0.058760012305653836,0.021214760253712616,0.020892961676886514,0.020936300287902797,1.3601810715398129e-15
power_law,17,30,30,30,0.09733072157199701,1.2146413092982247,0.048665360785998556,0.04868882048098957,0.02024402182163708,0.019943383109498045,0.01989163252350134,1.5042656558300632e-15
power_law,17,36,36,24,0.08788008235989853,0.9447895316470762,0.04394004117994928,0.04415523178525707,0.01968311524264742,0.020419057091171214,0.020455964329544895,2.1732504451412864e-15
power_law,17,42,42,18,0.0801584605968015,0.6837287418542951,0.04007923029840069,0.03953578252146025,0.018992465051508197,0.018325021482087644,0.018370125714174144,2.8172782127649818e-15
power_law,17,48,48,12,0.06644974653244516,0.44399618465184276,0.03322487326622261,0.03386494535080438,0.018499841027160114,0.019090320292778303,0.019051186425367843,2.76366151519687e-15
power_law,17,54,54,6,0.0394910445790824,0.20020578876806022,0.01974552228954122,0.020143879325045747,0.016683815730671684,0.016096506284904416,0.01609882252882295,3.0765867257544444e-15
power_law,17,60,60,0,0.0,0.0,0.0,0.0,0.0,0.0,0.0,0.0
power_law,18,6,6,54,0.6734879068146429,3.4815678603221594,0.3367439534073212,0.3416480484752758,0.0322367394474274,0.03235381583659325,0.03247271852263982,9.894888523887709e-16
power_law,18,12,12,48,0.49809097042907746,2.799657847441839,0.24904548521453848,0.24892987916659204,0.029163102577519157,0.029188464972617192,0.029180428666729423,1.2669242231624405e-15
power_law,18,18,18,42,0.20802173109158478,2.087426967966483,0.10401086554579249,0.1029638439190814,0.02485032104722004,0.026133946779909045,0.026105587809854856,1.3835297506520498e-15
power_law,18,24,24,36,0.17966419847993606,1.6344451923241345,0.08983209923996813,0.0898319802252277,0.022700627671168535,0.0213501206418598,0.02147749422076987,1.2324423034091907e-15
power_law,18,30,30,30,0.13861615778513797,1.254966611482003,0.06930807889256906,0.06961879425491602,0.02091611019136672,0.020672132631760202,0.020698544517860955,1.405605661823066e-15
power_law,18,36,36,24,0.09793829093303305,0.9615393539749286,0.048969145466516595,0.04929806857816631,0.02003206987447768,0.019892556776998818,0.019791480864804013,2.259206281680659e-15
power_law,18,42,42,18,0.07958688035199335,0.6964559298605421,0.03979344017599669,0.039893818239428405,0.019345998051681725,0.019654307642434612,0.01978868116388629,2.238948879413362e-15
power_law,18,48,48,12,0.058071617922093186,0.4370850557083427,0.0290358089610466,0.028938527398081844,0.018211877321180948,0.01821736001703596,0.01800708443655042,2.520379406643316e-15
power_law,18,54,54,6,0.04258415088403461,0.20356202916495458,0.021292075442017337,0.021812847905217928,0.01696350243041288,0.016814399161332164,0.016990433740164186,3.3641862227064597e-15
power_law,18,60,60,0,0.0,0.0,0.0,0.0,0.0,0.0,0.0,0.0
power_law,19,6,6,54,0.5293952467785633,3.3769351081557555,0.2646976233892818,0.2625667710841678,0.031267917668108845,0.031640292481716306,0.031662904179055554,6.384489597033301e-16
power_law,19,12,12,48,0.24148722850112656,2.4929313954385814,0.12074361425056324,0.12064735083652903,0.02596803536915189,0.026498662615002,0.026509757844916264,1.1872584630411621e-15
power_law,19,18,18,42,0.177445678440605,1.9836480709816002,0.08872283922030257,0.08652244994217173,0.023614857987876194,0.02404420662170819,0.024105058730895176,1.235845040535261e-15
power_law,19,24,24,36,0.13913691612742482,1.5464888748449936,0.0695684580637123,0.07211540125801763,0.02147901215062491,0.02132108517976299,0.021513402390083994,1.3154811806153762e-15
power_law,19,30,30,30,0.11225353082946864,1.2037241577978095,0.05612676541473433,0.05795769363985563,0.02006206929663016,0.019807078556562954,0.019846434376631014,1.434882180369359e-15
power_law,19,36,36,24,0.0848068928185794,0.8795911783635089,0.042403446409289634,0.042372392597711195,0.018324816215906436,0.017429875131081213,0.01749687481559528,2.350002642561298e-15
power_law,19,42,42,18,0.06697865258352105,0.6489091606926395,0.03348932629176055,0.033603709362565154,0.01802525446368443,0.017906841394219757,0.01792572682828386,2.2902240012105943e-15
power_law,19,48,48,12,0.05342918662737759,0.3956300646185377,0.02671459331368878,0.026910235609748485,0.016484586025772404,0.01676659218832667,0.016796128331690453,2.2023753031605635e-15
power_law,19,54,54,6,0.03747911248556279,0.18082801336069193,0.018739556242781393,0.017911486953289504,0.015069001113390995,0.014806025465633319,0.01482451865313903,2.6859514137679605e-15
power_law,19,60,60,0,0.0,0.0,0.0,0.0,0.0,0.0,0.0,0.0
power_law,20,6,6,54,0.41176319476814943,3.316854337579751,0.2058815973840747,0.2093668823308385,0.030711614236849545,0.030490152346119948,0.030518625866357833,9.669927289677655e-16
power_law,20,12,12,48,0.25594431773836773,2.470061218079898,0.12797215886918417,0.12707404474089734,0.02572980435499894,0.027521036445658894,0.027540423692212525,1.4642999483801374e-15
power_law,20,18,18,42,0.17012519871631712,1.9613530026767172,0.08506259935815849,0.08842314577766656,0.02334944050805616,0.022435423300841868,0.022417561416983076,1.0876110596463499e-15
power_law,20,24,24,36,0.14420674554265486,1.5726708175341855,0.07210337277132747,0.07478926719803225,0.021842650243530354,0.021809295809125658,0.021683696788538303,1.6379315195744301e-15
power_law,20,30,30,30,0.11826457922629836,1.2588410093521594,0.05913228961314908,0.06148531492100885,0.020980683489202658,0.021037937415202497,0.02123876939038566,1.3433104524163715e-15
power_law,20,36,36,24,0.09767675138383164,0.9405228773215277,0.04883837569191573,0.050433177785006555,0.01959422661086516,0.019276647329868935,0.019438271883358164,2.22361621869137e-15
power_law,20,42,42,18,0.07173929162421815,0.652018487903362,0.03586964581210903,0.03685159521862422,0.01811162466398228,0.018057722592584622,0.01825893124678604,2.2850441461919887e-15
power_law,20,48,48,12,0.05049250661710504,0.4122710374077947,0.02524625330855254,0.025448946269748165,0.017177959891991446,0.017292227209613993,0.017280161264353198,2.191546587326632e-15
power_law,20,54,54,6,0.041898873443458474,0.19689234656363988,0.02094943672172923,0.02261753630262329,0.01640769554696999,0.016371268367675332,0.016448293394021023,2.6556290563090566e-15
power_law,20,60,60,0,0.0,0.0,0.0,0.0,0.0,0.0,0.0,0.0
power_law,21,6,6,54,0.4546815343452515,3.2550639968557107,0.22734076717262577,0.22936720943078817,0.03013948145236769,0.03163391398215315,0.03147688481336281,9.432497959688434e-16
power_law,21,12,12,48,0.308106096841456,2.494131343306263,0.15405304842072798,0.1536457772150723,0.025980534826106905,0.025766403137619256,0.025648541882788756,1.1133849382401025e-15
power_law,21,18,18,42,0.16370930717735246,1.9021782628045882,0.08185465358867618,0.0834805363435441,0.02264497931910224,0.023055050092277558,0.02304038346759283,1.2303794610059235e-15
power_law,21,24,24,36,0.12325704851426449,1.4894406484539597,0.061628524257132125,0.061697688485194455,0.020686675672971663,0.02140630129439889,0.021485041211366553,1.4348595631114572e-15
power_law,21,30,30,30,0.10868053556717525,1.190703785085351,0.05434026778358757,0.05411070716662945,0.01984506308475585,0.020670851316202755,0.02072299000701642,1.1684638790795817e-15
power_law,21,36,36,24,0.092100765308073,0.9272005084852651,0.0460503826540365,0.044945936969288336,0.01931667726010969,0.01961398984103061,0.019640204676234133,3.199642013497295e-15
power_law,21,42,42,18,0.067601111309699,0.6722957669271624,0.03380055565484953,0.03446345936173697,0.0186748824146434,0.01881759459225881,0.018735088508983738,2.5888707708261634e-15
power_law,21,48,48,12,0.055967599188852635,0.42799579181340763,0.0279837995944263,0.026966896159718333,0.017833157992225318,0.01783026051498346,0.01793006297092265,2.7206463371903224e-15
power_law,21,54,54,6,0.0409163480738507,0.1954401395182808,0.020458174036925354,0.020176370509368654,0.016286678293190065,0.016389748795532177,0.016661871241882318,3.4600897904262928e-15
power_law,21,60,60,0,0.0,0.0,0.0,0.0,0.0,0.0,0.0,0.0
power_law,22,6,6,54,0.7212187248939781,3.566181810737712,0.36060936244698955,0.36788900410855185,0.03302020195127511,0.031174264253379262,0.031228769385673393,9.044822089049367e-16
power_law,22,12,12,48,0.3417463784995096,2.610900636098749,0.17087318924975442,0.175229935781508,0.027196881626028634,0.0266354430326603,0.026674523715433364,8.991772309124563e-16
power_law,22,18,18,42,0.21353182344145555,2.0489797329354458,0.106765911720728,0.10856731304433744,0.024392615868279115,0.023028542129899444,0.022930892675498846,1.0828413514857641e-15
power_law,22,24,24,36,0.16187224017277843,1.5930634322690334,0.0809361200863892,0.08229482984404851,0.022125881003736574,0.022223051801031863,0.02228321653734895,1.3092346054146554e-15
power_law,22,30,30,30,0.11649911164540745,1.251718828278581,0.05824955582270372,0.059918393134054684,0.02086198047130968,0.02121581651979836,0.02119747071424203,1.5411121778029724e-15
power_law,22,36,36,24,0.08396376962565166,0.9422670494350394,0.04198188481282585,0.042840733009608126,0.019630563529896655,0.019675501998364677,0.01967754501956186,2.4169753885027287e-15
power_law,22,42,42,18,0.07862043984195681,0.7097838669948482,0.03931021992097841,0.0395298843485439,0.019716218527634673,0.020851895323093707,0.020935297673290082,2.7832343462796484e-15
power_law,22,48,48,12,0.06577454797165928,0.4596047565323785,0.03288727398582962,0.032668898745084995,0.019150198188849103,0.019224274632282115,0.01922931110748669,2.7639921615958295e-15
power_law,22,54,54,6,0.04764494934914632,0.2110564602175185,0.02382247467457316,0.023697866595490735,0.017588038351459875,0.01785999698763492,0.01789611302190902,2.6956453402408428e-15
power_law,22,60,60,0,0.0,0.0,0.0,0.0,0.0,0.0,0.0,0.0
power_law,23,6,6,54,0.29346730014907757,3.0475012216718667,0.14673365007453879,0.14810283027324087,0.028217603904369136,0.027874413431893563,0.0280383665003486,1.0175328403359986e-15
power_law,23,12,12,48,0.20422367025030574,2.3287280645174953,0.10211183512515297,0.10049819035706774,0.024257584005390576,0.02291363716374186,0.022907849923151494,1.124651080371171e-15
power_law,23,18,18,42,0.14890063974715445,1.8750303506331258,0.07445031987357717,0.07345564200875365,0.022321789888489593,0.02311260417789826,0.023251006176592415,1.0963222905798777e-15
power_law,23,24,24,36,0.12351736765692428,1.5193473592134596,0.06175868382846209,0.06052189468722442,0.021102046655742494,0.021310821059509794,0.02124333154654043,1.4249331070391726e-15
power_law,23,30,30,30,0.08818675081251302,1.178560792315802,0.04409337540625648,0.04380845232216019,0.01964267987193003,0.01996107719188631,0.019874117847366025,1.3101859815014337e-15
power_law,23,36,36,24,0.08275190695325327,0.9334269047767347,0.041375953476626585,0.04088413154187144,0.019446393849515308,0.019197672166099352,0.01916940898034887,2.277793495515442e-15
power_law,23,42,42,18,0.06826960078042972,0.6597607106182525,0.034134800390214874,0.03390338328335461,0.018326686406062567,0.017996431378825874,0.017772002616252502,2.4076603133738422e-15
power_law,23,48,48,12,0.06280665118670012,0.4232421624628183,0.031403325593350066,0.030730153310347258,0.01763509010261743,0.018363492118972754,0.018142315470438722,2.7217380625295794e-15
power_law,23,54,54,6,0.049118598324908454,0.20197253074837757,0.024559299162454213,0.024699126187620518,0.016831044229031464,0.016899701935173466,0.016829406922496754,3.5635994387236284e-15
power_law,23,60,60,0,0.0,0.0,0.0,0.0,0.0,0.0,0.0,0.0
power_law,24,6,6,54,0.48073019428170316,3.1832423708419846,0.24036509714085139,0.24189216243131195,0.029474466396685044,0.028945995702192584,0.0288920435300612,1.2186513098630308e-15
power_law,24,12,12,48,0.21134974187843655,2.3727890898593524,0.1056748709392184,0.10523536944463088,0.024716553019368256,0.02425630610746441,0.024071170889456667,9.806871418039015e-16
power_law,24,18,18,42,0.1869865601290915,1.896793543829973,0.09349328006454587,0.09160242194522028,0.022580875521785393,0.02283355270006128,0.022776264953133986,1.1527120678884649e-15
power_law,24,24,24,36,0.1409528504484089,1.5313537494188536,0.07047642522420453,0.06912080309492671,0.021268802075261856,0.021509632354908676,0.021461242574446524,1.2236487518242964e-15
power_law,24,30,30,30,0.09913894717227574,1.1876248633676723,0.04956947358613783,0.04663165054278127,0.019793747722794536,0.020051813306220415,0.019926152174152757,1.269375643026518e-15
power_law,24,36,36,24,0.09052795871419457,0.9067369846942241,0.04526397935709733,0.04203069796600104,0.018890353847796335,0.01950611515449068,0.019292569442383313,2.5033320512841244e-15
power_law,24,42,42,18,0.07503287810033168,0.6487808993527205,0.03751643905016582,0.03732492324627136,0.01802169164868668,0.017475145633805367,0.01741323380759617,2.664112853661689e-15
power_law,24,48,48,12,0.0531306096053002,0.400102503121702,0.026565304802650097,0.025405045916936184,0.016670937630070916,0.016428354330390905,0.01639291551348424,2.6401988622586464e-15
power_law,24,54,54,6,0.0476831770971627,0.196435482395854,0.02384158854858137,0.023423951611205758,0.016369623532987834,0.01649982656249676,0.01637551414706215,3.5492779565140954e-15
power_law,24,60,60,0,0.0,0.0,0.0,0.0,0.0,0.0,0.0,0.0
power_law,25,6,6,54,0.38777753696275646,3.2105020101038217,0.19388876848137857,0.19710470379691986,0.029726870463924276,0.03015473449753232,0.029950343545870242,9.428786251887988e-16
power_law,25,12,12,48,0.3140514880494277,2.5235844657053113,0.15702574402471373,0.16060787387720393,0.026287338184430326,0.025236250272386924,0.02537416580509671,9.485235951148416e-16
power_law,25,18,18,42,0.19269296906640024,1.9749505885158325,0.09634648453320035,0.09571166021313474,0.023511316529950387,0.0226367261470051,0.02272083164462462,9.259839944540635e-16
power_law,25,24,24,36,0.14143081806864335,1.5619444612613598,0.07071540903432172,0.07027877797747958,0.021693673073074442,0.02187352093952078,0.022087513176281773,1.304327171287973e-15
power_law,25,30,30,30,0.11528103482574113,1.209287611766795,0.057640517412870435,0.056702445806455545,0.020154793529446585,0.02076337294678223,0.0210155214076893,1.7154550251543383e-15
power_law,25,36,36,24,0.08498868059547883,0.9011059991975334,0.04249434029773943,0.04238963449046709,0.018773041649948613,0.01843555666494861,0.018468095772057144,2.0407675939988032e-15
power_law,25,42,42,18,0.059989853830519586,0.6436865778995494,0.029994926915259776,0.031358329531722795,0.01788018271943193,0.018510033557811778,0.018630251773368016,2.898698903496594e-15
power_law,25,48,48,12,0.052700689320974485,0.4062702484056782,0.026350344660487284,0.026376531358433205,0.01692792701690326,0.016401816786576005,0.016624340418325348,3.0323792104141038e-15
power_law,25,54,54,6,0.03844966420082352,0.19288913850423361,0.019224832100411756,0.01984503807169749,0.0160740948753528,0.015947873277808354,0.01608559446513779,2.9528590806546297e-15
power_law,25,60,60,0,0.0,0.0,0.0,0.0,0.0,0.0,0.0,0.0
power_law,26,6,6,54,0.5316702338507918,3.407366137641409,0.26583511692539613,0.27006817107307785,0.03154968645964268,0.03147951264383686,0.031618131129242326,8.282253104289264e-16
power_law,26,12,12,48,0.32107255254040357,2.4376964756055974,0.16053627627020176,0.16256979515771472,0.02539267162089164,0.024936336801575913,0.024914005653337838,9.823555621514594e-16
power_law,26,18,18,42,0.2211112346338179,1.957171434159007,0.11055561731690915,0.11208492843354967,0.02329965993046437,0.023412968790427098,0.023508444373420118,1.0346341974618083e-15
power_law,26,24,24,36,0.15492266750967856,1.556602216287855,0.07746133375483928,0.07951920763394202,0.02161947522622021,0.021201649289842077,0.02134495407589233,1.1476453935501976e-15
power_law,26,30,30,30,0.11264733814290538,1.2521120069794571,0.05632366907145269,0.056814446125246734,0.02086853344965762,0.02056390671361015,0.020605514163371946,1.3513551002385482e-15
power_law,26,36,36,24,0.08454961038974103,0.9439274020133678,0.04227480519487048,0.04139217874031844,0.01966515420861183,0.0183927100137265,0.018521050873178003,2.088495229427505e-15
power_law,26,42,42,18,0.07342572853203522,0.6849557718122126,0.03671286426601756,0.03599262627993689,0.019026549217005903,0.01817826136307173,0.018153023064984265,2.8027815991688746e-15
power_law,26,48,48,12,0.06356718565558322,0.43493064270167825,0.031783592827791605,0.030614781845095567,0.018122110112569926,0.018125076214136566,0.01807389132510055,2.321393009254805e-15
power_law,26,54,54,6,0.050911809045692376,0.20982903366864325,0.0254559045228462,0.02500854724320807,0.017485752805720272,0.017322101785924582,0.01733349617560019,2.7372529529181246e-15
power_law,26,60,60,0,0.0,0.0,0.0,0.0,0.0,0.0,0.0,0.0
power_law,27,6,6,54,0.30310356979537445,2.979059095871426,0.15155178489768728,0.1500017497438204,0.027583880517328015,0.029060798840251187,0.028836707873297618,9.97627694193476e-16
power_law,27,12,12,48,0.24443651138645756,2.4582631670952457,0.12221825569322879,0.12156911821666971,0.025606907990575477,0.02628519682730839,0.026210593365652655,9.938468513332676e-16
power_law,27,18,18,42,0.16724466809557098,1.9304223600648294,0.08362233404778548,0.0820211329072836,0.02298121857220035,0.023066740452102732,0.02297521659453477,9.92999559249956e-16
power_law,27,24,24,36,0.14813756284714855,1.5572258153442637,0.07406878142357419,0.07516372937380031,0.021628136324225885,0.02222655058206738,0.022161879613579204,1.0854183374362134e-15
power_law,27,30,30,30,0.1257952540789089,1.231771793511347,0.06289762703945448,0.06307770780258726,0.020529529891855785,0.0207782865661126,0.020497314977526035,1.5415483973343464e-15
power_law,27,36,36,24,0.08482122382357332,0.9137200868268642,0.042410611911786696,0.04260346988439788,0.01903583514222634,0.01894090369377485,0.018838896414488604,2.3259062610501224e-15
power_law,27,42,42,18,0.06970934915134994,0.6530954405124522,0.034854674575674975,0.03543204966651898,0.01814154001423478,0.017781023535251735,0.017696146221336147,2.6370705730466072e-15
power_law,27,48,48,12,0.05171468434255294,0.4071254941569311,0.025857342171276453,0.025285809203935982,0.016963562256538795,0.017262868037554457,0.01707741454595258,3.593534352652726e-15
power_law,27,54,54,6,0.04267200632011872,0.20436139460144928,0.021336003160059357,0.02137246779954721,0.01703011621678744,0.016814830343333073,0.016388254451651645,3.614999415995723e-15
power_law,27,60,60,0,0.0,0.0,0.0,0.0,0.0,0.0,0.0,0.0
power_law,28,6,6,54,0.273987049882776,3.0097473013657927,0.13699352494138797,0.13467557775999908,0.027868030568201783,0.029720568719228242,0.029512641527870774,1.0874746668478182e-15
power_law,28,12,12,48,0.25850282134669816,2.373554216454179,0.12925141067334894,0.12730549800398272,0.024724523088064363,0.024125784709379674,0.02387855631840348,1.1652593801197345e-15
power_law,28,18,18,42,0.24142066912741006,2.017172067177058,0.12071033456370464,0.11920412850760305,0.024013953180679264,0.023794705650344666,0.02383887310231731,1.5095717104702698e-15
power_law,28,24,24,36,0.1413803263379816,1.5606050722446274,0.07069016316899072,0.06855752230231998,0.021675070447842046,0.020471703292137385,0.020278586030772233,1.1703985676952945e-15
power_law,28,30,30,30,0.1297189526148546,1.263889060581398,0.06485947630742725,0.06495450633754891,0.021064817676356633,0.02165568165522139,0.0216027648062675,1.3231189574576424e-15
power_law,28,36,36,24,0.08931238657006606,0.9307153557114288,0.04465619328503306,0.04504491739393584,0.0193899032439881,0.019732455362838783,0.01972288409879321,2.179527524134612e-15
power_law,28,42,42,18,0.06600039875125702,0.6392957996703279,0.03300019937562854,0.03308839020884177,0.01775821665750911,0.017779124667060588,0.01778307254488109,2.1468888617537994e-15
power_law,28,48,48,12,0.053938443060298824,0.4019415461266356,0.026969221530149454,0.026940529233667715,0.01674756442194315,0.016871472160895212,0.016947599554014203,2.570613680499921e-15
power_law,28,54,54,6,0.04134417968697943,0.18572017642384062,0.020672089843489692,0.01992193019715236,0.015476681368653385,0.015285964173220281,0.015291338769451079,2.9390288460847395e-15
power_law,28,60,60,0,0.0,0.0,0.0,0.0,0.0,0.0,0.0,0.0
power_law,29,6,6,54,0.5562385295630707,3.418806149919247,0.27811926478153454,0.2796871494941727,0.031655612499252285,0.03256019992176832,0.03270519839895876,9.025640282178085e-16
power_law,29,12,12,48,0.3197441028801953,2.6369545703127537,0.15987205144009753,0.16053786288048727,0.027468276774091183,0.02742615591589894,0.027548462057036135,1.1110205437589506e-15
power_law,29,18,18,42,0.23364793260865563,2.0666796891400896,0.11682396630432786,0.11709434408784697,0.024603329632620113,0.02449098383154194,0.024581958703076983,1.001220315204509e-15
power_law,29,24,24,36,0.16575030777945587,1.6084627524002393,0.08287515388972788,0.08407390546890561,0.022339760450003323,0.02348341047767337,0.023512604183682513,1.1788326430092008e-15
power_law,29,30,30,30,0.13116738527843802,1.2719951234949816,0.065583692639219,0.06684692325440163,0.021199918724916358,0.021158559826542363,0.021270012884878967,1.1363587732089085e-15
power_law,29,36,36,24,0.10306329358558074,0.9246621798797147,0.0515316467927904,0.05268761564984141,0.019263795414160723,0.01879529521489945,0.019094262544425193,1.842733753530298e-15
power_law,29,42,42,18,0.06544742189388632,0.6389279923089739,0.032723710946943145,0.03335323311818647,0.017747999786360387,0.017437070218252387,0.017481210005264418,1.921112479776855e-15
power_law,29,48,48,12,0.05712804107103703,0.4195199797616879,0.02856402053551849,0.02902489659560317,0.017479999156736998,0.017680941422883706,0.017873763635356685,3.306267144293397e-15
power_law,29,54,54,6,0.04468455748877407,0.1940557479361151,0.02234227874438703,0.023219199338858923,0.016171312328009592,0.016172920088389553,0.016528854802999877,3.3206572682145193e-15
power_law,29,60,60,0,0.0,0.0,0.0,0.0,0.0,0.0,0.0,0.0
power_law,30,6,6,54,0.5566796648022576,3.4077561046582208,0.2783398324011284,0.26493611173798426,0.03155329726535389,0.029888612743105836,0.02957290584699232,7.441673920903001e-16
power_law,30,12,12,48,0.27952459326929846,2.538583543898288,0.13976229663464906,0.1390813543711652,0.026443578582273836,0.025989538830056745,0.02598517959801839,8.680850148421438e-16
power_law,30,18,18,42,0.22255059392388357,2.054941693989235,0.11127529696194197,0.10781787183979988,0.02446359159510994,0.025195412613596223,0.02514634699253301,1.1586456014286318e-15
power_law,30,24,24,36,0.17656384043064546,1.629454669736018,0.08828192021532276,0.08771614119491725,0.022631314857444695,0.023079323754789632,0.023107725898608295,1.1766703186287702e-15
power_law,30,30,30,30,0.11097326844947555,1.2360950497611416,0.05548663422473785,0.05476964724681825,0.020601584162685694,0.01950414212202248,0.019447608592444418,1.3830311524536137e-15
power_law,30,36,36,24,0.09415348940090333,0.952087432983542,0.047076744700451666,0.04662759813459933,0.019835154853823794,0.02000445086198645,0.020044769511191707,2.543072387316999e-15
power_law,30,42,42,18,0.057800897036578015,0.642397081500974,0.028900448518289042,0.028853629582450323,0.017844363375027053,0.01781984126039558,0.017831840110799684,2.3648166626393032e-15
power_law,30,48,48,12,0.05068917346775321,0.41293378468709774,0.025344586733876608,0.025131786956567564,0.017205574361962406,0.017062742800375987,0.01704274344794636,2.8258606773202596e-15
power_law,30,54,54,6,0.04374478471174429,0.20680252265478105,0.021872392355872156,0.022048001039957067,0.01723354355456509,0.017159508136533552,0.017194311455211053,3.2810650858620664e-15
power_law,30,60,60,0,0.0,0.0,0.0,0.0,0.0,0.0,0.0,0.0
power_law,31,6,6,54,0.3760201520921549,3.165435462426642,0.1880100760460777,0.17958370513678681,0.0293095876150615,0.029265255699029435,0.028841461700921785,8.105375145987244e-16
power_law,31,12,12,48,0.28196193728273783,2.511146670509329,0.1409809686413688,0.13607234305023191,0.02615777781780551,0.025541549231793106,0.025089329746016846,1.0578024533662887e-15
power_law,31,18,18,42,0.23062279675321262,2.083895278421127,0.11531139837660649,0.11287000214231363,0.024808277124061036,0.025899552303817047,0.02548920372771303,1.0382862331028144e-15
power_law,31,24,24,36,0.15574059824713582,1.5940891374073296,0.07787029912356797,0.07656941325569809,0.022140126908435132,0.022097313974129867,0.02188399820956876,1.3606683872404906e-15
power_law,31,30,30,30,0.1131450961061328,1.245249276414743,0.056572548053066433,0.05470831233248321,0.020754154606912382,0.021635560814226747,0.02144448550204004,1.2856779351155671e-15
power_law,31,36,36,24,0.09513317201690293,0.9639798912634472,0.04756658600845149,0.04666757797196281,0.020082914401321816,0.019812783892336365,0.019560277039994398,1.8376799573416554e-15
power_law,31,42,42,18,0.08389260451251898,0.6958747445543122,0.0419463022562595,0.04149241414170897,0.019329854015397562,0.018699733532514206,0.018563142280339465,2.3325621905676203e-15
power_law,31,48,48,12,0.07684823605987115,0.44558004225965575,0.03842411802993557,0.037704784763611006,0.018565835094152324,0.018869331812930365,0.018618647010155174,2.7141454757864294e-15
power_law,31,54,54,6,0.04959981340901865,0.20713636354677162,0.02479990670450933,0.023992065506094527,0.017261363628897634,0.017274859437019598,0.017183607894006327,2.836322072321815e-15
power_law,31,60,60,0,0.0,0.0,0.0,0.0,0.0,0.0,0.0,0.0
power_law,32,6,6,54,0.5510291958234602,3.2472149187040573,0.27551459791173055,0.28265649039977764,0.030066804802815345,0.029771294861191643,0.029801592314933976,8.41077320096318e-16
power_law,32,12,12,48,0.2171558911213827,2.3880274615180115,0.10857794556069132,0.1071386872680926,0.024875286057479285,0.025726038931633454,0.025660106210278325,9.426856865452818e-16
power_law,32,18,18,42,0.1639137871035279,1.8839645883697673,0.08195689355176393,0.08123751119377254,0.02242814986154485,0.022063323555887204,0.022347369692975905,1.420485317969286e-15
power_law,32,24,24,36,0.1365456259984924,1.5100321089760382,0.06827281299924619,0.06699315622036757,0.020972668180222753,0.021529693106266345,0.02159150062604241,1.4418682964115128e-15
power_law,32,30,30,30,0.11421285781994767,1.19759235893908,0.057106428909973854,0.05531508935291921,0.019959872648984668,0.01986554659282498,0.019915068340393034,1.395950005436935e-15
power_law,32,36,36,24,0.07898044317206757,0.8876957857332202,0.03949022158603382,0.038223129754772225,0.01849366220277542,0.01870565339612317,0.0186723224584044,1.9872085757229962e-15
power_law,32,42,42,18,0.06175587639857491,0.6321408358224709,0.03087793819928741,0.03071586620299606,0.017559467661735304,0.016893451517901652,0.016851743136208748,1.926354859627402e-15
power_law,32,48,48,12,0.05217405784202279,0.4036910848984564,0.026087028921011366,0.026037723896568665,0.016820461870769018,0.016882937026636513,0.016924733126733045,2.4719557986090702e-15
power_law,32,54,54,6,0.04088657153657756,0.1980847792691922,0.02044328576828877,0.01964478163381032,0.016507064939099352,0.016325215860686103,0.01626234418744726,3.400705337349221e-15
power_law,32,60,60,0,0.0,0.0,0.0,0.0,0.0,0.0,0.0,0.0
power_law,33,6,6,54,0.3717295841026305,3.0965509925466286,0.18586479205131565,0.1892479920093688,0.02867176844950582,0.027389955309048558,0.02759076773441397,1.000463690324275e-15
power_law,33,12,12,48,0.24826797976379908,2.4040010978556454,0.12413398988189961,0.12823031482633784,0.025041678102662973,0.0237922246836587,0.02394583216840127,8.808288601034221e-16
power_law,33,18,18,42,0.18441848637751518,1.8966542097905963,0.09220924318875781,0.09356028293157459,0.022579216783221383,0.023203592921263443,0.023245157263746513,1.0856607823345331e-15
power_law,33,24,24,36,0.12696482986060725,1.5258744561561077,0.06348241493030365,0.06367294393709591,0.02119270077994594,0.020878241440189647,0.020895584023754212,1.2424025677032088e-15
power_law,33,30,30,30,0.09289403843159663,1.1984618991860554,0.04644701921579825,0.04703221410725196,0.019974364986434255,0.02088844381845364,0.020949641177274145,1.2774600690667796e-15
power_law,33,36,36,24,0.08362009858462556,0.9269699725131908,0.0418100492923127,0.04233157272186324,0.01931187442735814,0.018985814535739262,0.019208257256192927,2.41332651521716e-15
power_law,33,42,42,18,0.0715943116389869,0.6797460812694338,0.0357971558194934,0.037564037505832884,0.018881835590817606,0.01947289862692069,0.019678061076644854,2.509416397548557e-15
power_law,33,48,48,12,0.062036461228757375,0.4510255976406608,0.03101823061437867,0.03351129772925675,0.018792733235027535,0.018544081397962143,0.01888583083360444,2.5354378403569375e-15
power_law,33,54,54,6,0.04641780328329777,0.2142176125565311,0.023208901641648887,0.02393615898423025,0.01785146771304426,0.018231822614040293,0.018391929424553026,3.341468798634288e-15
power_law,33,60,60,0,0.0,0.0,0.0,0.0,0.0,0.0,0.0,0.0
power_law,34,6,6,54,0.5482537630573717,3.4612060714575046,0.27412688152868603,0.2804760895488858,0.03204820436534726,0.036671494667536705,0.03729611584356783,6.556303782030629e-16
power_law,34,12,12,48,0.41506483882179923,2.7334336146407203,0.20753241941089987,0.21580107437539606,0.02847326681917417,0.02840844616280317,0.028539499727633415,9.851074938613185e-16
power_law,34,18,18,42,0.19848964576811973,2.0976594669034023,0.09924482288405984,0.10422988418255638,0.024972136510754788,0.024567779936692707,0.02479288084735029,1.1678837482043028e-15
power_law,34,24,24,36,0.17081761508810533,1.6276368137147672,0.08540880754405276,0.09053822463342923,0.022606066857149543,0.022008745562245267,0.022272013830696706,1.2302960378339856e-15
power_law,34,30,30,30,0.13213073835081662,1.2541764445481876,0.06606536917540835,0.0692220034877234,0.020902940742469792,0.02106398366075513,0.02132281477547832,1.5607022024730502e-15
power_law,34,36,36,24,0.08847395612871872,0.9345041746423193,0.04423697806435935,0.045071380646870406,0.019468836971714986,0.018730009812460528,0.018859710095181177,2.1287839963940394e-15
power_law,34,42,42,18,0.07502549416884587,0.677739581843819,0.03751274708442291,0.03780743447004757,0.01882609949566164,0.018251468698664335,0.01830134803061372,2.1472378192304147e-15
power_law,34,48,48,12,0.0681598631477719,0.4325667263264931,0.034079931573885995,0.03506313937654136,0.018023613596937212,0.018882459208187295,0.01905071063685538,2.7414348993331865e-15
power_law,34,54,54,6,0.04173035997985055,0.1936096071037231,0.020865179989925285,0.021344932165383086,0.016134133925310257,0.01618949753597134,0.01633275587819698,3.1164919192626426e-15
power_law,34,60,60,0,0.0,0.0,0.0,0.0,0.0,0.0,0.0,0.0
power_law,35,6,6,54,0.5630222576898376,3.5257728490787246,0.2815111288449191,0.28430395237842454,0.032646044898877076,0.033533320318900814,0.033621481987698834,8.819078212940037e-16
power_law,35,12,12,48,0.3060057365388959,2.5580303636269366,0.153002868269448,0.15229072496500123,0.02664614962111392,0.026659154549786276,0.026550514274183708,1.0124699416540071e-15
power_law,35,18,18,42,0.20272774335937618,1.997689217606,0.10136387167968813,0.10141372562549578,0.023782014495309523,0.02361278858069956,0.023497089088045153,1.1832288840895633e-15
power_law,35,24,24,36,0.17105206286640173,1.5547135422495426,0.08552603143320081,0.085069358628276,0.021593243642354758,0.021783275030959358,0.02184371887761684,1.3678823305285414e-15
power_law,35,30,30,30,0.11355008452354508,1.1985195327573597,0.056775042261772594,0.057902679982995,0.019975325545955994,0.020358377826368082,0.02026444363517397,1.3968872051027148e-15
power_law,35,36,36,24,0.09133910361843457,0.9127154240955871,0.04566955180921725,0.04620113632190817,0.019014904668658066,0.019530153988738235,0.019518849650611392,1.9242907339730855e-15
power_law,35,42,42,18,0.06446227978074129,0.6491312082199716,0.03223113989037062,0.031995992712661875,0.018031422450554765,0.01721470221653927,0.016989492760860675,2.1568245450666554e-15
power_law,35,48,48,12,0.05212836072391945,0.40200574211790147,0.026064180361959677,0.025154639418430595,0.01675023925491256,0.016894316815475714,0.016907558909885857,2.7636823413637843e-15
power_law,35,54,54,6,0.045534822023446046,0.1950336794438879,0.022767411011723027,0.022319578671805194,0.01625280662032399,0.01644196234903936,0.016389805569953272,4.45089921357198e-15
power_law,35,60,60,0,0.0,0.0,0.0,0.0,0.0,0.0,0.0,0.0
power_law,36,6,6,54,0.3868923298554378,3.163453981470188,0.19344616492771877,0.18888544355423817,0.029291240569168406,0.02945157707145576,0.029459565410321163,9.619737419837417e-16
power_law,36,12,12,48,0.259270737528696,2.485942452082224,0.12963536876434825,0.1350637709480043,0.025895233875856502,0.024845782579367114,0.024699368676787823,1.032770673223449e-15
power_law,36,18,18,42,0.2312339962791664,2.0112354280337765,0.1156169981395831,0.12032712274827716,0.023943278905164005,0.02374967091074337,0.023976943704174736,1.1894225647617213e-15
power_law,36,24,24,36,0.14293094660612776,1.564442412744534,0.07146547330306378,0.07289221413023864,0.021728366843674084,0.021743768784883814,0.021920815348803156,1.2331309052629603e-15
power_law,36,30,30,30,0.11538937904988808,1.2273652592780164,0.05769468952494405,0.05998216500444306,0.020456087654633606,0.020256425823500575,0.020603393054315654,1.4363216275045436e-15
power_law,36,36,36,24,0.08190311874584746,0.9105472807233066,0.0409515593729237,0.041750311992972355,0.01896973501506889,0.019608499486148727,0.01959519836671341,2.390406613733365e-15
power_law,36,42,42,18,0.06771485537739647,0.6382661133105667,0.033857427688698316,0.03432687032126413,0.017729614258626854,0.01783524168095805,0.01789430038864296,2.0170854846680562e-15
power_law,36,48,48,12,0.05506546604825914,0.407314107712689,0.027532733024129567,0.02762839660032037,0.016971421154695375,0.017013311380357155,0.0172181050497077,2.3229848229534736e-15
power_law,36,54,54,6,0.04522115187799119,0.20218407268351377,0.022610575938995583,0.02257625714042927,0.016848672723626147,0.016717970926571707,0.016806343354656677,3.3050835515591092e-15
power_law,36,60,60,0,0.0,0.0,0.0,0.0,0.0,0.0,0.0,0.0
power_law,37,6,6,54,0.39113578511541286,3.3015969932883538,0.1955678925577063,0.19591282784983352,0.03057034253044772,0.028157560361000936,0.027921735506022817,7.942855646413677e-16
power_law,37,12,12,48,0.28749306973366995,2.5857580255439054,0.1437465348668351,0.14504460821318932,0.026934979432749015,0.0260982872828691,0.02604440646585114,9.151560453295658e-16
power_law,37,18,18,42,0.20602465231913036,2.040364049281047,0.10301232615956521,0.09863364381589443,0.02429004820572675,0.023749507122070086,0.02370397315449814,1.212942025816657e-15
power_law,37,24,24,36,0.18664649830734462,1.6273206847920039,0.09332324915367225,0.08964024418899363,0.02260167617766672,0.02219902463400187,0.02200981549750642,1.1402561572532974e-15
power_law,37,30,30,30,0.11759808215984248,1.2348509470797542,0.05879904107992119,0.05778877245767426,0.020580849117995903,0.02122315735164459,0.02093735092189964,1.288310272050027e-15
power_law,37,36,36,24,0.09491784244192844,0.9108697273728142,0.047458921220964234,0.04528616405148254,0.018976452653600297,0.019122795337872013,0.01883721697544366,2.0685171029612285e-15
power_law,37,42,42,18,0.07131917313587038,0.6407076616357417,0.035659586567935206,0.034004786807064355,0.01779743504543727,0.017468184151427524,0.017213281768595982,3.1072369470499317e-15
power_law,37,48,48,12,0.05123873614734698,0.4191084645799583,0.025619368073673474,0.024701077295000925,0.017462852690831598,0.01754439038431823,0.01731439120877982,2.6650111309656664e-15
power_law,37,54,54,6,0.0448037974203843,0.20433171456090216,0.022401898710192155,0.02233352647440892,0.01702764288007518,0.017171303529738093,0.01686602458796064,3.871776804857761e-15
power_law,37,60,60,0,0.0,0.0,0.0,0.0,0.0,0.0,0.0,0.0
power_law,38,6,6,54,0.38702796028704745,3.2657789608645764,0.19351398014352383,0.19879056322739846,0.030238694082079413,0.02743090336281094,0.027614195583906292,8.799653316910796e-16
power_law,38,12,12,48,0.32056775021645734,2.510574094922343,0.16028387510822856,0.16504905736624306,0.026151813488774406,0.02623245975112184,0.02623347304287681,7.563206480819e-16
power_law,38,18,18,42,0.13915299163231049,1.8947732484904436,0.06957649581615521,0.06805127513923616,0.022556824386790995,0.0227193357166669,0.022831850064116012,1.3544391143920422e-15
power_law,38,24,24,36,0.12963496139654468,1.5125084474483248,0.06481748069827231,0.06305944979761735,0.02100706177011562,0.021075761190476352,0.021146213185568887,1.4562154280030872e-15
power_law,38,30,30,30,0.10190803815164874,1.189599433787948,0.05095401907582442,0.051101538222651996,0.019826657229799136,0.019251195695280242,0.019366756350965828,1.8704796027015193e-15
power_law,38,36,36,24,0.0826802079069028,0.9169460204044103,0.041340103953451356,0.04205594960059372,0.01910304209175855,0.019263891112936637,0.01934647576530229,2.4754163010390014e-15
power_law,38,42,42,18,0.06986531007283671,0.6589812221954191,0.03493265503641838,0.03573457128125031,0.01830503394987275,0.018089356640877248,0.018134905356280883,2.0654565670629707e-15
power_law,38,48,48,12,0.057749114499948226,0.4144273606297402,0.02887455724997413,0.029289243074495614,0.017267806692905844,0.017804582024320566,0.01787555280272038,2.4623785480772224e-15
power_law,38,54,54,6,0.04313247472523056,0.20561065054175526,0.02156623736261532,0.020791516695177356,0.017134220878479604,0.017593387662666937,0.017478523686007046,2.9351698869907855e-15
power_law,38,60,60,0,0.0,0.0,0.0,0.0,0.0,0.0,0.0,0.0
power_law,39,6,6,54,0.610853435603305,3.3243017611960393,0.30542671780165226,0.31422459873643316,0.03078057186292629,0.02960362986088158,0.029413511948438647,9.083172361065157e-16
power_law,39,12,12,48,0.47100680551512997,2.591888585502368,0.23550340275756518,0.23688972116986817,0.026998839432316332,0.025989241002816577,0.02567593087928441,1.0322451303559258e-15
power_law,39,18,18,42,0.22391541342463103,1.918922805686474,0.11195770671231565,0.11419062880853695,0.022844319115315165,0.02245884076989832,0.022385334421085357,9.622802669542034e-16
power_law,39,24,24,36,0.15310466993305677,1.5223504062727697,0.07655233496652836,0.07535556366049273,0.021143755642677356,0.020885994192782923,0.020746973596333596,1.2523655536778795e-15
power_law,39,30,30,30,0.09919594029401861,1.1807745390387412,0.04959797014700929,0.04889892600202835,0.019679575650645688,0.02038641376229137,0.02020623935192256,1.3609140253767425e-15
power_law,39,36,36,24,0.07996009911069579,0.8884019348057011,0.03998004955534786,0.03841003382978115,0.01850837364178544,0.018394845640562638,0.018268819170425218,2.0816133000189923e-15
power_law,39,42,42,18,0.06599010985231885,0.6492127848765514,0.032995054926159395,0.03306804904104464,0.018033688468793094,0.01796798449034618,0.017957254693086983,2.6128780221258724e-15
power_law,39,48,48,12,0.052132694945789614,0.39726009671205326,0.026066347472894807,0.026279371367878644,0.016552504029668885,0.016369899101835693,0.016286799565109686,2.7455112545176724e-15
power_law,39,54,54,6,0.03601215830736193,0.17946638570214452,0.01800607915368098,0.017769061416772265,0.014955532141845376,0.015256721147382763,0.015191010887445615,3.3108325230119957e-15
power_law,39,60,60,0,0.0,0.0,0.0,0.0,0.0,0.0,0.0,0.0
power_law,40,6,6,54,0.4667293941018107,3.2011078961558437,0.23336469705090557,0.22965692905177276,0.02963988792736892,0.028032499255326776,0.027960249870893697,7.101217911386325e-16
power_law,40,12,12,48,0.259743339943915,2.443437789614668,0.12987166997195745,0.1259983023683977,0.025452476975152794,0.0255796127124248,0.025612069118890267,9.288243931511297e-16
power_law,40,18,18,42,0.19292222337184978,1.9385732159701616,0.09646111168592476,0.0956894533088089,0.023078252571073352,0.0236407915160408,0.023590766301234238,1.0658695567361905e-15
power_law,40,24,24,36,0.12317139221891722,1.5087905501583476,0.06158569610945861,0.061362529889643094,0.02095542430775483,0.02072109047157672,0.020722985923016097,1.3210676412196354e-15
power_law,40,30,30,30,0.10791028745903399,1.1641213492852371,0.05395514372951696,0.05284726667092611,0.019402022488087287,0.019486489290314275,0.01949464666096211,1.2116164753789207e-15
power_law,40,36,36,24,0.0893026255367247,0.8845131825356333,0.044651312768362296,0.043257007294903047,0.01842735796949236,0.018339303318707173,0.018181661133395276,2.1700447681508643e-15
power_law,40,42,42,18,0.07254834746459718,0.6198556239688346,0.03627417373229863,0.03648628574118001,0.017218211776912073,0.017211119136101696,0.01724931218313958,2.5468583438516016e-15
power_law,40,48,48,12,0.06022742862699133,0.39949363495152607,0.03011371431349561,0.030048660910738115,0.016645568122980254,0.01699656177493214,0.016813489722204582,2.6681324055858757e-15
power_law,40,54,54,6,0.04783629110258424,0.199828815100049,0.02391814555129216,0.023907666583085904,0.016652401258337415,0.016728188674377118,0.016559259976649573,3.2603201818347544e-15
power_law,40,60,60,0,0.0,0.0,0.0,0.0,0.0,0.0,0.0,0.0
power_law,41,6,6,54,0.48574104127346784,3.282809432789854,0.24287052063673414,0.25388442916545423,0.030396383636943095,0.032036249474670056,0.03245570878546451,7.800598716528298e-16
power_law,41,12,12,48,0.3568785307089361,2.710136009307513,0.17843926535446805,0.17779929266653743,0.02823058343028659,0.026562298631462262,0.026630227962130555,8.582425707763718e-16
power_law,41,18,18,42,0.20947777009592994,2.053448228525102,0.10473888504796516,0.10671827023753377,0.02444581224434645,0.023921474465299797,0.023972035359205168,1.2933291222034287e-15
power_law,41,24,24,36,0.1636364600645383,1.5958431891438305,0.08181823003226919,0.08216359454469527,0.022164488738108758,0.022250770658754256,0.022349325496992527,1.1823427404451231e-15
power_law,41,30,30,30,0.1286256952415773,1.251513766928718,0.06431284762078868,0.06378628541560111,0.0208585627821453,0.020728049301090644,0.020826430283540476,1.4189925547946139e-15
power_law,41,36,36,24,0.11132404658295211,0.966426719912808,0.05566202329147605,0.05433243839908759,0.0201338899981835,0.020913308630127077,0.020962054062232588,2.0601947876503356e-15
power_law,41,42,42,18,0.08684553264982811,0.7129822818507295,0.04342276632491414,0.042719100538263596,0.019805063384742486,0.019772960231488258,0.019769980882576522,2.37752497184539e-15
power_law,41,48,48,12,0.06880132137502427,0.44905654421216135,0.034400660687512144,0.03429841072769837,0.01871068934217339,0.019077335667623582,0.01904547799790749,3.478343020011375e-15
power_law,41,54,54,6,0.04735709392560483,0.21502951712131596,0.02367854696280242,0.023740392387817645,0.01791912642677633,0.01842840175647392,0.018284161892310843,3.576861221582257e-15
power_law,41,60,60,0,0.0,0.0,0.0,0.0,0.0,0.0,0.0,0.0
power_law,42,6,6,54,0.47446006931218393,3.3974093700129107,0.23723003465609213,0.24284383960033668,0.03145749416678621,0.032191131269111634,0.03251750556545291,9.701071677961171e-16
power_law,42,12,12,48,0.337848489710335,2.591705975993624,0.16892424485516783,0.1745553819732363,0.026996937249933583,0.025067689157672594,0.025177283323868146,1.0935186500361684e-15
power_law,42,18,18,42,0.22377156790718192,2.025866202206196,0.11188578395359099,0.11278782753117164,0.024117454788169,0.023232021363842982,0.02349280760300331,1.103413601290863e-15
power_law,42,24,24,36,0.1491612873325962,1.5527773028858687,0.07458064366629814,0.0777893555446027,0.0215663514289704,0.02229865774411885,0.022470443623591338,1.0572438208126337e-15
power_law,42,30,30,30,0.13066470034203145,1.234088571910137,0.06533235017101585,0.06689694621779213,0.02056814286516895,0.021047043666639013,0.02107114550596883,1.3378454894971898e-15
power_law,42,36,36,24,0.11414849064579377,0.9304970704013515,0.0570742453228969,0.05806430975098006,0.01938535563336149,0.019182138284531084,0.019504275359137756,2.037456089130504e-15
power_law,42,42,42,18,0.07701158340170546,0.6624389729775028,0.038505791700852755,0.038603831153408985,0.01840108258270841,0.01866490714890524,0.01879112334101847,2.2109997263146184e-15
power_law,42,48,48,12,0.0625361787398095,0.42960742805694646,0.03126808936990476,0.030532615287986217,0.017900309502372768,0.017837700242697957,0.017854678809603366,2.3886569721309032e-15
power_law,42,54,54,6,0.04908631383152455,0.20960606960381045,0.02454315691576227,0.024648132185010486,0.017467172466984204,0.0172756534820041,0.01733225513939232,4.255472226826053e-15
power_law,42,60,60,0,0.0,0.0,0.0,0.0,0.0,0.0,0.0,0.0
power_law,43,6,6,54,0.5053075375565501,3.397022163746823,0.2526537687782753,0.25222219198677026,0.03145390892358169,0.029869675915880446,0.02987272114483932,7.580649717157526e-16
power_law,43,12,12,48,0.2730623869168861,2.5134451396890443,0.136531193458443,0.1395079191861589,0.02618172020509421,0.026341711377259394,0.02631526623827433,9.943663342724287e-16
power_law,43,18,18,42,0.2114233092394181,1.9699865308715538,0.1057116546197089,0.10602813936013099,0.023452220605613736,0.022835110106803398,0.022839166110043066,9.75811975113385e-16
power_law,43,24,24,36,0.1643304723534174,1.5560772181847575,0.08216523617670875,0.08252587633264764,0.02161218358589941,0.022299661888212245,0.022280683720017333,1.5529865867069696e-15
power_law,43,30,30,30,0.11207558335859252,1.2270114709000814,0.056037791679296234,0.05561846286011614,0.020450191181668024,0.020487454600716264,0.0204165299283807,1.549042898469141e-15
power_law,43,36,36,24,0.08837946982010357,0.9276975465188778,0.044189734910051834,0.04440525684436415,0.019327032219143288,0.01913189059414195,0.019227984918697618,2.1756541862294403e-15
power_law,43,42,42,18,0.07484047342861122,0.6563394208323466,0.03742023671430562,0.03859019922093267,0.018231650578676296,0.018251958165381107,0.01834358726325539,2.663197780029294e-15
power_law,43,48,48,12,0.06189704288132932,0.4334371210232471,0.030948521440664623,0.031433424177267154,0.018059880042635295,0.01889908759868546,0.018951490877474518,2.709114441462552e-15
power_law,43,54,54,6,0.05194386030390019,0.22240244147373062,0.02597193015195011,0.026144183191326435,0.018533536789477553,0.018240706360029092,0.01827405050218556,3.5328311727532335e-15
power_law,43,60,60,0,0.0,0.0,0.0,0.0,0.0,0.0,0.0,0.0
power_law,44,6,6,54,0.5322746385689656,3.321721969976765,0.26613731928448237,0.26090851111010605,0.03075668490719227,0.029938750536519766,0.0301435648069943,8.757783220870624e-16
power_law,44,12,12,48,0.4192340548736533,2.6815331619159677,0.2096170274368266,0.20712784284441707,0.02793263710329133,0.02733722108286185,0.0273602314473112,8.383591699153597e-16
power_law,44,18,18,42,0.26203885241283137,2.0781373635928206,0.1310194262064158,0.12988777455115819,0.02473973051896215,0.025780830988031654,0.0257613369483658,1.212513123307613e-15
power_law,44,24,24,36,0.14732601918163749,1.5808393346189018,0.07366300959081885,0.07486552453416487,0.02195610186970697,0.023226479092094576,0.02328875795051165,1.1605146381814206e-15
power_law,44,30,30,30,0.12732383920292173,1.2360283519741604,0.06366191960146089,0.0640217290807094,0.02060047253290267,0.020819283685611402,0.02070355536350437,1.407239307003234e-15
power_law,44,36,36,24,0.1131293543511668,0.9628952364701914,0.056564677175583444,0.05702808090824949,0.02006031742646232,0.020218809845284264,0.02028741291120307,1.8754688402208084e-15
power_law,44,42,42,18,0.0826479902523988,0.6874737633880144,0.04132399512619939,0.04117294649396183,0.019096493427444843,0.019522083900437092,0.019431491487471426,2.163439207602161e-15
power_law,44,48,48,12,0.06353673757253973,0.4364854931530223,0.03176836878626989,0.03163928683175847,0.018186895548042595,0.018362497449191252,0.018463304194671383,2.2348068179636135e-15
power_law,44,54,54,6,0.05252480191481973,0.21389969617495508,0.026262400957409858,0.025890282177226255,0.017824974681246258,0.017644621722861867,0.01759108177951535,3.146048327833629e-15
power_law,44,60,60,0,0.0,0.0,0.0,0.0,0.0,0.0,0.0,0.0
power_law,45,6,6,54,0.4676796158951398,3.287387207497149,0.2338398079475702,0.23264306803480223,0.030438770439788418,0.03082362049107855,0.03090730850467104,1.0011224758423888e-15
power_law,45,12,12,48,0.2871596825654839,2.564088731621534,0.14357984128274187,0.14157754173096793,0.026709257621057646,0.026737013588939255,0.026496655552272708,8.287093887984367e-16
power_law,45,18,18,42,0.1873384267071368,1.9972718365138906,0.09366921335356854,0.09101363469526606,0.02377704567278441,0.02325379886959702,0.023124693314786848,9.934840776911147e-16
power_law,45,24,24,36,0.11051980116136774,1.5080107564510397,0.05525990058068389,0.0536782540687297,0.020944593839597774,0.020686793935399517,0.020632142166789606,1.1394352482587157e-15
power_law,45,30,30,30,0.09936380778435154,1.2064103315258174,0.04968190389217584,0.04804543027825122,0.020106838858763625,0.01980888053172993,0.019734925744869573,1.4749296606971905e-15
power_law,45,36,36,24,0.09068807068744175,0.9124232582534044,0.0453440353437209,0.04460495312227432,0.01900881788027926,0.01870628500253075,0.018715613718608918,2.1447316947545046e-15
power_law,45,42,42,18,0.06532870016889256,0.6460283570306178,0.03266435008444628,0.03157171456390004,0.01794523213973938,0.017966724141535613,0.0178216419372104,2.389197766810664e-15
power_law,45,48,48,12,0.048944128779731526,0.4023905413308966,0.02447206438986575,0.02457602510605269,0.016766272555454025,0.017093397445469123,0.01720743769301648,2.7603552891554946e-15
power_law,45,54,54,6,0.03854295567040597,0.18926442741339305,0.019271477835202954,0.01938830284662199,0.015772035617782756,0.01638649380006718,0.01642017572226227,2.834393722679376e-15
power_law,45,60,60,0,0.0,0.0,0.0,0.0,0.0,0.0,0.0,0.0
power_law,46,6,6,54,0.34495122306346043,3.2100041528070147,0.17247561153173024,0.1646609780738073,0.029722260674139026,0.028938723166735812,0.02920193070833627,1.0493917523898142e-15
power_law,46,12,12,48,0.25010389484409523,2.458726469893389,0.1250519474220476,0.12763444796591836,0.02561173406138947,0.025397754453068536,0.025648902275005905,9.762703611675636e-16
power_law,46,18,18,42,0.21689667158473655,2.0516488523822902,0.10844833579236807,0.11018632775253248,0.02442439109978917,0.024391204658660688,0.024672408242889986,1.1339524980150616e-15
power_law,46,24,24,36,0.14799887415489596,1.5924741916603506,0.073999437077448,0.07556133107650365,0.02211769710639376,0.02204115262258658,0.022341564076103812,1.5450169953033211e-15
power_law,46,30,30,30,0.10801841079275908,1.2205371277805543,0.0540092053963795,0.05388798845269886,0.02034228546300924,0.019942564510937063,0.01997381695448268,1.5865247680445573e-15
power_law,46,36,36,24,0.0971748877805527,0.9158411174430942,0.048587443890276395,0.04841336398795694,0.019080023280064463,0.019016659742156092,0.019196173553047927,1.9719757445561905e-15
power_law,46,42,42,18,0.06600607064910172,0.6524926998544868,0.033003035324550845,0.03369699458844874,0.018124797218180187,0.018363221497820336,0.01852228117439843,2.4477772151256673e-15
power_law,46,48,48,12,0.05688063995947368,0.4184294531403787,0.028440319979736825,0.029192375718737208,0.01743456054751578,0.017332957074052864,0.017395777412950945,2.8146795177816043e-15
power_law,46,54,54,6,0.04555340748245602,0.2048904600666479,0.022776703741227994,0.022739401671552258,0.017074205005553993,0.017477709328403125,0.017501160899736187,3.024840780398677e-15
power_law,46,60,60,0,0.0,0.0,0.0,0.0,0.0,0.0,0.0,0.0
power_law,47,6,6,54,0.6049175166236174,3.5193369037193394,0.3024587583118085,0.29157669171486417,0.03258645281221611,0.03324218684753979,0.033022195894287495,8.268672894617383e-16
power_law,47,12,12,48,0.2750473630789885,2.568635865427404,0.13752368153949426,0.13465362486489574,0.026756623598202123,0.028325455647576575,0.02838532200053654,9.49978344396299e-16
power_law,47,18,18,42,0.1626746625033602,1.9704297136170763,0.08133733125168012,0.08006505572223252,0.02345749659067948,0.022078121107893523,0.022172455582312463,1.2264131285671519e-15
power_law,47,24,24,36,0.13320220791665915,1.572148978833857,0.06660110395832947,0.06556451690912185,0.02183540248380357,0.020773917714122774,0.020792126658517908,1.4047992990959169e-15
power_law,47,30,30,30,0.116400899871597,1.2471534377296198,0.05820044993579852,0.058389788572022344,0.020785890628827,0.021047165975175287,0.02107567505207311,1.4229407428290042e-15
power_law,47,36,36,24,0.10517645161584492,0.9686255964149504,0.052588225807922453,0.05236232720596863,0.020179699925311465,0.020054990340274303,0.01990137608478003,1.893596159467677e-15
power_law,47,42,42,18,0.06431301521281356,0.6596599657321213,0.032156507606406766,0.03171809362473556,0.018323887937003368,0.018065126882419392,0.018143341159665833,2.5844458931127946e-15
power_law,47,48,48,12,0.05652843383969175,0.44082897841766094,0.028264216919845847,0.028237362582207347,0.018367874100735874,0.01870630557958982,0.018760750774305814,2.6366142260788088e-15
power_law,47,54,54,6,0.05148800975276263,0.21922670857333956,0.025744004876381347,0.02540713402065992,0.01826889238111163,0.018580272477298425,0.018661948655329108,3.8325780078491976e-15
power_law,47,60,60,0,0.0,0.0,0.0,0.0,0.0,0.0,0.0,0.0
power_law,48,6,6,54,0.5177052494837951,3.4336388118053294,0.2588526247418976,0.26868215665697104,0.03179295196116046,0.03377846244409075,0.03429369977307206,7.6599069881838e-16
power_law,48,12,12,48,0.4756384821902169,2.714614670905677,0.23781924109510846,0.24682647625618948,0.028277236155267466,0.028317267189911566,0.028886156417373302,1.362869017965514e-15
power_law,48,18,18,42,0.21313281959945887,2.042729962617202,0.10656640979972933,0.1104306364807831,0.024318213840680974,0.024623606242981794,0.02487132134176083,1.2050991142757493e-15
power_law,48,24,24,36,0.16126783376469575,1.6057836315138305,0.08063391688234799,0.08329833966930889,0.022302550437692092,0.021617463464117935,0.021860700889119497,1.203782430790106e-15
power_law,48,30,30,30,0.1108036646747308,1.2398169751461403,0.05540183233736542,0.05697247716050867,0.020663616252435672,0.021538312957379742,0.021940972005118624,1.4188726184251923e-15
power_law,48,36,36,24,0.09294673043432623,0.9445240911923178,0.04647336521716309,0.04698710618888963,0.019677585233173287,0.019009765058561716,0.019121770736496655,2.0622249556838167e-15
power_law,48,42,42,18,0.08211143727924367,0.6742764697181043,0.041055718639621853,0.041485441661382974,0.01872990193661401,0.019054041467513008,0.019477511104478533,2.7731708628955963e-15
power_law,48,48,48,12,0.0523694920876217,0.3971413928265081,0.02618474604381085,0.026441990029690412,0.01654755803443784,0.017202501068764857,0.017297210610732444,2.9178636182207883e-15
power_law,48,54,54,6,0.0469871725180782,0.20415805801896497,0.023493586259039082,0.02336530778978564,0.017013171501580413,0.016886415868265094,0.016964443972672563,3.400390499185954e-15
power_law,48,60,60,0,0.0,0.0,0.0,0.0,0.0,0.0,0.0,0.0
power_law,49,6,6,54,0.6832366033662001,3.538881738345276,0.3416183016831005,0.33937902069076664,0.032767423503197,0.03167632431164385,0.03177443529613685,6.912641396579984e-16
power_law,49,12,12,48,0.28050014589051625,2.598006839094016,0.14025007294525826,0.137126728005942,0.027062571240562664,0.026436559815743055,0.026374584927189183,8.547536559064916e-16
power_law,49,18,18,42,0.21286912977659359,2.0766669188359335,0.10643456488829674,0.10285576771855807,0.024722225224237303,0.023701845177779776,0.02383623423238244,1.1344738736862574e-15
power_law,49,24,24,36,0.12846186800078668,1.6030004386652363,0.06423093400039331,0.06433781475989797,0.022263894981461616,0.02205958775435119,0.02222481185324938,1.1881635537230578e-15
power_law,49,30,30,30,0.10925727270983707,1.24270455185994,0.05462863635491868,0.055182934771952755,0.020711742530999,0.02119195270433033,0.021353402572524847,1.3680248878064989e-15
power_law,49,36,36,24,0.08314359707347672,0.9397351884722761,0.04157179853673839,0.041691839480877096,0.019577816426505752,0.019321635719157952,0.019497077042811686,2.553276161382504e-15
power_law,49,42,42,18,0.06768974881132024,0.6709105270312083,0.0338448744056601,0.0339688170201561,0.018636403528644676,0.0184892100788809,0.018562848918899217,1.813635010141724e-15
power_law,49,48,48,12,0.059231711704443094,0.4278370566002968,0.029615855852221533,0.030040520631629278,0.017826544025012367,0.017628273535828007,0.017722694931104656,2.55359710121397e-15
power_law,49,54,54,6,0.04141735454463679,0.196238025140231,0.02070867727231839,0.02046637772650724,0.016353168761685917,0.01634896868216263,0.016321541770923674,3.273636593346629e-15
power_law,49,60,60,0,0.0,0.0,0.0,0.0,0.0,0.0,0.0,0.0
power_law,50,6,6,54,0.5317033747181263,3.416587163407982,0.26585168735906267,0.2621500700910644,0.03163506632785169,0.030083206695202085,0.02994635892099816,8.791910516212453e-16
power_law,50,12,12,48,0.3944609580123263,2.6014446443743884,0.19723047900616314,0.1985566743658112,0.02709838171223321,0.028022352768656066,0.028291160767072193,1.0264486736694928e-15
power_law,50,18,18,42,0.25846278788711735,2.0056180090072493,0.12923139394355881,0.13300124579598163,0.02387640486913392,0.02276125328119898,0.02267489207187119,1.1300156051432908e-15
power_law,50,24,24,36,0.1870350439877705,1.5582292337352843,0.09351752199388513,0.09417074629987351,0.021642072690767837,0.02112098855191261,0.021249096709914744,1.4525249828656168e-15
power_law,50,30,30,30,0.12393457055508461,1.226271040706985,0.0619672852775423,0.06286191310342246,0.02043785067844975,0.020335699648154584,0.02047943346193632,1.4650171570732955e-15
power_law,50,36,36,24,0.09575016804250017,0.9291171273014003,0.04787508402125007,0.0487572748300876,0.01935660681877917,0.01918431830779565,0.019255947972009274,2.0298742116151304e-15
power_law,50,42,42,18,0.07107580473460115,0.6526812341979225,0.03553790236730058,0.03733877252206973,0.018130034283275625,0.018614446895998782,0.018764780824168686,2.2914939224663675e-15
power_law,50,48,48,12,0.04917505415081765,0.4053070287253063,0.024587527075408844,0.025191962656868058,0.016887792863554428,0.016591421350806598,0.01646292900716288,2.5328420981337756e-15
power_law,50,54,54,6,0.04089951596841739,0.1856127792682558,0.0204497579842087,0.021319545530427565,0.015467731605687984,0.015831671725995013,0.01588729277692047,2.7787719304665205e-15
power_law,50,60,60,0,0.0,0.0,0.0,0.0,0.0,0.0,0.0,0.0
power_law,51,6,6,54,0.5264401515882856,3.3386302219223154,0.26322007579414247,0.2604695175761494,0.030913242795576994,0.030935901487711998,0.030847864176089763,7.018729883725628e-16
power_law,51,12,12,48,0.3151081604365521,2.5413222350214597,0.15755408021827585,0.15625779225681688,0.02647210661480687,0.025766327739609175,0.02547566730665067,1.0288271689248663e-15
power_law,51,18,18,42,0.22369639503217112,2.048223474818838,0.11184819751608573,0.1109896272800713,0.024383612795462358,0.02455997583695091,0.02457255936951469,1.198386413345315e-15
power_law,51,24,24,36,0.19243367913444054,1.6552976836222224,0.0962168395672203,0.0947945679736622,0.0229902456058642,0.02209052369962658,0.021885861860909704,1.3651959929092799e-15
power_law,51,30,30,30,0.14050266493314467,1.2969573828794432,0.0702513324665723,0.06998823807693424,0.021615956381324054,0.022464408928546502,0.02234377443723405,1.5840835387793333e-15
power_law,51,36,36,24,0.08989576985552483,0.955224072438063,0.04494788492776245,0.044894405287323094,0.01990050150912631,0.01970646745947517,0.01953420288342716,1.952086223161503e-15
power_law,51,42,42,18,0.06251893428235819,0.6586248105754474,0.03125946714117906,0.031333891446760694,0.018295133627095762,0.018464035707024734,0.018427637187328684,2.1747398558485788e-15
power_law,51,48,48,12,0.06054811792000547,0.43600272898763587,0.03027405896000271,0.030372578678391167,0.01816678037448483,0.018149105243413316,0.018009504411479867,2.558448613573416e-15
power_law,51,54,54,6,0.03916612400373941,0.1946084187975864,0.019583062001869697,0.019843391695073726,0.0162173682331322,0.016540361853338893,0.016558789623358425,3.1928491004663532e-15
power_law,51,60,60,0,0.0,0.0,0.0,0.0,0.0,0.0,0.0,0.0
power_law,52,6,6,54,0.7384486774607718,3.6755845404759735,0.3692243387303866,0.35464370410709434,0.03403319018959235,0.033820054589043316,0.03348334727471307,8.963130401573233e-16
power_law,52,12,12,48,0.3889408875692847,2.5608379614997325,0.19447044378464207,0.19164446126249218,0.02667539543228888,0.02753880160981159,0.02736600241747176,8.3747695987037e-16
power_law,52,18,18,42,0.25285870626822377,2.0134112894646794,0.12642935313411188,0.12423661589295643,0.02396918201743666,0.026144370874826864,0.025859392232022833,1.113213190204795e-15
power_law,52,24,24,36,0.13576800856884538,1.54963710803068,0.06788400428442273,0.06575477930522888,0.021522737611537224,0.0219157087734215,0.021914469676936908,1.3075163704476319e-15
power_law,52,30,30,30,0.1316579322041335,1.2190377494903675,0.06582896610206673,0.0643725087673364,0.020317295824839456,0.019174682226780676,0.019181193070097767,1.7490191952840328e-15
power_law,52,36,36,24,0.11281126659334582,0.9341227152105809,0.05640563329667301,0.054834664761392524,0.019460889900220435,0.018584291527968325,0.0186202741887873,2.009657137799873e-15
power_law,52,42,42,18,0.06127560848371034,0.6439809814303177,0.03063780424185514,0.03098018683907213,0.017888360595286604,0.018069116677036555,0.018127069906040613,3.159721212961202e-15
power_law,52,48,48,12,0.057261598376043214,0.41820828777240215,0.02863079918802165,0.028263190058755824,0.01742534532385009,0.017200438986731223,0.017237942923869654,2.7467946206213453e-15
power_law,52,54,54,6,0.04598011123786989,0.19434475138894924,0.022990055618934947,0.02391924155018152,0.016195395949079105,0.016285218269599794,0.016474678012375964,4.2485061674810835e-15
power_law,52,60,60,0,0.0,0.0,0.0,0.0,0.0,0.0,0.0,0.0
power_law,53,6,6,54,0.4860197810260824,3.360205471674628,0.24300989051304134,0.24502482800117698,0.031113013626616923,0.031888664078601914,0.03209894538732207,9.502109697621828e-16
power_law,53,12,12,48,0.30177204362461785,2.6147354519156134,0.15088602181230876,0.1536096262279613,0.027236827624120972,0.02859684636245672,0.028799072689301312,1.2396262986161296e-15
power_law,53,18,18,42,0.2595446380973592,2.114103476717331,0.1297723190486796,0.12989940410402284,0.02516789853234918,0.02478735320884399,0.024635851772932628,1.0814519350541974e-15
power_law,53,24,24,36,0.13738682763143484,1.5672932637844892,0.06869341381571738,0.06989968466791438,0.021767961997006795,0.02134390979691019,0.021346468476656784,1.274201318921678e-15
power_law,53,30,30,30,0.11169477652672925,1.2549960578659252,0.05584738826336466,0.05547516529889403,0.020916600964432087,0.02060886288466401,0.020667587788935318,1.3234549687603675e-15
power_law,53,36,36,24,0.09304081719838328,0.9726944000639384,0.04652040859919166,0.04631754772457087,0.020264466667998717,0.020610184574871158,0.020427855099181026,2.0228761622415902e-15
power_law,53,42,42,18,0.07622292185493933,0.695707225989062,0.038111460927469656,0.038252081397696314,0.019325200721918387,0.018630317719277895,0.01875802347252942,2.9274441921844727e-15
power_law,53,48,48,12,0.05935799571419794,0.4329883665753973,0.029678997857098963,0.029771769548321007,0.018041181940641554,0.0186636569765962,0.01855472893219756,2.919905161450378e-15
power_law,53,54,54,6,0.041392879276479055,0.19966447293328868,0.020696439638239555,0.020320258980688646,0.016638706077774058,0.016759012790923226,0.016573725423227076,3.2308939565983513e-15
power_law,53,60,60,0,0.0,0.0,0.0,0.0,0.0,0.0,0.0,0.0
power_law,54,6,6,54,0.3137340255027513,3.0025817847732905,0.15686701275137546,0.15725034282740286,0.027801683192345283,0.02690768930265758,0.027025568073373675,9.610800144787405e-16
power_law,54,12,12,48,0.18666697961253603,2.276645542124781,0.09333348980626803,0.0909315605427036,0.023715057730466466,0.02485500644403776,0.024963062303209705,9.73453999165725e-16
power_law,54,18,18,42,0.16885251166180132,1.874319174841488,0.0844262558309006,0.08393914631956115,0.022313323510017715,0.02223225407797412,0.022293645803068987,1.02547943819552e-15
power_law,54,24,24,36,0.12245914901628366,1.4971007779903454,0.06122957450814186,0.06301470613939494,0.020793066360977018,0.021474922594696855,0.021321850373534876,1.051154967207556e-15
power_law,54,30,30,30,0.11597288775111603,1.2106675736948493,0.05798644387555797,0.05971935018220202,0.020177792894914157,0.02043542124014917,0.020367007560042703,1.261440648535781e-15
power_law,54,36,36,24,0.10843428827193695,0.9224306086510694,0.054217144135968585,0.05529541359922595,0.01921730434689728,0.018973743748515463,0.01891459064434968,2.3813782986198314e-15
power_law,54,42,42,18,0.08263151452206928,0.6515143076673752,0.041315757261034605,0.04143545460155572,0.018097619657427087,0.018407761513212217,0.018391404382190602,2.5055449484987243e-15
power_law,54,48,48,12,0.0559488657225357,0.40431394698067746,0.027974432861267873,0.028019050996287195,0.016846414457528228,0.016980451877903043,0.016957091707556857,2.7238705805698338e-15
power_law,54,54,54,6,0.04376914730889512,0.19858836256003648,0.021884573654447577,0.021326548462280763,0.016549030213336372,0.016852730937106573,0.0168124704455611,2.9079336009807163e-15
power_law,54,60,60,0,0.0,0.0,0.0,0.0,0.0,0.0,0.0,0.0
power_law,55,6,6,54,0.2927058170890628,3.067401897264459,0.14635290854453134,0.1520287004598653,0.02840186941911536,0.027491469004594538,0.02730712096942723,8.707994354046392e-16
power_law,55,12,12,48,0.21523729659530513,2.4696051087057285,0.1076186482976526,0.1082802446504437,0.025725053215684673,0.02465618593953528,0.024716440146216573,8.921733775702913e-16
power_law,55,18,18,42,0.17800903974311566,2.007025464296541,0.0890045198715578,0.08917202951731075,0.023893160289244535,0.023747501190458382,0.023789722447676298,1.2326767566232027e-15
power_law,55,24,24,36,0.13011411526170363,1.579607280761431,0.06505705763085186,0.06535832373165705,0.02193899001057543,0.02251406532347345,0.022440184422512006,1.1660587252942685e-15
power_law,55,30,30,30,0.1026613161258889,1.2437214994171255,0.05133065806294442,0.050039406548441835,0.02072869165695209,0.020924074354796242,0.02078331840029815,1.2377766054145661e-15
power_law,55,36,36,24,0.08687734784187735,0.9450821055592318,0.043438673920938725,0.04250706436327281,0.019689210532483997,0.021029278448791704,0.020898456469109105,1.9830313726046242e-15
power_law,55,42,42,18,0.07693929439966346,0.6785339597221363,0.038469647199831744,0.0366995154524228,0.01884816554783712,0.018088010985115827,0.01802733230681508,2.11733012780404e-15
power_law,55,48,48,12,0.06443403443333497,0.43046816123773735,0.03221701721666749,0.03108613657965108,0.01793617338490572,0.01730421437030021,0.017315543231142226,2.7032499321724187e-15
power_law,55,54,54,6,0.04215399086429455,0.19928944655109404,0.021076995432147274,0.021828831303465832,0.016607453879257838,0.016406546640089264,0.016468453693081246,3.1590535490704695e-15
power_law,55,60,60,0,0.0,0.0,0.0,0.0,0.0,0.0,0.0,0.0
power_law,56,6,6,54,0.734648772817225,3.511720508322666,0.367324386408613,0.3679608992468571,0.032515930632617276,0.03337227318110866,0.033161032479070277,8.942099709152005e-16
power_law,56,12,12,48,0.37363381772720045,2.6206974656029027,0.18681690886359995,0.1919247857207608,0.02729893193336357,0.025469209414570457,0.025352692777415458,9.021703474326502e-16
power_law,56,18,18,42,0.1772522916397941,2.0319673526082425,0.08862614581989703,0.08948852628255821,0.024190087531050505,0.024484261595067752,0.024577200581225186,9.575265079043607e-16
power_law,56,24,24,36,0.1409905107585198,1.5984026287837392,0.07049525537925984,0.06759141397504441,0.022200036510885267,0.021006644888599935,0.02110925700200066,1.3109014281990775e-15
power_law,56,30,30,30,0.10575059951635837,1.2419275126395792,0.052875299758179214,0.05159208602244256,0.02069879187732632,0.020523666480948416,0.020273216949459688,1.3268947927991823e-15
power_law,56,36,36,24,0.09236196333924188,0.9511792179389426,0.0461809816696209,0.04518001978658265,0.019816233707061304,0.01984373837809584,0.019947404166334403,2.594868429307165e-15
power_law,56,42,42,18,0.07989820982566273,0.685007555202184,0.039949104912831324,0.03945213670046502,0.019027987644505112,0.019127679913649054,0.019140178506786842,2.4271723986759016e-15
power_law,56,48,48,12,0.06310121254898118,0.4354633950376551,0.03155060627449058,0.031204965941360366,0.01814430812656896,0.017181062702698736,0.017215815901258417,2.5728389306528526e-15
power_law,56,54,54,6,0.04593230088313448,0.20087688259324465,0.022966150441567214,0.02222108068543389,0.01673974021610372,0.017026356288062337,0.017041056958500812,2.934329042687661e-15
power_law,56,60,60,0,0.0,0.0,0.0,0.0,0.0,0.0,0.0,0.0
power_law,57,6,6,54,0.4160979108002751,3.255037577596604,0.20804895540013751,0.2106929440292118,0.030139236829598185,0.03140551663004167,0.031592203351938006,1.2051833866538366e-15
power_law,57,12,12,48,0.29909927273036024,2.5556604083498935,0.1495496363651803,0.14839846527723435,0.02662146258697806,0.025933351911962735,0.026073855948597246,9.592639337077768e-16
power_law,57,18,18,42,0.21298643304022785,2.0672184337804187,0.10649321652011372,0.10669261978432311,0.0246097432592907,0.02529608920621248,0.025289020198219957,1.023407353599786e-15
power_law,57,24,24,36,0.14654436387593595,1.5587621559155411,0.07327218193796792,0.0732363484725985,0.021649474387715847,0.0206165157709304,0.020688368463065862,1.3164636924716744e-15
power_law,57,30,30,30,0.09919885042766417,1.1945773512951672,0.049599425213832066,0.05163448439491048,0.01990962252158612,0.019173344849096212,0.0192061689320328,1.2762181790129187e-15
power_law,57,36,36,24,0.07344005280142979,0.8903319714231923,0.03672002640071491,0.036528283474923096,0.018548582737983172,0.01854893251130281,0.01861870119489445,2.364664739508909e-15
power_law,57,42,42,18,0.06214186573832212,0.6241037856994627,0.03107093286916107,0.031025536757728338,0.01733621626942952,0.017322203535959223,0.017272926187381292,2.4307667867953193e-15
power_law,57,48,48,12,0.055663184471553134,0.4083017853383354,0.027831592235776553,0.028365669792520278,0.01701257438909731,0.01689827195449825,0.016778299510037568,2.744506788826132e-15
power_law,57,54,54,6,0.042959911682694044,0.19469332592448763,0.021479955841347022,0.022086557996243796,0.016224443827040635,0.016462419713832617,0.016666219024424705,3.1464636530969693e-15
power_law,57,60,60,0,0.0,0.0,0.0,0.0,0.0,0.0,0.0,0.0
power_law,58,6,6,54,0.4645526569797238,3.2590528176963094,0.23227632848986196,0.2227126227026572,0.030176414978669533,0.028268915373639347,0.027960194980978653,7.750054953306962e-16
power_law,58,12,12,48,0.35804768178311974,2.5938625672931286,0.17902384089155965,0.17071508047811315,0.027019401742636756,0.027551995121705614,0.027085982520971198,9.490521145808767e-16
power_law,58,18,18,42,0.15426369419853056,1.9597932195672139,0.07713184709926527,0.07446712558189142,0.02333087166151445,0.024355553393945465,0.02418975876392844,1.2550207975283429e-15
power_law,58,24,24,36,0.11504411713255636,1.5294809690246551,0.05752205856627816,0.0571747089035974,0.021242791236453545,0.020981159104822976,0.020816715776430333,1.3198496523073071e-15
power_law,58,30,30,30,0.10350450012464217,1.232973787994801,0.051752250062321155,0.05135763518604847,0.020549563133246684,0.021015268114303938,0.02072469917415945,1.4997810436592771e-15
power_law,58,36,36,24,0.09367288063068858,0.9496137194061267,0.04683644031534432,0.0451777185985548,0.019783619154294305,0.018907510679224734,0.018793483547574985,2.183835120072635e-15
power_law,58,42,42,18,0.07037121109189957,0.6510607490660574,0.03518560554594974,0.033925609320690844,0.01808502080739048,0.01810872557090065,0.018009479598523382,2.2526883781418017e-15
power_law,58,48,48,12,0.05547581857549311,0.42491979069975555,0.02773790928774658,0.026357585451092617,0.017704991279156482,0.01760361744537131,0.01745991449222449,2.7236142845166568e-15
power_law,58,54,54,6,0.047387633123303644,0.20409740133734228,0.023693816561651815,0.022698387510473407,0.017008116778111856,0.016872709979195197,0.016715921129033303,3.0341838746007504e-15
power_law,58,60,60,0,0.0,0.0,0.0,0.0,0.0,0.0,0.0,0.0
power_law,59,6,6,54,0.6335322752281057,3.399449164616377,0.31676613761405265,0.31983125014783476,0.03147638115385534,0.031797526683391766,0.03179414913645302,8.532777284953049e-16
power_law,59,12,12,48,0.32034575731316134,2.5722660175211383,0.16017287865658103,0.16159422575449034,0.026794437682511857,0.02621003835628976,0.026208171884419693,1.0021518389001474e-15
power_law,59,18,18,42,0.22641646314648192,2.0241129174006995,0.11320823157324089,0.11465086832347071,0.024096582350008326,0.025039819926792224,0.02509119028238549,1.2184297809430947e-15
power_law,59,24,24,36,0.17188214462667525,1.621794379890023,0.08594107231333767,0.08560768940113006,0.022524921942916984,0.022193553699814857,0.022128271183704137,1.4412296251642631e-15
power_law,59,30,30,30,0.11656511978346891,1.2486661107638024,0.05828255989173451,0.05841304886675987,0.020811101846063374,0.021970584320648922,0.022014271741301876,1.5373611850324766e-15
power_law,59,36,36,24,0.0833076888724033,0.9294151502537903,0.0416538444362016,0.04216756333191199,0.019362815630287297,0.01919602079249881,0.01928220880925236,2.027605923450923e-15
power_law,59,42,42,18,0.06605263975784394,0.6726290608259006,0.03302631987892199,0.033155508102402455,0.018684140578497238,0.018298333709897162,0.01801869712445073,2.7681379832236194e-15
power_law,59,48,48,12,0.05946036707218677,0.44678483776552985,0.029730183536093382,0.030241991681328823,0.01861603490689708,0.019219825187646138,0.019285577577384284,2.6678112694493073e-15
power_law,59,54,54,6,0.04681422266389224,0.2171693762153123,0.02340711133194613,0.024046296267917454,0.01809744801794269,0.01816749918938055,0.01812524305141186,3.3952495731364267e-15
power_law,59,60,60,0,0.0,0.0,0.0,0.0,0.0,0.0,0.0,0.0
power_law,60,6,6,54,0.6632976679937623,3.587645788958331,0.3316488339968815,0.32597817896676484,0.03321894249035492,0.03230007954718973,0.03204317868023194,7.622120188164864e-16
power_law,60,12,12,48,0.23741429394144767,2.413644186370446,0.11870714697072393,0.12190330528324658,0.02514212694135881,0.02645099548917025,0.026406408683401827,1.30016166245897e-15
power_law,60,18,18,42,0.18538454484762706,1.991542074092837,0.09269227242381343,0.09517709388283643,0.023708834215390915,0.022809064095312484,0.02280114112378818,1.226184826215289e-15
power_law,60,24,24,36,0.1248359537911974,1.5484386395921252,0.06241797689559871,0.06129141242105622,0.021506092216557294,0.0212349578089926,0.02120839166340581,1.3573968055816588e-15
power_law,60,30,30,30,0.10064430880874221,1.1719199196811632,0.050322154404371135,0.049450699592390956,0.01953199866135272,0.0194949140356135,0.019434226584553314,1.5171669086890322e-15
power_law,60,36,36,24,0.07704339102049157,0.887469809732011,0.03852169551024578,0.038945019933033134,0.018488954369416895,0.018808821157724035,0.018847076003397335,2.0658363273425496e-15
power_law,60,42,42,18,0.07091030477786626,0.6480123450949675,0.03545515238893312,0.03593218866816048,0.018000342919304652,0.018001237363343983,0.018123842322823998,2.4201851380982793e-15
power_law,60,48,48,12,0.058269989292323604,0.4127870609312183,0.029134994646161812,0.02895098133047884,0.017199460872134097,0.016931462266518385,0.017061518593873136,2.5065394340441767e-15
power_law,60,54,54,6,0.05283079076617875,0.20702146618096562,0.026415395383089374,0.026229507343730224,0.0172517888484138,0.017146124688588785,0.01718172571538209,3.738434502504885e-15
power_law,60,60,60,0,0.0,0.0,0.0,0.0,0.0,0.0,0.0,0.0
power_law,61,6,6,54,0.5633231834016105,3.3988133431444356,0.2816615917008051,0.2884966926726992,0.031470493918004036,0.030901551563919757,0.03114079583745503,8.494982234862498e-16
power_law,61,12,12,48,0.3173969799537364,2.627132024459104,0.15869848997686836,0.15692431513847838,0.027365958588115667,0.026907141495202232,0.02691511321532162,1.187439037729077e-15
power_law,61,18,18,42,0.2720006892522538,2.1260472866799747,0.13600034462612692,0.1363689359516167,0.025310086746190175,0.024639202651181302,0.02498685690076977,1.131088370352413e-15
power_law,61,24,24,36,0.14884799776108684,1.6291575123184336,0.07442399888054357,0.07614274449206751,0.022627187671089358,0.02189813039561052,0.02216507868888258,1.4569216995631633e-15
power_law,61,30,30,30,0.1240507506851117,1.2816046950372573,0.06202537534255581,0.0642048415983941,0.021360078250620956,0.021085187117597083,0.02118904808867641,1.4716667098288102e-15
power_law,61,36,36,24,0.09888293893800254,0.9721293816293475,0.049441469469001284,0.050601454394186125,0.020252695450611407,0.020316689418594103,0.020596656171685594,2.073519584695628e-15
power_law,61,42,42,18,0.08591245171500286,0.678419542243517,0.042956225857501404,0.044004791221423416,0.018844987284542137,0.01865861468930499,0.01888665882264807,2.7121559718908686e-15
power_law,61,48,48,12,0.05780995068622111,0.4275965541346013,0.028904975343110567,0.02905312787662204,0.01781652308894172,0.01751258704990664,0.01755877943331601,2.5451289419113912e-15
power_law,61,54,54,6,0.05349229387636027,0.21944936899654094,0.026746146938180122,0.02656023773505374,0.018287447416378413,0.018203561629659058,0.01836814973687565,3.523517125913952e-15
power_law,61,60,60,0,0.0,0.0,0.0,0.0,0.0,0.0,0.0,0.0
power_law,62,6,6,54,0.5135213114548982,3.266668284167792,0.2567606557274489,0.2576404715650672,0.030246928557109184,0.03111902345410794,0.030990502867545087,7.015308108648134e-16
power_law,62,12,12,48,0.2757211904110666,2.496447573961023,0.1378605952055332,0.136671084588541,0.026004662228760658,0.026097447645409437,0.025824667151485306,9.887817543592408e-16
power_law,62,18,18,42,0.15996725843340304,1.9496716274802999,0.07998362921670171,0.08107430256602963,0.023210376517622616,0.02197840703929397,0.02197813208416523,1.3060326597003279e-15
power_law,62,24,24,36,0.1379112051460871,1.5435908294323648,0.06895560257304356,0.0697138334938487,0.021438761519893955,0.021420253680558964,0.021420030050797637,1.1216425873882337e-15
power_law,62,30,30,30,0.1100028615045269,1.1941947898689131,0.05500143075226345,0.05624302933778859,0.01990324649781522,0.01978811244255376,0.019769222351584185,1.3895752384832065e-15
power_law,62,36,36,24,0.06841114052074146,0.8748981257566413,0.03420557026037068,0.0360980804127006,0.018227044286596692,0.01823416682465541,0.01835570547798241,3.0066878917161377e-15
power_law,62,42,42,18,0.062106233550482406,0.6418675561924131,0.031053116775241196,0.03301359650680208,0.01782965433867814,0.01800019867114746,0.0181643839746053,2.8851304530448172e-15
power_law,62,48,48,12,0.057872836780029364,0.40988629303933966,0.028936418390014713,0.03097319803629449,0.01707859554330582,0.0168216322111387,0.016985658546989895,3.631529281252214e-15
power_law,62,54,54,6,0.045089914286962025,0.19753860890942934,0.022544957143480992,0.023423605866548798,0.016461550742452445,0.01635817592016083,0.016425895285910097,3.6730647532246114e-15
power_law,62,60,60,0,0.0,0.0,0.0,0.0,0.0,0.0,0.0,0.0
power_law,63,6,6,54,0.7390325683545752,3.717812032703764,0.36951628417728805,0.380158357394379,0.03442418548799781,0.03369721445684168,0.033916468324070824,8.138982529199261e-16
power_law,63,12,12,48,0.3595413084035772,2.7075401522927027,0.17977065420178848,0.18550212769152025,0.028203543253048986,0.027345516236352355,0.02770764998686723,1.104055361539831e-15
power_law,63,18,18,42,0.18505933517857143,2.003131681105539,0.0925296675892858,0.0930200187787506,0.02384680572744689,0.024081509173579613,0.023939421269134904,1.2673409584465919e-15
power_law,63,24,24,36,0.1419897715561967,1.5931890795343608,0.07099488577809829,0.07017980456948292,0.022127626104643902,0.021788050856270058,0.021731343997096884,1.3794296602277426e-15
power_law,63,30,30,30,0.10500058918342044,1.2489521740839642,0.05250029459171026,0.05181889014627403,0.02081586956806607,0.021222115214176426,0.02118889359056685,1.5029090945081677e-15
power_law,63,36,36,24,0.08036387729434273,0.9365408889405558,0.04018193864717136,0.03960884372297167,0.01951126851959491,0.02016279300838606,0.019968038749208085,2.1167212894397446e-15
power_law,63,42,42,18,0.06870044594986276,0.6752309770123519,0.03435022297493143,0.03343489556616591,0.018756416028120886,0.018628319121710403,0.01841065839651291,2.779101573452755e-15
power_law,63,48,48,12,0.05643072814349238,0.44199731452196095,0.028215364071746168,0.02759339550592319,0.01841655477174837,0.01811994338960507,0.01790185055163459,2.8478355803728738e-15
power_law,63,54,54,6,0.048367402613484656,0.21856667623184145,0.02418370130674233,0.023799156649456366,0.01821388968598679,0.01819757440830705,0.01802099662217501,4.838777825548524e-15
power_law,63,60,60,0,0.0,0.0,0.0,0.0,0.0,0.0,0.0,0.0
power_law,64,6,6,54,0.5424684464941268,3.401213015828367,0.27123422324706364,0.2690274052679541,0.03149271310952192,0.032865076433544596,0.03290881968643989,9.998173453451237e-16
power_law,64,12,12,48,0.3092025334468518,2.5911992355002935,0.1546012667234259,0.15055468328005053,0.026991658703128057,0.02457025080428444,0.024509367806583686,8.280137081703747e-16
power_law,64,18,18,42,0.26088267337902127,2.0658076651535255,0.13044133668951033,0.1286179865838205,0.024592948394684826,0.02520534256790205,0.025158215327374382,1.2949693846314498e-15
power_law,64,24,24,36,0.1831725308582363,1.5929577669142243,0.09158626542911821,0.09000720968340271,0.022124413429364227,0.021830507761512085,0.02173335125859325,1.401165385496767e-15
power_law,64,30,30,30,0.12086119774872334,1.2221352162958614,0.06043059887436163,0.058406695285181165,0.02036892027159769,0.019803862742522688,0.0198412316824043,1.4221854225119128e-15
power_law,64,36,36,24,0.08959381749240287,0.9317255751978782,0.044796908746201444,0.0437283002180195,0.01941094948328913,0.01941570633943701,0.019509594316186485,1.891538256966555e-15
power_law,64,42,42,18,0.07295248795559889,0.6554492791175506,0.0364762439777994,0.03573524260254929,0.01820692441993196,0.01813679995877083,0.018278505343281154,2.2018576050014293e-15
power_law,64,48,48,12,0.05110299454610351,0.4122170706772437,0.02555149727305178,0.026331231952732882,0.01717571127821849,0.01694983630376275,0.016940520529198807,2.978691868179105e-15
power_law,64,54,54,6,0.046093249552732925,0.20765119432430762,0.02304662477636644,0.02364235707532374,0.0173042661936923,0.016871458871966213,0.016730353493582983,2.8169176188988153e-15
power_law,64,60,60,0,0.0,0.0,0.0,0.0,0.0,0.0,0.0,0.0
power_law,65,6,6,54,0.34346343750276126,3.104659333446481,0.1717317187513804,0.17187719296746468,0.02874684568006001,0.027332248562447946,0.027204269506971024,8.041031191672039e-16
power_law,65,12,12,48,0.18570252586286606,2.3765978513354495,0.09285126293143307,0.09283563423134783,0.024756227618077598,0.025426477837252055,0.025412558329119296,9.74675300871527e-16
power_law,65,18,18,42,0.15141090184408,1.9104024930346237,0.07570545092203997,0.07420178316304113,0.02274288682184076,0.022518213745442626,0.022590117615473325,1.0015797227869474e-15
power_law,65,24,24,36,0.11604506264158942,1.5201018345292205,0.05802253132079471,0.05821501239094996,0.021112525479572507,0.02213716925031997,0.022179744221154735,1.1939589777228784e-15
power_law,65,30,30,30,0.09464772658409083,1.2103147669544163,0.047323863292045396,0.04799172384052933,0.020171912782573607,0.020198091085260418,0.020248228375433427,1.6606048497252604e-15
power_law,65,36,36,24,0.07584298628897856,0.9003067828513678,0.0379214931444892,0.037601754595876793,0.018756391309403497,0.01874969622774842,0.018797865451621577,2.0043778858550523e-15
power_law,65,42,42,18,0.06923962818756946,0.655143416417835,0.034619814093784715,0.034826735338195955,0.01819842823382875,0.018373692419652254,0.018508556606102643,2.5654855483442447e-15
power_law,65,48,48,12,0.05411593179084645,0.41011606273720663,0.027057965895423218,0.02692725320075594,0.017088169280716943,0.01628268521519899,0.016273912005911106,3.0400405171316255e-15
power_law,65,54,54,6,0.04085427302734208,0.19202005615909368,0.02042713651367103,0.019809872412583827,0.01600167134659114,0.015918940998206947,0.01581806020588632,2.520451859575663e-15
power_law,65,60,60,0,0.0,0.0,0.0,0.0,0.0,0.0,0.0,0.0
power_law,66,6,6,54,0.7244679753140397,3.5375094091519204,0.36223398765702003,0.3686299467066845,0.03275471675140667,0.03206240109089961,0.03199157069991164,6.32380732925872e-16
power_law,66,12,12,48,0.4643762241032068,2.7464955141997462,0.23218811205160336,0.23255334879956613,0.028609328272914025,0.03143778451711919,0.03159121858856638,1.1032598264136817e-15
power_law,66,18,18,42,0.2102539841227187,2.0439319059366325,0.1051269920613594,0.10550085944651198,0.024332522689721817,0.024728033072913793,0.02465169398991976,9.939150726325654e-16
power_law,66,24,24,36,0.17486428285983083,1.5937104329593084,0.08743214142991527,0.08812322908235105,0.02213486712443484,0.02184046389400403,0.021777754379053403,1.2134023007591084e-15
power_law,66,30,30,30,0.14593133786375379,1.3016299101949609,0.07296566893187686,0.07365847350466796,0.021693831836582682,0.021100937109489695,0.021145234281814987,1.462907453963128e-15
power_law,66,36,36,24,0.11286728738841251,1.001275089420486,0.05643364369420629,0.05634417582948416,0.020859897696260125,0.021353814455725505,0.021298977623868832,2.572364013737746e-15
power_law,66,42,42,18,0.06991823893444357,0.6815552863517624,0.03495911946722178,0.03590234582989917,0.018932091287548955,0.019140288303328857,0.01898776955255985,2.3085266778260396e-15
power_law,66,48,48,12,0.05630425514952484,0.4297043048922302,0.028152127574762403,0.02775287208947292,0.01790434603717626,0.018295016055229686,0.018249218645715427,2.8303715836121215e-15
power_law,66,54,54,6,0.04450389308730225,0.20836984838971545,0.02225194654365113,0.022463717540714214,0.01736415403247629,0.01792687940967537,0.017966996574732094,2.8393200211480732e-15
power_law,66,60,60,0,0.0,0.0,0.0,0.0,0.0,0.0,0.0,0.0
power_law,67,6,6,54,0.5274477856134469,3.3261214762635465,0.26372389280672354,0.2721227119509806,0.030797421076514318,0.032586120235976235,0.03270712730201818,1.227180259828934e-15
power_law,67,12,12,48,0.28634367027770885,2.445031840121295,0.1431718351388545,0.14129992846697342,0.025469081667930157,0.024744445648643185,0.02481064652575877,9.025519605105578e-16
power_law,67,18,18,42,0.19197701515934182,1.921967704927262,0.09598850757967095,0.09474377921236907,0.02288056791580074,0.021330087725877408,0.021326722377788116,1.1259963826387145e-15
power_law,67,24,24,36,0.1280263929232318,1.5318429095153232,0.06401319646161584,0.06517435790360965,0.0212755959654906,0.021252431530929723,0.021274874861112854,1.177010704833802e-15
power_law,67,30,30,30,0.09556123173371618,1.2175698393113148,0.04778061586685816,0.047497504139333985,0.02029283065518858,0.020096845720408044,0.020112986349484267,1.4520434186374382e-15
power_law,67,36,36,24,0.0802407926628083,0.9326494081858532,0.04012039633140419,0.04013662669172781,0.01943019600387194,0.019617436970363618,0.01963272461632273,2.2978111485668625e-15
power_law,67,42,42,18,0.06639595778397045,0.6841278744023671,0.033197978891985204,0.034552983118325394,0.019003552066732418,0.019331194173091037,0.01944802257826401,2.361851088862714e-15
power_law,67,48,48,12,0.06428997377241127,0.44444875236645653,0.03214498688620562,0.033520794448373026,0.018518698015269022,0.018729415778064286,0.018858278434737304,2.9325147899913126e-15
power_law,67,54,54,6,0.04412477091420435,0.20341747596495013,0.02206238545710221,0.02157268436640605,0.01695145633041251,0.016934199357136887,0.016887925252012333,3.115394009554507e-15
power_law,67,60,60,0,0.0,0.0,0.0,0.0,0.0,0.0,0.0,0.0
power_law,68,6,6,54,0.4263588569000798,3.2757363108884094,0.21317942845003973,0.21552855625377815,0.030330891767485272,0.02992015002153391,0.030068198254220198,9.641265592495276e-16
power_law,68,12,12,48,0.25012180747484586,2.4752404460720294,0.12506090373742337,0.12451740714182596,0.02578375464658364,0.02570297503129628,0.025742199454123503,1.3694489004166036e-15
power_law,68,18,18,42,0.19499884625935693,1.9507749946836683,0.09749942312967855,0.09809130715804107,0.02322351184147224,0.02219512899888897,0.02235419384340099,1.1905245775508336e-15
power_law,68,24,24,36,0.11235210666988138,1.5120163832135718,0.056176053334940655,0.05496371717631632,0.021000227544632943,0.020986005190781875,0.02113943949305831,1.2263180973434848e-15
power_law,68,30,30,30,0.09525411801710905,1.190257173970789,0.04762705900855458,0.048188651320546214,0.019837619566179816,0.01996351216082193,0.020161630559174113,1.6940330820450066e-15
power_law,68,36,36,24,0.07143884786854796,0.888226537338275,0.035719423934273964,0.036395770823867676,0.018504719527880728,0.018486090029927172,0.018478922844738923,2.408462893749624e-15
power_law,68,42,42,18,0.06236423173808796,0.6429517826739264,0.03118211586904394,0.03180549674272659,0.0178597717409424,0.01751386287003884,0.01773776976542058,2.3193518782563943e-15
power_law,68,48,48,12,0.04882281436529262,0.3967785903317004,0.024411407182646325,0.02441603554126326,0.01653244126382085,0.01655277596130634,0.016647733965524485,3.159487939905254e-15
power_law,68,54,54,6,0.038575740915196326,0.19387122199779858,0.019287870457598187,0.019578676512049073,0.016155935166483216,0.016400200449763244,0.016628020224325447,3.587174965964469e-15
power_law,68,60,60,0,0.0,0.0,0.0,0.0,0.0,0.0,0.0,0.0
power_law,69,6,6,54,0.4684744846539294,3.294558657070367,0.23423724232696508,0.23451659861742358,0.030505172750651545,0.032853208317303165,0.032628938246695896,7.309891686526569e-16
power_law,69,12,12,48,0.30662710906098883,2.6359337124798756,0.15331355453049467,0.1544705927425256,0.027457642838332037,0.02821080402405693,0.027938458981610317,8.594764659529213e-16
power_law,69,18,18,42,0.18799644708013527,2.0500150835286473,0.09399822354006772,0.09395676809948254,0.024404941470579134,0.0244281575941075,0.02444319210466534,1.2374533644204172e-15
power_law,69,24,24,36,0.16646607897016324,1.6054795163632067,0.08323303948508162,0.08326791003787608,0.022298326616155648,0.022423333398314205,0.02234955713387162,1.4186081849268378e-15
power_law,69,30,30,30,0.12915135762453037,1.2134268227216474,0.06457567881226524,0.06511226913008843,0.02022378037869412,0.020037462671251588,0.019834601841086,1.6687282354952933e-15
power_law,69,36,36,24,0.0758918970666612,0.9006555166838239,0.03794594853333056,0.036234335380001266,0.018763656597579666,0.01865837799334881,0.01856357600155285,2.3326011648962386e-15
power_law,69,42,42,18,0.07043871608445212,0.658386069858165,0.03521935804222613,0.034092356846448554,0.018288501940504583,0.017840476266861006,0.017687282251182088,2.4916449959704475e-15
power_law,69,48,48,12,0.053994266613164116,0.40235479091005133,0.026997133306582058,0.026409265488742333,0.016764782954585472,0.016896256992881296,0.016664188944363303,2.7496585309713493e-15
power_law,69,54,54,6,0.044442271088817646,0.2013799051201516,0.02222113554440882,0.02200725362608936,0.016781658760012634,0.016449891366760123,0.01631807103785858,2.8274273284261384e-15
power_law,69,60,60,0,0.0,0.0,0.0,0.0,0.0,0.0,0.0,0.0
power_law,70,6,6,54,0.41635453078536,3.3007356077215757,0.20817726539268006,0.20315565791301943,0.030562366738162736,0.030865893704512835,0.03052358480454378,1.4183670718988213e-15
power_law,70,12,12,48,0.2396451786390171,2.4911230175439893,0.11982258931950839,0.11601135830824791,0.025949198099416555,0.026208608790390525,0.026176796478519324,1.0303816044760225e-15
power_law,70,18,18,42,0.2025292031692029,1.981895459487012,0.10126460158460134,0.10015018021452111,0.02359399356532157,0.023868865346889215,0.023958802391104518,1.6069973466612002e-15
power_law,70,24,24,36,0.16182701381056963,1.5826671917591892,0.08091350690528483,0.07971993559228538,0.021981488774433185,0.021479361668356588,0.02120550676804081,1.6127154965506687e-15
power_law,70,30,30,30,0.12230469587522101,1.23044708850006,0.061152347937610596,0.062437557125913305,0.020507451475001,0.019851662021603305,0.019552111768562815,1.5348919308326954e-15
power_law,70,36,36,24,0.10393768300446636,0.9362386024048089,0.05196884150223315,0.05146787573814135,0.01950497088343352,0.019305939653270675,0.01904395230255884,2.334865472618004e-15
power_law,70,42,42,18,0.07210636889829329,0.6577916701235751,0.03605318444914663,0.03536936016208855,0.018271990836765974,0.01831369041046804,0.018021912233405088,2.795945332853218e-15
power_law,70,48,48,12,0.054902145446304756,0.4238704760157843,0.02745107272315238,0.0259033145116849,0.017661269833991012,0.01785538710015075,0.01761908126639959,2.7642844658764844e-15
power_law,70,54,54,6,0.043641813434416955,0.20076756291300316,0.021820906717208457,0.021569723394710826,0.016730630242750264,0.016795922423189214,0.016496807510194347,3.4607615177933537e-15
power_law,70,60,60,0,0.0,0.0,0.0,0.0,0.0,0.0,0.0,0.0
power_law,71,6,6,54,0.5295091999448127,3.5257329499007026,0.2647545999724065,0.2593298760068329,0.03264567546204354,0.03437588592768802,0.0344680449011532,1.2381598044532788e-15
power_law,71,12,12,48,0.3909340332898923,2.614224969904587,0.19546701664494623,0.1903064037447516,0.02723151010317278,0.02699453964922579,0.026861908034080464,1.0892466679093669e-15
power_law,71,18,18,42,0.18949944517748127,1.9837194392757644,0.09474972258874048,0.09279585701392713,0.02361570761042577,0.02480722392959424,0.02483875512019318,1.1289981624568993e-15
power_law,71,24,24,36,0.14724848559672607,1.5670079725310766,0.07362424279836287,0.07528514736342268,0.021763999618487174,0.021189694488781982,0.021233773360566838,1.2264330255019123e-15
power_law,71,30,30,30,0.11993690103293722,1.2487276121586222,0.05996845051646855,0.06002430729279981,0.02081212686931037,0.021131499051751063,0.020964334310359177,1.306293721508301e-15
power_law,71,36,36,24,0.08793256317993121,0.9461323041658081,0.04396628158996563,0.04487965305227172,0.019711089670121,0.020172597212312238,0.020314192522800867,1.9061388980340987e-15
power_law,71,42,42,18,0.07641631301660191,0.6719110802049661,0.038208156508301006,0.038334384568471214,0.018664196672360172,0.01871328568006507,0.018776761638921852,2.2342297991149573e-15
power_law,71,48,48,12,0.054608318030797624,0.4296721446731664,0.027304159015398816,0.027348997824665513,0.0179030060280486,0.017873667777066615,0.017887519310983455,2.8633845426786245e-15
power_law,71,54,54,6,0.041931431120925816,0.2052873479505827,0.020965715560462925,0.021178553287562907,0.01710727899588189,0.017162088967872205,0.017388025375870846,3.509785901704165e-15
power_law,71,60,60,0,0.0,0.0,0.0,0.0,0.0,0.0,0.0,0.0
power_law,72,6,6,54,0.4767216982302545,3.291401240237297,0.2383608491151273,0.24664261681318844,0.030475937409604605,0.028868901947682428,0.029050906443212357,9.267610070898976e-16
power_law,72,12,12,48,0.33473493615355626,2.631981985260243,0.16736746807677833,0.17190112833005378,0.02741647901312753,0.028463279283835644,0.028690744480850475,9.924804342143815e-16
power_law,72,18,18,42,0.22362447536630714,2.0742620326028103,0.11181223768315349,0.11538607704779805,0.024693595626223933,0.025645991146967712,0.025754497655766047,1.2170356096893138e-15
power_law,72,24,24,36,0.15501252824216433,1.6220564553806738,0.07750626412108198,0.08158960146984151,0.022528561880287137,0.022626272976520066,0.022832495264673527,9.700027001533103e-16
power_law,72,30,30,30,0.12996337158091892,1.2692191635771963,0.06498168579045947,0.06655891579723071,0.021153652726286606,0.021940812278950984,0.02222803976090331,1.292214111733484e-15
power_law,72,36,36,24,0.10102880223177253,0.9546759554480072,0.050514401115886245,0.051365486471413084,0.019889082405166816,0.020186677305329526,0.02049251385955264,2.2620691668206395e-15
power_law,72,42,42,18,0.07072136660971386,0.6753261234493809,0.03536068330485693,0.035668969670697576,0.018759058984705024,0.01902311847295281,0.019093409026723126,2.600463409190116e-15
power_law,72,48,48,12,0.06360824265866345,0.4410624571239343,0.03180412132933171,0.03090789530663662,0.01837760238016393,0.018166007653467417,0.01824143246629343,4.250034727573572e-15
power_law,72,54,54,6,0.04918187126827499,0.20849385058357656,0.024590935634137476,0.024107555979073235,0.01737448754863138,0.017304811509489936,0.017464299754541,4.8401364770804964e-15
power_law,72,60,60,0,0.0,0.0,0.0,0.0,0.0,0.0,0.0,0.0
power_law,73,6,6,54,0.4709414273369478,3.3190162157319074,0.23547071366847364,0.24283320964774657,0.03073163162714729,0.030650036047603513,0.03101515462256167,7.627312008966178e-16
power_law,73,12,12,48,0.3221407734380746,2.6169295051163184,0.1610703867190376,0.16249845099109012,0.02725968234496165,0.02380767129681082,0.023964346266450984,1.0529059056039394e-15
power_law,73,18,18,42,0.17180171017651258,1.9715729297730265,0.08590085508825639,0.08720838107513446,0.023471106306821744,0.023282803501913522,0.02342784786120815,1.1108548089779779e-15
power_law,73,24,24,36,0.14951229878255526,1.537818992484886,0.07475614939127755,0.0753698618621288,0.02135859711784564,0.021361254492733982,0.021538567833928254,1.1861810676759476e-15
power_law,73,30,30,30,0.10318322657822679,1.2101389231521316,0.051591613289113346,0.05293395812837638,0.020168982052535527,0.020462997216358293,0.020617143497808278,1.4442940183227694e-15
power_law,73,36,36,24,0.08123028814358349,0.9213197152304566,0.040615144071791814,0.04133307065292502,0.019194160733967847,0.019318382396007784,0.019646386678465782,2.3588604337768524e-15
power_law,73,42,42,18,0.06764510574406442,0.6692654754906814,0.033822552872032195,0.03437665088567694,0.018590707652518926,0.018878419611174535,0.01908876306673203,3.0063906360663153e-15
power_law,73,48,48,12,0.06397706484623877,0.4383913215158224,0.03198853242311942,0.03224957270962889,0.018266305063159266,0.01792404723119166,0.01803858590688603,2.773695226463031e-15
power_law,73,54,54,6,0.054353330086173476,0.21882206532527732,0.027176665043086752,0.026822840842685422,0.018235172110439776,0.018032171440402693,0.01807376162699874,3.149108360444051e-15
power_law,73,60,60,0,0.0,0.0,0.0,0.0,0.0,0.0,0.0,0.0
power_law,74,6,6,54,0.5841209869121146,3.4998760847686006,0.2920604934560571,0.29732677830639237,0.03240626004415371,0.03255596520756911,0.03254523129189357,8.077355119505977e-16
power_law,74,12,12,48,0.2872903210846811,2.4683857799360935,0.1436451605423406,0.14414569703911095,0.025712351874334308,0.024440695992307575,0.024549149576174382,1.35143374600532e-15
power_law,74,18,18,42,0.18033886166621174,1.9283779802358736,0.09016943083310579,0.09069232191537915,0.022956880717093734,0.022111443511785928,0.022025083675152667,1.202778197588739e-15
power_law,74,24,24,36,0.12789057647955707,1.5003745666824193,0.06394528823977848,0.06453193182991318,0.020838535648366935,0.020639234628343904,0.020728780999999658,1.0840281127406753e-15
power_law,74,30,30,30,0.0854136577884725,1.182523754891506,0.042706828894236236,0.042479697287698015,0.019708729248191767,0.019224873169533373,0.01921383654682866,1.6409451141489387e-15
power_law,74,36,36,24,0.07114583533813806,0.9113462874422014,0.03557291766906905,0.0365662775243307,0.018986380988379195,0.01883931390073989,0.018871276947074203,2.4330145111699912e-15
power_law,74,42,42,18,0.06577196865165183,0.6624602803730666,0.03288598432582595,0.03374569589367747,0.018401674454807407,0.017921747955237884,0.017910736522260207,2.477495364948437e-15
power_law,74,48,48,12,0.05836666948931948,0.4297942131821363,0.029183334744659783,0.029615823586225325,0.017908092215922346,0.018546955118577478,0.01868946645433517,2.560227075565856e-15
power_law,74,54,54,6,0.04420168284150528,0.20300689135190292,0.022100841420752654,0.022026149457257713,0.01691724094599191,0.01709682683855654,0.01715781280700669,3.617284152649456e-15
power_law,74,60,60,0,0.0,0.0,0.0,0.0,0.0,0.0,0.0,0.0
power_law,75,6,6,54,0.5982051966156322,3.529791098304648,0.2991025983078157,0.3021161286930809,0.03268325091022822,0.03516985727795541,0.03544513839431339,6.817677308136554e-16
power_law,75,12,12,48,0.3915147298681256,2.6595534052081318,0.1957573649340631,0.20056904299764655,0.02770368130425137,0.02672220992706833,0.026867811952923582,1.0184451120051141e-15
power_law,75,18,18,42,0.19679682396082787,1.9657026218945979,0.09839841198041387,0.09956661602676617,0.023401221689221402,0.022709505963342834,0.022742531418206008,1.0034212199931381e-15
power_law,75,24,24,36,0.14524621878235547,1.577655837296986,0.07262310939117766,0.07397180217567512,0.021911886629124806,0.021612057444354547,0.021575160127528692,1.2811222757602598e-15
power_law,75,30,30,30,0.13012901639640512,1.2540512755635491,0.06506450819820253,0.06698904137457524,0.02090085459272582,0.021612276593056114,0.021768709209322924,1.5053158182036601e-15
power_law,75,36,36,24,0.09018224974389462,0.9410535441781008,0.0450911248719473,0.04516687922939002,0.0196052821703771,0.019730238824002003,0.019950393633960048,2.6481232034177083e-15
power_law,75,42,42,18,0.07408908489842367,0.6703850437608846,0.037044542449211695,0.03615426023534689,0.018621806771135684,0.01863241530976086,0.018696416975766142,2.6384159551052813e-15
power_law,75,48,48,12,0.05199349481879323,0.4157842670913855,0.025996747409396625,0.025602395196807834,0.017324344462141063,0.017162826294047702,0.01723576743577597,3.364718400581948e-15
power_law,75,54,54,6,0.04518848163174953,0.20697435559163907,0.022594240815874782,0.022287629771249307,0.01724786296596992,0.017377150330230365,0.01757863455432872,3.1561852624248596e-15
power_law,75,60,60,0,0.0,0.0,0.0,0.0,0.0,0.0,0.0,0.0
power_law,76,6,6,54,0.40651296123241115,3.251041714909469,0.2032564806162056,0.20053239853224147,0.0301022381010136,0.030486323484535227,0.03050063695098742,8.77924796692121e-16
power_law,76,12,12,48,0.3423748580883439,2.6868970775500784,0.1711874290441719,0.17275139557918334,0.027988511224479984,0.02744410376840134,0.027352489208485087,9.560500194615579e-16
power_law,76,18,18,42,0.24529163232376205,2.052431162850362,0.12264581616188111,0.1235046889642419,0.024433704319647167,0.02470833422242003,0.02453542204360011,1.0553538996370283e-15
power_law,76,24,24,36,0.14273908354216847,1.6017075875269158,0.07136954177108422,0.07242152675114284,0.022245938715651607,0.021943200361340846,0.021855646990806343,1.2353888238213063e-15
power_law,76,30,30,30,0.11216581152576091,1.23802109847795,0.05608290576288045,0.056813550750223825,0.020633684974632503,0.020913786733373938,0.02084052060616979,1.5326631084371756e-15
power_law,76,36,36,24,0.07768983845178883,0.90311644651942,0.038844919225894385,0.03799844111446831,0.018814925969154583,0.01975433719441721,0.019609476412368314,2.4496541183040456e-15
power_law,76,42,42,18,0.06058549298357047,0.631399761281146,0.030292746491785257,0.03043929773109417,0.017538882257809613,0.017409893162381666,0.017297471294038632,2.33335451874486e-15
power_law,76,48,48,12,0.0521172177700606,0.39936478184312174,0.02605860888503031,0.025579865130453953,0.016640199243463407,0.016693984919833142,0.01662751708358346,2.928531299372742e-15
power_law,76,54,54,6,0.04265092028525752,0.19497643105199247,0.02132546014262874,0.021475300178440564,0.01624803592099937,0.01665479798914698,0.016665555927979116,2.9745548697552986e-15
power_law,76,60,60,0,0.0,0.0,0.0,0.0,0.0,0.0,0.0,0.0
power_law,77,6,6,54,0.7052781267500962,3.4903231145051943,0.35263906337504847,0.34507814249412294,0.032317806615788834,0.03483167766373328,0.03459652210331751,8.823790373485666e-16
power_law,77,12,12,48,0.22829463109389989,2.4909547949121476,0.11414731554694973,0.11148297727291478,0.02594744578033487,0.026627220761974733,0.026573577180642818,9.969110655384998e-16
power_law,77,18,18,42,0.16344844414195717,1.9577154580282559,0.08172422207097864,0.08055508346997454,0.023306136405098283,0.02347525698085101,0.023217737223522796,1.2575530730305083e-15
power_law,77,24,24,36,0.15527476986572578,1.6065863906477431,0.07763738493286308,0.07676497480911518,0.022313699870107544,0.020748837950984415,0.020743149176073984,1.2622867259926346e-15
power_law,77,30,30,30,0.11351209089367109,1.2475895190231576,0.05675604544683563,0.056009413963369364,0.02079315865038596,0.021587248219418216,0.02147870711642138,1.5902031562541803e-15
power_law,77,36,36,24,0.09655073748270163,0.9261239717213161,0.04827536874135076,0.048587380088332494,0.01929424941086075,0.01932635933937405,0.019189299464188143,1.753217176026982e-15
power_law,77,42,42,18,0.06294448279234302,0.6422839423973631,0.03147224139617156,0.03131061792262383,0.017841220622148976,0.017317424769824688,0.0170776948809317,2.0432176780655e-15
power_law,77,48,48,12,0.052062489132135084,0.41379355676476465,0.026031244566067518,0.026259162174939864,0.01724139819853186,0.01642864414646432,0.016357186494308684,2.3521401610562e-15
power_law,77,54,54,6,0.04029272576491779,0.1961589995936073,0.02014636288245887,0.02089269312002827,0.016346583299467275,0.016382024570948533,0.016565681560010516,2.6431000027914134e-15
power_law,77,60,60,0,0.0,0.0,0.0,0.0,0.0,0.0,0.0,0.0
power_law,78,6,6,54,0.5716535763895291,3.326686098400966,0.2858267881947651,0.290464579311158,0.030802649059268203,0.030334735815810334,0.030112275081156416,6.866414406689552e-16
power_law,78,12,12,48,0.21113605588464,2.3848120096689707,0.10556802794231997,0.10299809274845981,0.024841791767385112,0.02433505990657927,0.024126683657102674,8.997593148823197e-16
power_law,78,18,18,42,0.18051448404792322,1.9128272887234188,0.09025724202396175,0.08901636328603972,0.022771753437183555,0.023356223295506878,0.023128843059678585,1.1474552637878815e-15
power_law,78,24,24,36,0.14244827437305613,1.5272306493654588,0.07122413718652797,0.07050557829681721,0.021211536796742484,0.021323937551064875,0.020992451602034536,1.196741952598205e-15
power_law,78,30,30,30,0.09135847968219667,1.1872374577693057,0.0456792398410984,0.04545668173003125,0.019787290962821762,0.02012736624209544,0.01987429525105658,1.7558860027987532e-15
power_law,78,36,36,24,0.07566649499760823,0.8972930904289849,0.037833247498804116,0.03761856253799398,0.018693606050603852,0.018142125738324043,0.01800716600398402,2.738608917795751e-15
power_law,78,42,42,18,0.06622415015912364,0.6475683337282592,0.03311207507956184,0.03233649968706284,0.01798800927022942,0.018473526687762983,0.018263414919606556,2.2769976833316855e-15
power_law,78,48,48,12,0.06044793669555375,0.4186806180558758,0.03022396834777687,0.02937516102857374,0.017445025752328158,0.018382266839980087,0.01824296474573582,2.4207711282298575e-15
power_law,78,54,54,6,0.04644842427448804,0.19109590813910235,0.023224212137244023,0.023339324305173943,0.015924659011591864,0.016091925025453743,0.016185041097342624,3.645300930488483e-15
power_law,78,60,60,0,0.0,0.0,0.0,0.0,0.0,0.0,0.0,0.0
power_law,79,6,6,54,0.6668835853500209,3.4907782576210353,0.33344179267501023,0.32771113776939265,0.03232202090389848,0.0320812736563258,0.03189797878005771,9.623206311582737e-16
power_law,79,12,12,48,0.4319795795706325,2.704382870755362,0.21598978978531638,0.209954564869249,0.028170654903701686,0.03027541220625382,0.030073964445362172,1.2894541875620706e-15
power_law,79,18,18,42,0.22122682841453112,2.035638191576635,0.11061341420726559,0.10925799095858087,0.02423378799495994,0.024862156506086266,0.024739479367023615,1.4660858055944044e-15
power_law,79,24,24,36,0.1557463837693914,1.6108772329986112,0.07787319188469563,0.08029300243658435,0.022373294902758488,0.023161298019140478,0.02322373279635892,1.2077665968885505e-15
power_law,79,30,30,30,0.1183993634515357,1.2404134736635566,0.05919968172576788,0.06017963460103014,0.02067355789439261,0.02006443342838443,0.01992466659385104,1.4521611996699435e-15
power_law,79,36,36,24,0.09025712242761834,0.9125571434914957,0.04512856121380912,0.04614792607169406,0.019011607156072828,0.018827297519416426,0.018614446396056597,2.097842471797988e-15
power_law,79,42,42,18,0.06431607978345999,0.6317665188204719,0.03215803989173005,0.03169093071983664,0.01754906996723533,0.017927849294355785,0.017918180124274347,2.3468077024944957e-15
power_law,79,48,48,12,0.05386301580750587,0.3891764249511354,0.026931507903752934,0.026926088627218698,0.016215684372963977,0.01655723284765273,0.016496833132979293,2.268952761518026e-15
power_law,79,54,54,6,0.042986818885414065,0.20061249995732713,0.021493409442707043,0.021779000968227567,0.016717708329777262,0.016768449118832525,0.016522151401482648,3.2144601358784658e-15
power_law,79,60,60,0,0.0,0.0,0.0,0.0,0.0,0.0,0.0,0.0
power_law,80,6,6,54,0.49460758870670685,3.4439780526279433,0.24730379435335362,0.2444806902164588,0.03188868567248096,0.030150996674338303,0.030014387343877652,1.1076840809374884e-15
power_law,80,12,12,48,0.3055329617681864,2.6060767370642988,0.1527664808840931,0.1508630084301512,0.02714663267775311,0.026296738488452546,0.026236855449058183,1.031048002307643e-15
power_law,80,18,18,42,0.1687154828637393,2.0051018808533647,0.08435774143186968,0.08215193567380871,0.02387026048634958,0.024433318199391124,0.024487000524701794,1.1586519125549657e-15
power_law,80,24,24,36,0.1390161633495652,1.566858618014992,0.06950808167478259,0.07192572934775968,0.02176192525020822,0.022272445811637502,0.022207693146491528,1.2257327260530055e-15
power_law,80,30,30,30,0.1158157249107828,1.226282521721646,0.05790786245539141,0.059263993638699525,0.0204380420286941,0.020978215650130902,0.020772684624987693,1.4510150911434505e-15
power_law,80,36,36,24,0.07814529189200721,0.9002134183378334,0.039072645946003556,0.037970208110714235,0.01875444621537153,0.01966288109630678,0.01945197334155501,2.5912434267791784e-15
power_law,80,42,42,18,0.07060342746314319,0.6476975982710672,0.035301713731571656,0.03535000861459934,0.01799159995197409,0.01829199322698852,0.01816952935510493,2.382847624358642e-15
power_law,80,48,48,12,0.05445448761306467,0.41475241905253496,0.02722724380653237,0.026613759168241387,0.017281350793855624,0.016946893835284367,0.01681760669318621,2.7126120920467893e-15
power_law,80,54,54,6,0.04647640728930162,0.19688519956801276,0.023238203644650818,0.022495991436874217,0.016407099964001064,0.01625438553838822,0.01595101767490554,3.0863288558154747e-15
power_law,80,60,60,0,0.0,0.0,0.0,0.0,0.0,0.0,0.0,0.0
power_law,81,6,6,54,0.8319757403712219,3.689075055698748,0.4159878701856107,0.41899008841093843,0.034158102367581,0.0318549310369185,0.03176548551286818,1.059148392125414e-15
power_law,81,12,12,48,0.2469184285766297,2.536371444706107,0.12345921428831463,0.1234869583551987,0.02642053588235528,0.026839534806686938,0.026592044798029783,1.1810320686409408e-15
power_law,81,18,18,42,0.1856949333694469,1.974995214112417,0.09284746668472342,0.08913678107004983,0.023511847787052582,0.024727068376751055,0.024426646977914353,1.1869089493264033e-15
power_law,81,24,24,36,0.15281757280112873,1.5361173209121295,0.07640878640056437,0.0735378449480243,0.021334962790446242,0.020566299008214724,0.0205032395976599,1.1528051469997466e-15
power_law,81,30,30,30,0.12622530994680492,1.198000129920042,0.0631126549734026,0.06028911521255746,0.0199666688320007,0.020872772310497494,0.02077980217534252,1.3773776848259577e-15
power_law,81,36,36,24,0.09376820452158771,0.918643092262492,0.04688410226079385,0.045740778738899465,0.01913839775546858,0.019462734446341223,0.01947200627845501,2.0916229610141214e-15
power_law,81,42,42,18,0.08526451769763468,0.6636551594125111,0.04263225884881734,0.04190594136911806,0.018434865539236418,0.01862405899722136,0.018622511040885394,2.6539507669299406e-15
power_law,81,48,48,12,0.06003226567662971,0.4245946837079039,0.030016132838314828,0.030055468048094627,0.017691445154495996,0.01810501790833477,0.018036155256491396,2.8678843790347427e-15
power_law,81,54,54,6,0.04372793815041698,0.20451827141486112,0.021863969075208475,0.02200100100432123,0.01704318928457176,0.01694871548173626,0.01708817209575902,3.622641783672742e-15
power_law,81,60,60,0,0.0,0.0,0.0,0.0,0.0,0.0,0.0,0.0
power_law,82,6,6,54,0.6092141796857483,3.3411229545888386,0.3046070898428743,0.3135071723784244,0.030936323653600356,0.03407000484456597,0.03437932906858237,9.081113784707506e-16
power_law,82,12,12,48,0.31091299961270774,2.508433213875644,0.1554564998063539,0.1623035123708783,0.02612951264453796,0.026345660708520978,0.02634936274960178,1.3047180480210258e-15
power_law,82,18,18,42,0.24279383564475962,2.026817638145935,0.12139691782237994,0.12639758614015495,0.02412878140649923,0.023865565452150253,0.02403168198896929,1.0417193021441038e-15
power_law,82,24,24,36,0.17985195876726312,1.5743380548110384,0.08992597938363163,0.08942912236126406,0.021865806316819978,0.021710605581342607,0.021638191915938694,1.1994637196958786e-15
power_law,82,30,30,30,0.12416930923771327,1.2355265558191164,0.06208465461885658,0.06105089814167848,0.02059210926365194,0.020067549791719905,0.019964892904552063,1.351848922513967e-15
power_law,82,36,36,24,0.10030560862558305,0.9463038511009352,0.050152804312791566,0.051111137524311574,0.019714663564602816,0.019762141065173478,0.019692445816179304,2.1029963005860175e-15
power_law,82,42,42,18,0.07728503154495105,0.6694893203218655,0.038642515772475516,0.039596268053126285,0.018596925564496262,0.018673456736968783,0.0186830022102697,2.6377820738025344e-15
power_law,82,48,48,12,0.0559659056520535,0.41801796161746707,0.027982952826026777,0.027731939045062395,0.01741741506739446,0.017480395929779968,0.017567568667646635,3.1944312427825434e-15
power_law,82,54,54,6,0.04251048338521767,0.19569138466805164,0.021255241692608836,0.02117579530464043,0.016307615389004302,0.016385336627189426,0.016472820593699273,3.2088878015459745e-15
power_law,82,60,60,0,0.0,0.0,0.0,0.0,0.0,0.0,0.0,0.0
power_law,83,6,6,54,0.3993167685135609,3.2075315165536935,0.1996583842567808,0.20222618592608044,0.02969936589401568,0.029080183586867817,0.029378481745682035,1.137444909815571e-15
power_law,83,12,12,48,0.30557196197367004,2.6142883267193664,0.1527859809868351,0.15289639135794683,0.0272321700699934,0.028476535999371208,0.02854576388579548,1.030220261339777e-15
power_law,83,18,18,42,0.2098516237078568,2.023721125446628,0.10492581185392838,0.10306548827830148,0.024091918160078902,0.024044036448210224,0.024256369263942458,1.456942899494952e-15
power_law,83,24,24,36,0.14236258708065283,1.5683293386207262,0.0711812935403264,0.0729745239062089,0.021782351925287866,0.022566300214331488,0.022733405260459895,9.200306788955888e-16
power_law,83,30,30,30,0.11472328756689618,1.2268361315541558,0.057361643783448206,0.05789153362727384,0.02044726885923593,0.020705749056650277,0.020790866449853555,1.4054608105578481e-15
power_law,83,36,36,24,0.08563548914712114,0.9066216951790415,0.04281774457356053,0.043528858694850785,0.018887951982896698,0.018976909090836998,0.019047886197157624,1.880776386818322e-15
power_law,83,42,42,18,0.06481613192620542,0.6328522044679645,0.03240806596310267,0.03300031283042976,0.017579227901887904,0.01714036757550791,0.0171694317002647,1.9522842997939667e-15
power_law,83,48,48,12,0.05538354469694911,0.414042856899874,0.027691772348474537,0.027954706700774754,0.01725178570416142,0.017584243377676608,0.017693262721602085,2.642758118102659e-15
power_law,83,54,54,6,0.045692100263923854,0.20228650925767538,0.022846050131961927,0.022273818172319347,0.016857209104806283,0.01668756133169491,0.01667605350537745,3.0123720578029964e-15
power_law,83,60,60,0,0.0,0.0,0.0,0.0,0.0,0.0,0.0,0.0
power_law,84,6,6,54,0.4417095866810921,3.2313873339842853,0.22085479334054622,0.22293275709995478,0.029920253092447086,0.03024618145922302,0.030430668198030315,9.633457882756076e-16
power_law,84,12,12,48,0.2925323544712022,2.5201388818860617,0.14626617723560104,0.14680441129397348,0.026251446686313143,0.02591397917118536,0.02599283081165872,8.361496387660855e-16
power_law,84,18,18,42,0.18482648050292033,1.9449998919405616,0.09241324025146025,0.09242716866611547,0.023154760618340018,0.02256731076954626,0.022596445602299377,1.0841490747562468e-15
power_law,84,24,24,36,0.17365477890449016,1.6247457115261477,0.08682738945224511,0.0876269104968124,0.022565912660085383,0.02263084812566928,0.022607079755308235,1.208479760901059e-15
power_law,84,30,30,30,0.141463757734324,1.2872818092344354,0.07073187886716205,0.0703621602695543,0.021454696820573924,0.02228477843260503,0.022269062947951335,1.1300686201725332e-15
power_law,84,36,36,24,0.10069341333384493,0.9636795166183385,0.050346706666922474,0.049643686742284476,0.020076656596215384,0.019521036500939174,0.01946972240027184,1.8205725752355107e-15
power_law,84,42,42,18,0.06670278472022695,0.6784902286105824,0.03335139236011349,0.032782627901976724,0.0188469507947384,0.0186573487459894,0.018456803476905426,2.123542563428008e-15
power_law,84,48,48,12,0.051547486991476446,0.42134980330053917,0.025773743495738206,0.02578157317410039,0.017556241804189132,0.017449727753309822,0.017438709647628257,2.2776353559752057e-15
power_law,84,54,54,6,0.04038876672369827,0.20522982386854122,0.020194383361849137,0.019560959652650076,0.017102485322378434,0.017103322499484652,0.01708936330528442,2.71145582999955e-15
power_law,84,60,60,0,0.0,0.0,0.0,0.0,0.0,0.0,0.0,0.0
power_law,85,6,6,54,0.7003631778818706,3.5319680913274265,0.35018158894093543,0.34761946580934444,0.032703408253031724,0.03132231935736296,0.03137886991379626,8.00606583315839e-16
power_law,85,12,12,48,0.3717557560547415,2.6656450968042744,0.185877878027371,0.1843561282835773,0.027767136425044525,0.02987989722710756,0.02981472966718685,9.79164962872668e-16
power_law,85,18,18,42,0.2438324963507466,2.0065527916185553,0.12191624817537317,0.11985463257003992,0.02388753323355423,0.02493417954296545,0.02485962593460255,1.1790981422115393e-15
power_law,85,24,24,36,0.14075926145384637,1.5776846242727933,0.0703796307269232,0.07081096773910667,0.021912286448233242,0.021334413676278162,0.02140736417926735,1.1722899935915022e-15
power_law,85,30,30,30,0.12174491827192552,1.2403041097949918,0.06087245913596273,0.06098724266436484,0.020671735163249865,0.020545272217523135,0.02067306332056216,1.4021372879618773e-15
power_law,85,36,36,24,0.1016282129840017,0.931245432005469,0.050814106492000806,0.051049273555532106,0.01940094650011394,0.01849909822943607,0.018494257340212955,2.643067255892773e-15
power_law,85,42,42,18,0.06859452678854405,0.6463861302249007,0.03429726339427204,0.03343915796255763,0.017955170284025018,0.01781823675945683,0.017797150893943448,2.373391961091132e-15
power_law,85,48,48,12,0.05442774749305398,0.4142091905456513,0.02721387374652695,0.02747420290209928,0.01725871627273547,0.017475869979323117,0.01752753240533728,2.2826117810838518e-15
power_law,85,54,54,6,0.04109201164559978,0.1984088609101058,0.02054600582279989,0.02117992529056295,0.016534071742508816,0.01645523756527801,0.016719354644970704,2.710631883273492e-15
power_law,85,60,60,0,0.0,0.0,0.0,0.0,0.0,0.0,0.0,0.0
power_law,86,6,6,54,0.7856732739648753,3.575974585884102,0.3928366369824374,0.39005171167688857,0.03311087579522317,0.031427443734315975,0.03158228769059662,1.2505419693179898e-15
power_law,86,12,12,48,0.2531700350893253,2.481358696712455,0.12658501754466234,0.12685379123646745,0.025847486424088073,0.025959176733438276,0.026221803332919874,1.2065791635055672e-15
power_law,86,18,18,42,0.20844881589350928,2.01159574427144,0.1042244079467547,0.10566311415801369,0.02394756838418381,0.0234121764895579,0.023561063613436947,1.42811749271228e-15
power_law,86,24,24,36,0.16547583308952377,1.575830265272112,0.08273791654476197,0.08344877607559285,0.021886531462112665,0.021537348714633996,0.021622249132865482,1.3502838974585107e-15
power_law,86,30,30,30,0.12030651493109101,1.2365161025432143,0.0601532574655455,0.06003366093121068,0.020608601709053573,0.02112010354431443,0.02102328234245705,1.2548688280906226e-15
power_law,86,36,36,24,0.08303448003009149,0.9260602207273055,0.041517240015045746,0.04300075873962987,0.0192929212651522,0.0192970763859003,0.019440786353303117,2.0814033403951113e-15
power_law,86,42,42,18,0.07506748846475095,0.6627878239397696,0.03753374423237547,0.03745428459209063,0.018410772887215824,0.01845007705335937,0.01855762492130419,2.7196677363257635e-15
power_law,86,48,48,12,0.06038913009213378,0.4258265556411335,0.030194565046066848,0.029894967469151067,0.017742773151713895,0.017528622524543597,0.017541537864065586,2.531145473614013e-15
power_law,86,54,54,6,0.050068881779714344,0.21585767545216072,0.02503444088985717,0.025633571552875777,0.017988139621013394,0.017983653676482057,0.018145360575901506,3.628660351097257e-15
power_law,86,60,60,0,0.0,0.0,0.0,0.0,0.0,0.0,0.0,0.0
power_law,87,6,6,54,0.5073390724503081,3.2354470951839884,0.2536695362251539,0.25698956156024966,0.02995784347392582,0.03088648727511823,0.030800515157220435,9.611320745627249e-16
power_law,87,12,12,48,0.30777499195387964,2.4795419745165432,0.15388749597693957,0.15491289029475747,0.025828562234547325,0.025993491058049528,0.026028231758479136,1.1635822912349381e-15
power_law,87,18,18,42,0.1731683337210078,1.9159189373928802,0.08658416686050384,0.08693065801086042,0.02280855877848667,0.022200487135450857,0.02237543705318455,1.3899362416147645e-15
power_law,87,24,24,36,0.1514070436315334,1.5709059718033094,0.07570352181576674,0.0762608280905584,0.021818138497268186,0.02191613770391793,0.02193507423446555,1.3789391597398424e-15
power_law,87,30,30,30,0.14282526875226076,1.2638010767479173,0.07141263437613028,0.07171004197669861,0.021063351279131955,0.021610830546941746,0.021558857650690585,1.400467191546232e-15
power_law,87,36,36,24,0.1298954219716033,0.985990714818074,0.06494771098580163,0.06598625588338254,0.02054147322537654,0.01963775716541051,0.019717322200623964,1.8713875343398748e-15
power_law,87,42,42,18,0.09534678852405526,0.6925012492946196,0.0476733942620276,0.04671222012463916,0.019236145813739433,0.019461923194882387,0.01952052190836353,2.8890070035549596e-15
power_law,87,48,48,12,0.07906847767356723,0.4535890140440289,0.03953423883678358,0.03873191012207153,0.018899542251834538,0.01987417443472445,0.019675374307403563,2.764536414890113e-15
power_law,87,54,54,6,0.04996899797428717,0.2149480927690373,0.02498449898714358,0.024854570483365864,0.017912341064086443,0.017864985947700127,0.01757730171808817,3.3437604516514306e-15
power_law,87,60,60,0,0.0,0.0,0.0,0.0,0.0,0.0,0.0,0.0
power_law,88,6,6,54,0.5648669163509858,3.35543559579365,0.2824334581754932,0.2841688830752753,0.03106884810920046,0.03094261768901794,0.03099644983388421,9.15126506628938e-16
power_law,88,12,12,48,0.21493070836503206,2.444699473944481,0.10746535418251596,0.10882445331910279,0.02546561952025501,0.02465821615795176,0.024598812431645644,1.0120703605075271e-15
power_law,88,18,18,42,0.1949077188986349,1.9949468894524385,0.09745385944931738,0.10154321811953418,0.023749367731576647,0.023758333987462604,0.02387105456294343,9.984057448470688e-16
power_law,88,24,24,36,0.13037159579321023,1.5838444155082492,0.06518579789660513,0.06698217297060158,0.021997839104281238,0.022329391850872723,0.022504859404918393,1.1104532404662522e-15
power_law,88,30,30,30,0.11048193988515971,1.2424010108351955,0.05524096994257989,0.05571350059459462,0.020706683513919924,0.02114376547169186,0.02104116697218157,1.4828709524367752e-15
power_law,88,36,36,24,0.10004805307183572,0.948902523660597,0.050024026535917934,0.050533703369143985,0.01976880257626244,0.02043449220663203,0.020371353023069957,2.1368177440013272e-15
power_law,88,42,42,18,0.08659323263369156,0.6762516174437427,0.04329661631684579,0.043511368452613206,0.018784767151215076,0.018671671994573272,0.018609026865606032,2.1803027029007262e-15
power_law,88,48,48,12,0.060088782146408726,0.44016711685218973,0.030044391073204342,0.03092748636174125,0.018340296535507904,0.01819140129647992,0.018203878289116727,3.1166013555021005e-15
power_law,88,54,54,6,0.04839008205632704,0.20908872798925304,0.02419504102816352,0.023713614333173472,0.017424060665771086,0.01800324262481231,0.018206446158869502,2.9926145967297794e-15
power_law,88,60,60,0,0.0,0.0,0.0,0.0,0.0,0.0,0.0,0.0
power_law,89,6,6,54,0.6032839252350451,3.473230295084135,0.3016419626175227,0.30584421068291284,0.03215953976929754,0.03254061919153099,0.03268248520528957,7.905191747808415e-16
power_law,89,12,12,48,0.2603348807955553,2.528544668309393,0.13016744039777756,0.129304220078326,0.026339006961556177,0.026732904555986772,0.02667958743535996,1.17537687653136e-15
power_law,89,18,18,42,0.21610176346820067,2.0144455729600512,0.10805088173410027,0.10706463529019578,0.023981494916191087,0.024287587709802178,0.024427119453427383,1.1012246157857054e-15
power_law,89,24,24,36,0.1578286064595349,1.5795765184843,0.07891430322976747,0.07806265344157358,0.021938562756726388,0.022506098143843016,0.02260853224968039,1.099956365290912e-15
power_law,89,30,30,30,0.13126958483563705,1.2654179634587797,0.0656347924178185,0.06449450308901335,0.02109029939097966,0.02176945812146586,0.021857208708178786,1.574907158673938e-15
power_law,89,36,36,24,0.0978203251726373,0.9588367996087717,0.04891016258631866,0.04942822142797974,0.019975766658516077,0.019213150410871467,0.01911470382818819,2.217163937642109e-15
power_law,89,42,42,18,0.0871177855289628,0.697230509350782,0.043558892764481376,0.04297697201020488,0.019367514148632834,0.019731154732853202,0.019768903436754262,2.589639648444059e-15
power_law,89,48,48,12,0.07316722184644797,0.4651867608364282,0.036583610923223965,0.03655758484835253,0.019382781701517842,0.01934725921219141,0.01936058536425372,2.545943884876627e-15
power_law,89,54,54,6,0.048969021925461306,0.21852547992133442,0.024484510962730646,0.02434255999826311,0.0182104566601112,0.018734135898695548,0.018907445622225048,4.655062694988249e-15
power_law,89,60,60,0,0.0,0.0,0.0,0.0,0.0,0.0,0.0,0.0
power_law,90,6,6,54,0.3710954706711113,3.192764286283408,0.1855477353355558,0.18601706106857988,0.029562632280401926,0.028567199966216896,0.02841324127417172,8.058176305296261e-16
power_law,90,12,12,48,0.22835113685931677,2.5163773234113336,0.11417556842965829,0.10933207670133134,0.026212263785534724,0.026427269401988564,0.026271400006849938,9.689236822735248e-16
power_law,90,18,18,42,0.17371274761044733,1.9411282256411957,0.08685637380522361,0.08274134034055886,0.023108669352871376,0.02263288326097123,0.022455523569648788,1.139719765420876e-15
power_law,90,24,24,36,0.14312554280984333,1.5474402907933136,0.07156277140492177,0.07141445916157292,0.021492226261018245,0.021778778473728104,0.021679518014696253,1.3336086081359351e-15
power_law,90,30,30,30,0.11862711045947293,1.2215414727147162,0.05931355522973646,0.059634720615686844,0.020359024545245272,0.020580287955259853,0.020368174569881263,1.6409996038153827e-15
power_law,90,36,36,24,0.08240227077317462,0.9220269823654828,0.04120113538658728,0.0405828192685348,0.01920889546594756,0.019144037849223056,0.019095167797513822,2.3673612387232377e-15
power_law,90,42,42,18,0.06595466134757519,0.659813671908349,0.032977330673787615,0.032626394201968,0.018328157553009695,0.017242066477447048,0.017134829862668784,2.303659326786568e-15
power_law,90,48,48,12,0.0644647827870972,0.42651405271563403,0.03223239139354858,0.03202734582365658,0.01777141886315142,0.018062247436767105,0.01795927432635142,2.284100728058872e-15
power_law,90,54,54,6,0.04747967185097245,0.20663817662514058,0.02373983592548622,0.02365712904314292,0.01721984805209505,0.017356241844652752,0.01723098300697374,3.0570103807083465e-15
power_law,90,60,60,0,0.0,0.0,0.0,0.0,0.0,0.0,0.0,0.0
power_law,91,6,6,54,0.3521091685330081,3.2024703366928278,0.17605458426650442,0.17961449618887027,0.029652503117526183,0.030800699753206873,0.030748508455774537,8.924189814455123e-16
power_law,91,12,12,48,0.30786100726516075,2.63437820676145,0.15393050363258043,0.15509994338429225,0.027441439653765106,0.02656157481116081,0.02643978685394607,1.1943199442058565e-15
power_law,91,18,18,42,0.21150358185077328,2.0158076677662997,0.1057517909253869,0.10415337592147819,0.023997710330551186,0.023343542930534325,0.023118347157786254,1.164412501882508e-15
power_law,91,24,24,36,0.17839319679865742,1.5780796517477995,0.08919659839932871,0.0890146549594849,0.02191777294094166,0.022537190020033827,0.02255869819794526,1.1910853353909195e-15
power_law,91,30,30,30,0.13185621115877846,1.2431090961239486,0.06592810557938915,0.06521286207525356,0.020718484935399142,0.02042031628447734,0.02035425564280936,1.4054923680581519e-15
power_law,91,36,36,24,0.11719077793427421,0.9654924285563841,0.05859538896713719,0.05819195963773695,0.020114425594924667,0.020272075184085893,0.020090082105563845,2.105730528698085e-15
power_law,91,42,42,18,0.07667764239069418,0.676045015312072,0.03833882119534711,0.03846049476025143,0.01877902820311311,0.018426365087972497,0.018296341245910314,2.532775575080539e-15
power_law,91,48,48,12,0.05793526278160263,0.4301624426088645,0.028967631390801277,0.02944230910700106,0.017923435108702687,0.017587520769936082,0.017315522115980416,3.060754621870148e-15
power_law,91,54,54,6,0.04396411241806142,0.20260718897864144,0.021982056209030706,0.021555201115492396,0.016883932414886785,0.01689843631312021,0.016716961802494733,3.089816183314783e-15
power_law,91,60,60,0,0.0,0.0,0.0,0.0,0.0,0.0,0.0,0.0
power_law,92,6,6,54,0.584959140639702,3.554694445424722,0.2924795703198506,0.289607028573732,0.03291383745763631,0.02844184379826188,0.028346063198948328,9.406520728730295e-16
power_law,92,12,12,48,0.4649923316264342,2.7744375552218226,0.23249616581321686,0.2272580154989909,0.02890039120022732,0.028380940847455613,0.028438051851234866,9.696928931898666e-16
power_law,92,18,18,42,0.3215816833476077,2.1697715905829593,0.16079084167380395,0.15942208266801167,0.02583061417360666,0.024992136648706004,0.025001297632813203,9.785922924133848e-16
power_law,92,24,24,36,0.1944358170413543,1.6686093703423364,0.09721790852067705,0.09605401096815017,0.02317513014364356,0.022527984596525163,0.02253067819050615,1.3928539083987282e-15
power_law,92,30,30,30,0.1158866443551464,1.267374976615245,0.0579433221775732,0.05919179185350891,0.02112291627692075,0.02126100635577862,0.021248595377080272,1.437639841826536e-15
power_law,92,36,36,24,0.07758923298088152,0.9467613691693874,0.03879461649044081,0.03884654860157909,0.019724195191028904,0.019788633831975586,0.019805575915915582,2.4701218386598465e-15
power_law,92,42,42,18,0.07227259617945143,0.6612737989298837,0.03613629808972575,0.036826942087060194,0.018368716636941215,0.017643068035411998,0.017614614183115204,2.347700137890234e-15
power_law,92,48,48,12,0.06351184507557946,0.4445358169032573,0.03175592253778973,0.03296387286640505,0.018522325704302386,0.019123791795349357,0.019302888910779272,2.7840336513218364e-15
power_law,92,54,54,6,0.05319182302118928,0.21382410655517076,0.026595911510594653,0.02693089525872284,0.01781867554626423,0.018235609223743357,0.018273957342983024,2.813552868345799e-15
power_law,92,60,60,0,0.0,0.0,0.0,0.0,0.0,0.0,0.0,0.0
power_law,93,6,6,54,0.42729956474114195,3.259801355683433,0.2136497823705712,0.21381501105268824,0.03018334588595771,0.031201456467602508,0.031009766718300046,7.661675832364406e-16
power_law,93,12,12,48,0.2966646292304138,2.542963531122057,0.14833231461520704,0.14433548200483975,0.026489203449188092,0.027336848789246086,0.027110786173743136,1.1702784559063923e-15
power_law,93,18,18,42,0.2073598777837806,1.9715808595014277,0.10367993889189003,0.10023255169174818,0.02347120070835033,0.02408658236301782,0.023757959875832534,1.131811544416504e-15
power_law,93,24,24,36,0.15128060004532498,1.6049719664520228,0.0756403000226625,0.07477602189661413,0.02229127731183365,0.021219940300979206,0.02095046083222352,1.2317761241149065e-15
power_law,93,30,30,30,0.1196422677796927,1.248898413288867,0.059821133889846334,0.05841734584314688,0.02081497355481445,0.020428218425711867,0.020222066281726285,1.5364358879876946e-15
power_law,93,36,36,24,0.08425778060486365,0.9357680848692387,0.0421288903024318,0.042062219055376285,0.019495168434775806,0.019807915776396744,0.01972840936067172,2.1372010733496074e-15
power_law,93,42,42,18,0.07107260161226414,0.6630504348112497,0.03553630080613209,0.034699312113431066,0.018418067633645827,0.018106064399002933,0.018001013117937927,2.2605013310557457e-15
power_law,93,48,48,12,0.051562328926549744,0.42143484811913,0.025781164463274883,0.025203231473314085,0.017559785338297083,0.017736119030429744,0.01741378346166552,2.562105187460359e-15
power_law,93,54,54,6,0.04520711351810982,0.20096021650805038,0.022603556759054916,0.021622355671119906,0.016746684709004197,0.016681540997780683,0.01666990503121696,3.9417150389537004e-15
power_law,93,60,60,0,0.0,0.0,0.0,0.0,0.0,0.0,0.0,0.0
power_law,94,6,6,54,0.46350345840088353,3.242163816409255,0.2317517292004417,0.22670437874681781,0.030020035337122733,0.029560551786815135,0.029517438824514172,9.902667987593652e-16
power_law,94,12,12,48,0.1963023842968527,2.39890096950276,0.09815119214842646,0.09837027197267761,0.02498855176565375,0.025176514930913607,0.02505752331127923,9.356232546082294e-16
power_law,94,18,18,42,0.15906231331337423,1.9286366702646796,0.07953115665668713,0.07755544602362029,0.022959960360293803,0.023960376150610085,0.023723380106667503,1.3269764215459826e-15
power_law,94,24,24,36,0.11964760185561876,1.5348931647557855,0.05982380092780937,0.05833771772807336,0.021317960621608133,0.021052690336938476,0.0209868145557346,1.1146008636954923e-15
power_law,94,30,30,30,0.1143120497676499,1.1959168087286909,0.05715602488382506,0.055396398615391446,0.019931946812144847,0.019834727720685758,0.01977020321228539,1.459999230801297e-15
power_law,94,36,36,24,0.09409777393509416,0.9333845325660292,0.04704888696754714,0.04495979554573684,0.019445511095125607,0.019364632428161527,0.019220243988056725,2.3291088634804877e-15
power_law,94,42,42,18,0.0794163843905366,0.6682481035699928,0.03970819219526828,0.0381296826544493,0.01856244732138869,0.018009530746811584,0.017792369881003398,2.093933059232268e-15
power_law,94,48,48,12,0.06203410612883,0.4162102759122106,0.031017053064415035,0.02994245941618339,0.017342094829675442,0.017246486180797646,0.01715529868081963,2.778003588868372e-15
power_law,94,54,54,6,0.04485641215923598,0.19979910295215958,0.022428206079618,0.02173865044627439,0.0166499252460133,0.01680050530781128,0.016757656468223078,3.151499630493132e-15
power_law,94,60,60,0,0.0,0.0,0.0,0.0,0.0,0.0,0.0,0.0
power_law,95,6,6,54,0.42217796265545415,3.36410160085701,0.21108898132772688,0.21450768635259138,0.03114908889682417,0.030764859959345196,0.030884816793601718,9.083358658564267e-16
power_law,95,12,12,48,0.2901649996562421,2.5882717518590233,0.1450824998281212,0.14964481947410269,0.026961164081864827,0.0285825121333046,0.02864342424298124,1.1490164735913184e-15
power_law,95,18,18,42,0.1999872592404498,1.9957170783240974,0.0999936296202248,0.1006391771246456,0.023758536646715445,0.023441459785190764,0.023329592162364993,1.4851039435325735e-15
power_law,95,24,24,36,0.1400978441603453,1.581852138755902,0.07004892208017269,0.07058856516085756,0.02197016859383197,0.0223968523862929,0.022321767775579912,1.3060866827203023e-15
power_law,95,30,30,30,0.11749169306367223,1.2498423831954448,0.05874584653183614,0.05887299889164571,0.020830706386590746,0.02090009543654054,0.020837629885847465,1.643049832675122e-15
power_law,95,36,36,24,0.07314754803443724,0.9283897270909116,0.03657377401721863,0.037277675062643977,0.019341452647727325,0.018857339225621446,0.018931180004736304,1.8390356931727563e-15
power_law,95,42,42,18,0.06998606824103598,0.6674373531530924,0.03499303412051804,0.03474939050413202,0.01853992647647479,0.01868032965402451,0.018770593222988845,2.1421099947730988e-15
power_law,95,48,48,12,0.06223374184667663,0.4435396087960082,0.031116870923338327,0.030960428243761703,0.018480817033167007,0.018370432728703416,0.018338247401402077,3.2581760603197765e-15
power_law,95,54,54,6,0.04398373754671752,0.21114677027869483,0.021991868773358784,0.022411756238424806,0.017595564189891236,0.017477250993277932,0.017529123039106222,3.606050150782256e-15
power_law,95,60,60,0,0.0,0.0,0.0,0.0,0.0,0.0,0.0,0.0
power_law,96,6,6,54,0.5967706079919105,3.2943776555781543,0.2983853039959551,0.2962676523682984,0.030503496810908835,0.03311410451494676,0.032622263850652714,8.380207509729775e-16
power_law,96,12,12,48,0.3458091031487381,2.5133399342883824,0.17290455157436915,0.17171396515075332,0.026180624315503984,0.02667113663302173,0.026405400702828298,9.669144782925439e-16
power_law,96,18,18,42,0.21942162647774688,1.974717983590237,0.10971081323887337,0.10738621038778376,0.0235085474236933,0.023180479984642424,0.02292127206322763,1.042788628269058e-15
power_law,96,24,24,36,0.1510911504895254,1.591399090728865,0.07554557524476274,0.07209779246526832,0.022102765149012014,0.022128262102096043,0.022040327665554686,1.2226300983418653e-15
power_law,96,30,30,30,0.11558906544593445,1.23684540501541,0.057794532722967265,0.055474180312016244,0.020614090083590168,0.020465875947152462,0.020135784219128632,1.5348678002882222e-15
power_law,96,36,36,24,0.10582916096224369,0.9687179424173953,0.052914580481121874,0.049976181884780854,0.0201816238003624,0.019485212649050555,0.01931365166940114,2.0138941398614552e-15
power_law,96,42,42,18,0.07017320034405561,0.669749206167829,0.0350866001720278,0.034959914717797774,0.018604144615773026,0.018266605810127973,0.01808192867398365,2.419615175239051e-15
power_law,96,48,48,12,0.058999761733913386,0.4265205468821589,0.029499880866956672,0.028477454437227268,0.01777168945342329,0.018039598790378458,0.0177455983298992,3.022942116080685e-15
power_law,96,54,54,6,0.047489675474163405,0.20815803429268043,0.023744837737081678,0.02325445412358411,0.017346502857723368,0.017275940234247895,0.01710572314969766,3.2734983535951006e-15
power_law,96,60,60,0,0.0,0.0,0.0,0.0,0.0,0.0,0.0,0.0
power_law,97,6,6,54,0.49226489377854593,3.3198029540374274,0.2461324468892729,0.24776765748102092,0.03073891624108729,0.03161198885291123,0.0316021795057051,7.862278470272869e-16
power_law,97,12,12,48,0.3499608477337636,2.6072481022460394,0.1749804238668817,0.1779155223245253,0.027158834398396243,0.02729212292093698,0.027236410653975224,1.0613878257748599e-15
power_law,97,18,18,42,0.2524713192413313,2.0462377566864784,0.12623565962066555,0.13030118194073267,0.024359973293886648,0.023819817709153354,0.023884176903759453,1.1191040769346514e-15
power_law,97,24,24,36,0.18975591803971026,1.617722407126093,0.0948779590198552,0.09743501682595548,0.02246836676564018,0.021251052555291968,0.02111990483476412,1.34800595260374e-15
power_law,97,30,30,30,0.16940389879819026,1.288003149310623,0.08470194939909521,0.0872105233595798,0.02146671915517705,0.019899511545211926,0.019964855936191177,1.498272635203244e-15
power_law,97,36,36,24,0.10143604580026902,0.9409706205399411,0.05071802290013443,0.05141425860844526,0.019603554594582105,0.01969624765698754,0.01968283406756549,2.2624492452771722e-15
power_law,97,42,42,18,0.07872956296785938,0.6788710670804561,0.03936478148392969,0.03794160894060464,0.01885752964112378,0.019934606939041397,0.019980781637979714,2.163747356762427e-15
power_law,97,48,48,12,0.06066744957381115,0.438637963311677,0.030333724786905568,0.031076295434236505,0.01827658180465321,0.018098993384246437,0.01825790664136676,2.173900256086052e-15
power_law,97,54,54,6,0.0532320083740535,0.21301189805169957,0.026616004187026754,0.02757124513045365,0.017750991504308297,0.017792410541009704,0.018029756622977285,3.700556945340247e-15
power_law,97,60,60,0,0.0,0.0,0.0,0.0,0.0,0.0,0.0,0.0
power_law,98,6,6,54,0.4712099349375989,3.431453266291635,0.23560496746879903,0.23588235376649985,0.031772715428626246,0.030508940407525192,0.030493788133421997,7.553314114364214e-16
power_law,98,12,12,48,0.26702069157763103,2.552010988780126,0.13351034578881543,0.13509397397418457,0.026583447799792978,0.027276302463906256,0.027334310796120864,9.629517632500228e-16
power_law,98,18,18,42,0.20901282447892344,2.0374127746596242,0.10450641223946174,0.10536100728260026,0.024254913984043145,0.024481973232490097,0.024292559593120946,1.2034108205217189e-15
power_law,98,24,24,36,0.14410074802012718,1.593880279129877,0.07205037401006366,0.07147556307666213,0.022137226099026068,0.022416666801196077,0.02241055634494576,1.5997412741622453e-15
power_law,98,30,30,30,0.12230380222225808,1.2680954465127197,0.06115190111112907,0.060275211133374834,0.02113492410854533,0.02028448591133894,0.02028296058879802,1.377801367353701e-15
power_law,98,36,36,24,0.09799215345739805,0.9757533894454193,0.04899607672869907,0.04828352532727312,0.020328195613446235,0.020568734298418455,0.020545306388388238,1.9742858196179148e-15
power_law,98,42,42,18,0.07772563966674388,0.6951460297204611,0.038862819833371885,0.03831041347895228,0.019309611936679474,0.01976640339871331,0.01974372055055975,3.533896098246556e-15
power_law,98,48,48,12,0.06173782009922641,0.4503288391018293,0.030868910049613205,0.03052527843513967,0.018763701629242888,0.018910231089233308,0.018843566186254067,2.7214270969901918e-15
power_law,98,54,54,6,0.054194693436062105,0.21906672978988723,0.02709734671803106,0.02728114875784588,0.018255560815823937,0.018250059757794423,0.01837011278432983,3.3456275993955017e-15
power_law,98,60,60,0,0.0,0.0,0.0,0.0,0.0,0.0,0.0,0.0
power_law,99,6,6,54,0.41169670651336215,3.245510093121168,0.20584835325668124,0.2057654914094569,0.030051019380751557,0.029134902441096427,0.028847425412503177,8.836417083511245e-16
power_law,99,12,12,48,0.257934153096878,2.4867285176475153,0.1289670765484389,0.1257052386370556,0.025903422058828285,0.025722453952952622,0.025662346849455175,1.0842844274566972e-15
power_law,99,18,18,42,0.17348175864994475,1.9661163508311352,0.08674087932497232,0.0855149935295427,0.02340614703370399,0.022974989033451874,0.02291305290766875,1.2744901118877299e-15
power_law,99,24,24,36,0.13089822358598913,1.5365790850312404,0.06544911179299463,0.06592315268933771,0.02134137618098945,0.02125020207996349,0.021170964618505685,1.469513630436356e-15
power_law,99,30,30,30,0.08957609556827685,1.2103641657180932,0.044788047784138384,0.04382761735377812,0.020172736095301555,0.020811389694386243,0.020715093192471883,1.687438379245282e-15
power_law,99,36,36,24,0.07294381218424813,0.9017367619988944,0.036471906092124064,0.03637193359640236,0.018786182541643635,0.01896800585847641,0.018917532799185455,2.3291669030407355e-15
power_law,99,42,42,18,0.05749622562821765,0.6230696968861893,0.028748112814108797,0.029132361854038058,0.017307491580171926,0.017181349036855427,0.017149661405796227,2.286588955302182e-15
power_law,99,48,48,12,0.05148846504289542,0.39968595020485287,0.025744232521447745,0.025276513928947288,0.016653581258535537,0.017263892624742486,0.017222001839750537,4.784895049027373e-15
power_law,99,54,54,6,0.04588028408023922,0.20634586617813436,0.02294014204011961,0.023108842985554517,0.017195488848177863,0.016616918524883527,0.016802646932191297,3.4306415629049505e-15
power_law,99,60,60,0,0.0,0.0,0.0,0.0,0.0,0.0,0.0,0.0
low_rank,0,6,6,54,1.0000000000000007,5.999999999999999,0.4999999999999999,0.48832573394379736,0.055555555555555546,0.05955275857823608,0.058846990467483824,1.2427332852777457e-15
low_rank,0,12,12,48,0.0,0.0,0.0,0.0,0.0,0.0,0.0,0.0
low_rank,0,18,12,48,0.0,0.0,0.0,0.0,0.0,0.0,0.0,0.0
low_rank,0,24,12,48,0.0,0.0,0.0,0.0,0.0,0.0,0.0,0.0
low_rank,0,30,12,48,0.0,0.0,0.0,0.0,0.0,0.0,0.0,0.0
low_rank,0,36,12,48,0.0,0.0,0.0,0.0,0.0,0.0,0.0,0.0
low_rank,0,42,12,48,0.0,0.0,0.0,0.0,0.0,0.0,0.0,0.0
low_rank,0,48,12,48,0.0,0.0,0.0,0.0,0.0,0.0,0.0,0.0
low_rank,0,54,12,48,0.0,0.0,0.0,0.0,0.0,0.0,0.0,0.0
low_rank,0,60,12,48,0.0,0.0,0.0,0.0,0.0,0.0,0.0,0.0
low_rank,1,6,6,54,1.0000000000000004,6.0,0.5,0.49878662909488014,0.05555555555555555,0.05866685364826183,0.05916468851459423,9.290666307365854e-16
low_rank,1,12,12,48,0.0,0.0,0.0,0.0,0.0,0.0,0.0,0.0
low_rank,1,18,12,48,0.0,0.0,0.0,0.0,0.0,0.0,0.0,0.0
low_rank,1,24,12,48,0.0,0.0,0.0,0.0,0.0,0.0,0.0,0.0
low_rank,1,30,12,48,0.0,0.0,0.0,0.0,0.0,0.0,0.0,0.0
low_rank,1,36,12,48,0.0,0.0,0.0,0.0,0.0,0.0,0.0,0.0
low_rank,1,42,12,48,0.0,0.0,0.0,0.0,0.0,0.0,0.0,0.0
low_rank,1,48,12,48,0.0,0.0,0.0,0.0,0.0,0.0,0.0,0.0
low_rank,1,54,12,48,0.0,0.0,0.0,0.0,0.0,0.0,0.0,0.0
low_rank,1,60,12,48,0.0,0.0,0.0,0.0,0.0,0.0,0.0,0.0
low_rank,2,6,6,54,1.0000000000000002,5.999999999999998,0.5000000000000001,0.4878839579903347,0.05555555555555554,0.0553287303716444,0.05622389992743564,6.983255578624422e-16
low_rank,2,12,12,48,0.0,0.0,0.0,0.0,0.0,0.0,0.0,0.0
low_rank,2,18,12,48,0.0,0.0,0.0,0.0,0.0,0.0,0.0,0.0
low_rank,2,24,12,48,0.0,0.0,0.0,0.0,0.0,0.0,0.0,0.0
low_rank,2,30,12,48,0.0,0.0,0.0,0.0,0.0,0.0,0.0,0.0
low_rank,2,36,12,48,0.0,0.0,0.0,0.0,0.0,0.0,0.0,0.0
low_rank,2,42,12,48,0.0,0.0,0.0,0.0,0.0,0.0,0.0,0.0
low_rank,2,48,12,48,0.0,0.0,0.0,0.0,0.0,0.0,0.0,0.0
low_rank,2,54,12,48,0.0,0.0,0.0,0.0,0.0,0.0,0.0,0.0
low_rank,2,60,12,48,0.0,0.0,0.0,0.0,0.0,0.0,0.0,0.0
low_rank,3,6,6,54,1.0000000000000002,5.999999999999998,0.5000000000000001,0.5032675422459866,0.05555555555555554,0.05988926546902218,0.06049949712972873,1.1028845466144213e-15
low_rank,3,12,12,48,0.0,0.0,0.0,0.0,0.0,0.0,0.0,0.0
low_rank,3,18,12,48,0.0,0.0,0.0,0.0,0.0,0.0,0.0,0.0
low_rank,3,24,12,48,0.0,0.0,0.0,0.0,0.0,0.0,0.0,0.0
low_rank,3,30,12,48,0.0,0.0,0.0,0.0,0.0,0.0,0.0,0.0
low_rank,3,36,12,48,0.0,0.0,0.0,0.0,0.0,0.0,0.0,0.0
low_rank,3,42,12,48,0.0,0.0,0.0,0.0,0.0,0.0,0.0,0.0
low_rank,3,48,12,48,0.0,0.0,0.0,0.0,0.0,0.0,0.0,0.0
low_rank,3,54,12,48,0.0,0.0,0.0,0.0,0.0,0.0,0.0,0.0
low_rank,3,60,12,48,0.0,0.0,0.0,0.0,0.0,0.0,0.0,0.0
low_rank,4,6,6,54,1.000000000000001,5.999999999999999,0.5000000000000002,0.5065552530838748,0.055555555555555546,0.051427959674480765,0.05141336505442705,5.899719542934102e-16
low_rank,4,12,12,48,0.0,0.0,0.0,0.0,0.0,0.0,0.0,0.0
low_rank,4,18,12,48,0.0,0.0,0.0,0.0,0.0,0.0,0.0,0.0
low_rank,4,24,12,48,0.0,0.0,0.0,0.0,0.0,0.0,0.0,0.0
low_rank,4,30,12,48,0.0,0.0,0.0,0.0,0.0,0.0,0.0,0.0
low_rank,4,36,12,48,0.0,0.0,0.0,0.0,0.0,0.0,0.0,0.0
low_rank,4,42,12,48,0.0,0.0,0.0,0.0,0.0,0.0,0.0,0.0
low_rank,4,48,12,48,0.0,0.0,0.0,0.0,0.0,0.0,0.0,0.0
low_rank,4,54,12,48,0.0,0.0,0.0,0.0,0.0,0.0,0.0,0.0
low_rank,4,60,12,48,0.0,0.0,0.0,0.0,0.0,0.0,0.0,0.0
low_rank,5,6,6,54,1.0000000000000007,5.999999999999999,0.5000000000000001,0.48130584262695764,0.055555555555555546,0.05258773648038287,0.052261394807854133,6.35321895316582e-16
low_rank,5,12,12,48,0.0,0.0,0.0,0.0,0.0,0.0,0.0,0.0
low_rank,5,18,12,48,0.0,0.0,0.0,0.0,0.0,0.0,0.0,0.0
low_rank,5,24,12,48,0.0,0.0,0.0,0.0,0.0,0.0,0.0,0.0
low_rank,5,30,12,48,0.0,0.0,0.0,0.0,0.0,0.0,0.0,0.0
low_rank,5,36,12,48,0.0,0.0,0.0,0.0,0.0,0.0,0.0,0.0
low_rank,5,42,12,48,0.0,0.0,0.0,0.0,0.0,0.0,0.0,0.0
low_rank,5,48,12,48,0.0,0.0,0.0,0.0,0.0,0.0,0.0,0.0
low_rank,5,54,12,48,0.0,0.0,0.0,0.0,0.0,0.0,0.0,0.0
low_rank,5,60,12,48,0.0,0.0,0.0,0.0,0.0,0.0,0.0,0.0
low_rank,6,6,6,54,1.0000000000000002,5.999999999999998,0.5000000000000006,0.480203560327968,0.05555555555555554,0.062401251539994644,0.062317651916675224,1.3242640242197838e-15
low_rank,6,12,12,48,0.0,0.0,0.0,0.0,0.0,0.0,0.0,0.0
low_rank,6,18,12,48,0.0,0.0,0.0,0.0,0.0,0.0,0.0,0.0
low_rank,6,24,12,48,0.0,0.0,0.0,0.0,0.0,0.0,0.0,0.0
low_rank,6,30,12,48,0.0,0.0,0.0,0.0,0.0,0.0,0.0,0.0
low_rank,6,36,12,48,0.0,0.0,0.0,0.0,0.0,0.0,0.0,0.0
low_rank,6,42,12,48,0.0,0.0,0.0,0.0,0.0,0.0,0.0,0.0
low_rank,6,48,12,48,0.0,0.0,0.0,0.0,0.0,0.0,0.0,0.0
low_rank,6,54,12,48,0.0,0.0,0.0,0.0,0.0,0.0,0.0,0.0
low_rank,6,60,12,48,0.0,0.0,0.0,0.0,0.0,0.0,0.0,0.0
low_rank,7,6,6,54,1.0000000000000009,6.000000000000001,0.5000000000000006,0.5001457978733512,0.055555555555555566,0.05029653156387578,0.049804839612130475,8.87662662767575e-16
low_rank,7,12,12,48,0.0,0.0,0.0,0.0,0.0,0.0,0.0,0.0
low_rank,7,18,12,48,0.0,0.0,0.0,0.0,0.0,0.0,0.0,0.0
low_rank,7,24,12,48,0.0,0.0,0.0,0.0,0.0,0.0,0.0,0.0
low_rank,7,30,12,48,0.0,0.0,0.0,0.0,0.0,0.0,0.0,0.0
low_rank,7,36,12,48,0.0,0.0,0.0,0.0,0.0,0.0,0.0,0.0
low_rank,7,42,12,48,0.0,0.0,0.0,0.0,0.0,0.0,0.0,0.0
low_rank,7,48,12,48,0.0,0.0,0.0,0.0,0.0,0.0,0.0,0.0
low_rank,7,54,12,48,0.0,0.0,0.0,0.0,0.0,0.0,0.0,0.0
low_rank,7,60,12,48,0.0,0.0,0.0,0.0,0.0,0.0,0.0,0.0
low_rank,8,6,6,54,1.0000000000000004,6.0,0.4999999999999999,0.5024128431852318,0.05555555555555555,0.057852137634872285,0.05871299493492405,9.863362941065297e-16
low_rank,8,12,12,48,0.0,0.0,0.0,0.0,0.0,0.0,0.0,0.0
low_rank,8,18,12,48,0.0,0.0,0.0,0.0,0.0,0.0,0.0,0.0
low_rank,8,24,12,48,0.0,0.0,0.0,0.0,0.0,0.0,0.0,0.0
low_rank,8,30,12,48,0.0,0.0,0.0,0.0,0.0,0.0,0.0,0.0
low_rank,8,36,12,48,0.0,0.0,0.0,0.0,0.0,0.0,0.0,0.0
low_rank,8,42,12,48,0.0,0.0,0.0,0.0,0.0,0.0,0.0,0.0
low_rank,8,48,12,48,0.0,0.0,0.0,0.0,0.0,0.0,0.0,0.0
low_rank,8,54,12,48,0.0,0.0,0.0,0.0,0.0,0.0,0.0,0.0
low_rank,8,60,12,48,0.0,0.0,0.0,0.0,0.0,0.0,0.0,0.0
low_rank,9,6,6,54,1.0000000000000002,5.999999999999999,0.5000000000000002,0.5152997024539558,0.055555555555555546,0.052290214440135485,0.05221469270710301,8.19209418007518e-16
low_rank,9,12,12,48,0.0,0.0,0.0,0.0,0.0,0.0,0.0,0.0
low_rank,9,18,12,48,0.0,0.0,0.0,0.0,0.0,0.0,0.0,0.0
low_rank,9,24,12,48,0.0,0.0,0.0,0.0,0.0,0.0,0.0,0.0
low_rank,9,30,12,48,0.0,0.0,0.0,0.0,0.0,0.0,0.0,0.0
low_rank,9,36,12,48,0.0,0.0,0.0,0.0,0.0,0.0,0.0,0.0
low_rank,9,42,12,48,0.0,0.0,0.0,0.0,0.0,0.0,0.0,0.0
low_rank,9,48,12,48,0.0,0.0,0.0,0.0,0.0,0.0,0.0,0.0
low_rank,9,54,12,48,0.0,0.0,0.0,0.0,0.0,0.0,0.0,0.0
low_rank,9,60,12,48,0.0,0.0,0.0,0.0,0.0,0.0,0.0,0.0
low_rank,10,6,6,54,1.0000000000000007,6.000000000000001,0.5000000000000002,0.48957103872906177,0.055555555555555566,0.0542788403235898,0.054506717265866825,5.226496364606231e-16
low_rank,10,12,12,48,0.0,0.0,0.0,0.0,0.0,0.0,0.0,0.0
low_rank,10,18,12,48,0.0,0.0,0.0,0.0,0.0,0.0,0.0,0.0
low_rank,10,24,12,48,0.0,0.0,0.0,0.0,0.0,0.0,0.0,0.0
low_rank,10,30,12,48,0.0,0.0,0.0,0.0,0.0,0.0,0.0,0.0
low_rank,10,36,12,48,0.0,0.0,0.0,0.0,0.0,0.0,0.0,0.0
low_rank,10,42,12,48,0.0,0.0,0.0,0.0,0.0,0.0,0.0,0.0
low_rank,10,48,12,48,0.0,0.0,0.0,0.0,0.0,0.0,0.0,0.0
low_rank,10,54,12,48,0.0,0.0,0.0,0.0,0.0,0.0,0.0,0.0
low_rank,10,60,12,48,0.0,0.0,0.0,0.0,0.0,0.0,0.0,0.0
low_rank,11,6,6,54,1.0000000000000004,6.0,0.5000000000000004,0.5119435476503791,0.05555555555555555,0.053761012975551956,0.054937547756104384,1.0591213848555697e-15
low_rank,11,12,12,48,0.0,0.0,0.0,0.0,0.0,0.0,0.0,0.0
low_rank,11,18,12,48,0.0,0.0,0.0,0.0,0.0,0.0,0.0,0.0
low_rank,11,24,12,48,0.0,0.0,0.0,0.0,0.0,0.0,0.0,0.0
low_rank,11,30,12,48,0.0,0.0,0.0,0.0,0.0,0.0,0.0,0.0
low_rank,11,36,12,48,0.0,0.0,0.0,0.0,0.0,0.0,0.0,0.0
low_rank,11,42,12,48,0.0,0.0,0.0,0.0,0.0,0.0,0.0,0.0
low_rank,11,48,12,48,0.0,0.0,0.0,0.0,0.0,0.0,0.0,0.0
low_rank,11,54,12,48,0.0,0.0,0.0,0.0,0.0,0.0,0.0,0.0
low_rank,11,60,12,48,0.0,0.0,0.0,0.0,0.0,0.0,0.0,0.0
low_rank,12,6,6,54,1.0000000000000004,6.0,0.5000000000000001,0.49654357753353945,0.05555555555555555,0.05600439246329375,0.056240944043546195,1.0230578369872022e-15
low_rank,12,12,12,48,0.0,0.0,0.0,0.0,0.0,0.0,0.0,0.0
low_rank,12,18,12,48,0.0,0.0,0.0,0.0,0.0,0.0,0.0,0.0
low_rank,12,24,12,48,0.0,0.0,0.0,0.0,0.0,0.0,0.0,0.0
low_rank,12,30,12,48,0.0,0.0,0.0,0.0,0.0,0.0,0.0,0.0
low_rank,12,36,12,48,0.0,0.0,0.0,0.0,0.0,0.0,0.0,0.0
low_rank,12,42,12,48,0.0,0.0,0.0,0.0,0.0,0.0,0.0,0.0
low_rank,12,48,12,48,0.0,0.0,0.0,0.0,0.0,0.0,0.0,0.0
low_rank,12,54,12,48,0.0,0.0,0.0,0.0,0.0,0.0,0.0,0.0
low_rank,12,60,12,48,0.0,0.0,0.0,0.0,0.0,0.0,0.0,0.0
low_rank,13,6,6,54,1.0000000000000009,6.000000000000001,0.4999999999999998,0.5254061429993435,0.055555555555555566,0.05660355831816508,0.057876732499263055,7.295112906221065e-16
low_rank,13,12,12,48,0.0,0.0,0.0,0.0,0.0,0.0,0.0,0.0
low_rank,13,18,12,48,0.0,0.0,0.0,0.0,0.0,0.0,0.0,0.0
low_rank,13,24,12,48,0.0,0.0,0.0,0.0,0.0,0.0,0.0,0.0
low_rank,13,30,12,48,0.0,0.0,0.0,0.0,0.0,0.0,0.0,0.0
low_rank,13,36,12,48,0.0,0.0,0.0,0.0,0.0,0.0,0.0,0.0
low_rank,13,42,12,48,0.0,0.0,0.0,0.0,0.0,0.0,0.0,0.0
low_rank,13,48,12,48,0.0,0.0,0.0,0.0,0.0,0.0,0.0,0.0
low_rank,13,54,12,48,0.0,0.0,0.0,0.0,0.0,0.0,0.0,0.0
low_rank,13,60,12,48,0.0,0.0,0.0,0.0,0.0,0.0,0.0,0.0
low_rank,14,6,6,54,1.0000000000000004,5.999999999999998,0.5000000000000002,0.48742971262624074,0.05555555555555554,0.06069784975049639,0.06095785152111426,1.186064192910711e-15
low_rank,14,12,12,48,0.0,0.0,0.0,0.0,0.0,0.0,0.0,0.0
low_rank,14,18,12,48,0.0,0.0,0.0,0.0,0.0,0.0,0.0,0.0
low_rank,14,24,12,48,0.0,0.0,0.0,0.0,0.0,0.0,0.0,0.0
low_rank,14,30,12,48,0.0,0.0,0.0,0.0,0.0,0.0,0.0,0.0
low_rank,14,36,12,48,0.0,0.0,0.0,0.0,0.0,0.0,0.0,0.0
low_rank,14,42,12,48,0.0,0.0,0.0,0.0,0.0,0.0,0.0,0.0
low_rank,14,48,12,48,0.0,0.0,0.0,0.0,0.0,0.0,0.0,0.0
low_rank,14,54,12,48,0.0,0.0,0.0,0.0,0.0,0.0,0.0,0.0
low_rank,14,60,12,48,0.0,0.0,0.0,0.0,0.0,0.0,0.0,0.0
low_rank,15,6,6,54,1.000000000000001,6.000000000000001,0.4999999999999999,0.5102509250491556,0.055555555555555566,0.062322719945677195,0.06199728697104377,7.214251240850809e-16
low_rank,15,12,12,48,0.0,0.0,0.0,0.0,0.0,0.0,0.0,0.0
low_rank,15,18,12,48,0.0,0.0,0.0,0.0,0.0,0.0,0.0,0.0
low_rank,15,24,12,48,0.0,0.0,0.0,0.0,0.0,0.0,0.0,0.0
low_rank,15,30,12,48,0.0,0.0,0.0,0.0,0.0,0.0,0.0,0.0
low_rank,15,36,12,48,0.0,0.0,0.0,0.0,0.0,0.0,0.0,0.0
low_rank,15,42,12,48,0.0,0.0,0.0,0.0,0.0,0.0,0.0,0.0
low_rank,15,48,12,48,0.0,0.0,0.0,0.0,0.0,0.0,0.0,0.0
low_rank,15,54,12,48,0.0,0.0,0.0,0.0,0.0,0.0,0.0,0.0
low_rank,15,60,12,48,0.0,0.0,0.0,0.0,0.0,0.0,0.0,0.0
low_rank,16,6,6,54,1.0000000000000004,5.999999999999998,0.5000000000000003,0.4904432172455965,0.05555555555555554,0.05770657280110032,0.05801944885285106,5.969988877125064e-16
low_rank,16,12,12,48,0.0,0.0,0.0,0.0,0.0,0.0,0.0,0.0
low_rank,16,18,12,48,0.0,0.0,0.0,0.0,0.0,0.0,0.0,0.0
low_rank,16,24,12,48,0.0,0.0,0.0,0.0,0.0,0.0,0.0,0.0
low_rank,16,30,12,48,0.0,0.0,0.0,0.0,0.0,0.0,0.0,0.0
low_rank,16,36,12,48,0.0,0.0,0.0,0.0,0.0,0.0,0.0,0.0
low_rank,16,42,12,48,0.0,0.0,0.0,0.0,0.0,0.0,0.0,0.0
low_rank,16,48,12,48,0.0,0.0,0.0,0.0,0.0,0.0,0.0,0.0
low_rank,16,54,12,48,0.0,0.0,0.0,0.0,0.0,0.0,0.0,0.0
low_rank,16,60,12,48,0.0,0.0,0.0,0.0,0.0,0.0,0.0,0.0
low_rank,17,6,6,54,1.0000000000000002,5.999999999999999,0.5000000000000001,0.4989137745015333,0.055555555555555546,0.04785704861482089,0.04800942186253261,1.861797745700019e-15
low_rank,17,12,12,48,0.0,0.0,0.0,0.0,0.0,0.0,0.0,0.0
low_rank,17,18,12,48,0.0,0.0,0.0,0.0,0.0,0.0,0.0,0.0
low_rank,17,24,12,48,0.0,0.0,0.0,0.0,0.0,0.0,0.0,0.0
low_rank,17,30,12,48,0.0,0.0,0.0,0.0,0.0,0.0,0.0,0.0
low_rank,17,36,12,48,0.0,0.0,0.0,0.0,0.0,0.0,0.0,0.0
low_rank,17,42,12,48,0.0,0.0,0.0,0.0,0.0,0.0,0.0,0.0
low_rank,17,48,12,48,0.0,0.0,0.0,0.0,0.0,0.0,0.0,0.0
low_rank,17,54,12,48,0.0,0.0,0.0,0.0,0.0,0.0,0.0,0.0
low_rank,17,60,12,48,0.0,0.0,0.0,0.0,0.0,0.0,0.0,0.0
low_rank,18,6,6,54,1.0000000000000009,6.000000000000001,0.5,0.48303984302452235,0.055555555555555566,0.07013320997683052,0.07032492103981831,7.96391282354262e-16
low_rank,18,12,12,48,0.0,0.0,0.0,0.0,0.0,0.0,0.0,0.0
low_rank,18,18,12,48,0.0,0.0,0.0,0.0,0.0,0.0,0.0,0.0
low_rank,18,24,12,48,0.0,0.0,0.0,0.0,0.0,0.0,0.0,0.0
low_rank,18,30,12,48,0.0,0.0,0.0,0.0,0.0,0.0,0.0,0.0
low_rank,18,36,12,48,0.0,0.0,0.0,0.0,0.0,0.0,0.0,0.0
low_rank,18,42,12,48,0.0,0.0,0.0,0.0,0.0,0.0,0.0,0.0
low_rank,18,48,12,48,0.0,0.0,0.0,0.0,0.0,0.0,0.0,0.0
low_rank,18,54,12,48,0.0,0.0,0.0,0.0,0.0,0.0,0.0,0.0
low_rank,18,60,12,48,0.0,0.0,0.0,0.0,0.0,0.0,0.0,0.0
low_rank,19,6,6,54,1.0000000000000009,6.000000000000001,0.5000000000000001,0.49366053847907876,0.055555555555555566,0.052572392794253214,0.05222908706010378,7.245457230669376e-16
low_rank,19,12,12,48,0.0,0.0,0.0,0.0,0.0,0.0,0.0,0.0
low_rank,19,18,12,48,0.0,0.0,0.0,0.0,0.0,0.0,0.0,0.0
low_rank,19,24,12,48,0.0,0.0,0.0,0.0,0.0,0.0,0.0,0.0
low_rank,19,30,12,48,0.0,0.0,0.0,0.0,0.0,0.0,0.0,0.0
low_rank,19,36,12,48,0.0,0.0,0.0,0.0,0.0,0.0,0.0,0.0
low_rank,19,42,12,48,0.0,0.0,0.0,0.0,0.0,0.0,0.0,0.0
low_rank,19,48,12,48,0.0,0.0,0.0,0.0,0.0,0.0,0.0,0.0
low_rank,19,54,12,48,0.0,0.0,0.0,0.0,0.0,0.0,0.0,0.0
low_rank,19,60,12,48,0.0,0.0,0.0,0.0,0.0,0.0,0.0,0.0
low_rank,20,6,6,54,1.0000000000000007,5.999999999999999,0.5000000000000002,0.48632435701262267,0.055555555555555546,0.05429155337818846,0.0537844329285421,9.08529845756577e-16
low_rank,20,12,12,48,0.0,0.0,0.0,0.0,0.0,0.0,0.0,0.0
low_rank,20,18,12,48,0.0,0.0,0.0,0.0,0.0,0.0,0.0,0.0
low_rank,20,24,12,48,0.0,0.0,0.0,0.0,0.0,0.0,0.0,0.0
low_rank,20,30,12,48,0.0,0.0,0.0,0.0,0.0,0.0,0.0,0.0
low_rank,20,36,12,48,0.0,0.0,0.0,0.0,0.0,0.0,0.0,0.0
low_rank,20,42,12,48,0.0,0.0,0.0,0.0,0.0,0.0,0.0,0.0
low_rank,20,48,12,48,0.0,0.0,0.0,0.0,0.0,0.0,0.0,0.0
low_rank,20,54,12,48,0.0,0.0,0.0,0.0,0.0,0.0,0.0,0.0
low_rank,20,60,12,48,0.0,0.0,0.0,0.0,0.0,0.0,0.0,0.0
low_rank,21,6,6,54,1.000000000000001,6.000000000000001,0.5000000000000003,0.4961404632263743,0.055555555555555566,0.05336731419738282,0.05421839342182573,8.187146384404102e-16
low_rank,21,12,12,48,0.0,0.0,0.0,0.0,0.0,0.0,0.0,0.0
low_rank,21,18,12,48,0.0,0.0,0.0,0.0,0.0,0.0,0.0,0.0
low_rank,21,24,12,48,0.0,0.0,0.0,0.0,0.0,0.0,0.0,0.0
low_rank,21,30,12,48,0.0,0.0,0.0,0.0,0.0,0.0,0.0,0.0
low_rank,21,36,12,48,0.0,0.0,0.0,0.0,0.0,0.0,0.0,0.0
low_rank,21,42,12,48,0.0,0.0,0.0,0.0,0.0,0.0,0.0,0.0
low_rank,21,48,12,48,0.0,0.0,0.0,0.0,0.0,0.0,0.0,0.0
low_rank,21,54,12,48,0.0,0.0,0.0,0.0,0.0,0.0,0.0,0.0
low_rank,21,60,12,48,0.0,0.0,0.0,0.0,0.0,0.0,0.0,0.0
low_rank,22,6,6,54,1.0000000000000009,6.000000000000002,0.5000000000000003,0.47716852255597797,0.05555555555555557,0.05341479017054057,0.05268715510578796,1.2099263491690248e-15
low_rank,22,12,12,48,0.0,0.0,0.0,0.0,0.0,0.0,0.0,0.0
low_rank,22,18,12,48,0.0,0.0,0.0,0.0,0.0,0.0,0.0,0.0
low_rank,22,24,12,48,0.0,0.0,0.0,0.0,0.0,0.0,0.0,0.0
low_rank,22,30,12,48,0.0,0.0,0.0,0.0,0.0,0.0,0.0,0.0
low_rank,22,36,12,48,0.0,0.0,0.0,0.0,0.0,0.0,0.0,0.0
low_rank,22,42,12,48,0.0,0.0,0.0,0.0,0.0,0.0,0.0,0.0
low_rank,22,48,12,48,0.0,0.0,0.0,0.0,0.0,0.0,0.0,0.0
low_rank,22,54,12,48,0.0,0.0,0.0,0.0,0.0,0.0,0.0,0.0
low_rank,22,60,12,48,0.0,0.0,0.0,0.0,0.0,0.0,0.0,0.0
low_rank,23,6,6,54,1.0000000000000007,6.000000000000001,0.5000000000000002,0.4886583148065956,0.055555555555555566,0.05736616632767386,0.057200870503380796,1.0276356188413174e-15
low_rank,23,12,12,48,0.0,0.0,0.0,0.0,0.0,0.0,0.0,0.0
low_rank,23,18,12,48,0.0,0.0,0.0,0.0,0.0,0.0,0.0,0.0
low_rank,23,24,12,48,0.0,0.0,0.0,0.0,0.0,0.0,0.0,0.0
low_rank,23,30,12,48,0.0,0.0,0.0,0.0,0.0,0.0,0.0,0.0
low_rank,23,36,12,48,0.0,0.0,0.0,0.0,0.0,0.0,0.0,0.0
low_rank,23,42,12,48,0.0,0.0,0.0,0.0,0.0,0.0,0.0,0.0
low_rank,23,48,12,48,0.0,0.0,0.0,0.0,0.0,0.0,0.0,0.0
low_rank,23,54,12,48,0.0,0.0,0.0,0.0,0.0,0.0,0.0,0.0
low_rank,23,60,12,48,0.0,0.0,0.0,0.0,0.0,0.0,0.0,0.0
low_rank,24,6,6,54,1.0000000000000007,5.999999999999999,0.5,0.5171904107835906,0.055555555555555546,0.052097330595720664,0.0520572641467889,1.5225993495484322e-15
low_rank,24,12,12,48,0.0,0.0,0.0,0.0,0.0,0.0,0.0,0.0
low_rank,24,18,12,48,0.0,0.0,0.0,0.0,0.0,0.0,0.0,0.0
low_rank,24,24,12,48,0.0,0.0,0.0,0.0,0.0,0.0,0.0,0.0
low_rank,24,30,12,48,0.0,0.0,0.0,0.0,0.0,0.0,0.0,0.0
low_rank,24,36,12,48,0.0,0.0,0.0,0.0,0.0,0.0,0.0,0.0
low_rank,24,42,12,48,0.0,0.0,0.0,0.0,0.0,0.0,0.0,0.0
low_rank,24,48,12,48,0.0,0.0,0.0,0.0,0.0,0.0,0.0,0.0
low_rank,24,54,12,48,0.0,0.0,0.0,0.0,0.0,0.0,0.0,0.0
low_rank,24,60,12,48,0.0,0.0,0.0,0.0,0.0,0.0,0.0,0.0
low_rank,25,6,6,54,1.0000000000000016,6.000000000000002,0.5000000000000001,0.4987105649567342,0.05555555555555557,0.06603238213615314,0.06596485280714554,1.059992466326297e-15
low_rank,25,12,12,48,0.0,0.0,0.0,0.0,0.0,0.0,0.0,0.0
low_rank,25,18,12,48,0.0,0.0,0.0,0.0,0.0,0.0,0.0,0.0
low_rank,25,24,12,48,0.0,0.0,0.0,0.0,0.0,0.0,0.0,0.0
low_rank,25,30,12,48,0.0,0.0,0.0,0.0,0.0,0.0,0.0,0.0
low_rank,25,36,12,48,0.0,0.0,0.0,0.0,0.0,0.0,0.0,0.0
low_rank,25,42,12,48,0.0,0.0,0.0,0.0,0.0,0.0,0.0,0.0
low_rank,25,48,12,48,0.0,0.0,0.0,0.0,0.0,0.0,0.0,0.0
low_rank,25,54,12,48,0.0,0.0,0.0,0.0,0.0,0.0,0.0,0.0
low_rank,25,60,12,48,0.0,0.0,0.0,0.0,0.0,0.0,0.0,0.0
low_rank,26,6,6,54,1.0000000000000009,6.0,0.5000000000000002,0.5068335448074244,0.05555555555555555,0.0514516270097769,0.05207775630180716,6.059098055372369e-16
low_rank,26,12,12,48,0.0,0.0,0.0,0.0,0.0,0.0,0.0,0.0
low_rank,26,18,12,48,0.0,0.0,0.0,0.0,0.0,0.0,0.0,0.0
low_rank,26,24,12,48,0.0,0.0,0.0,0.0,0.0,0.0,0.0,0.0
low_rank,26,30,12,48,0.0,0.0,0.0,0.0,0.0,0.0,0.0,0.0
low_rank,26,36,12,48,0.0,0.0,0.0,0.0,0.0,0.0,0.0,0.0
low_rank,26,42,12,48,0.0,0.0,0.0,0.0,0.0,0.0,0.0,0.0
low_rank,26,48,12,48,0.0,0.0,0.0,0.0,0.0,0.0,0.0,0.0
low_rank,26,54,12,48,0.0,0.0,0.0,0.0,0.0,0.0,0.0,0.0
low_rank,26,60,12,48,0.0,0.0,0.0,0.0,0.0,0.0,0.0,0.0
low_rank,27,6,6,54,1.000000000000001,6.0,0.5000000000000002,0.5167246231755513,0.05555555555555555,0.0525130317664828,0.05261328664661108,7.88109248693876e-16
low_rank,27,12,12,48,0.0,0.0,0.0,0.0,0.0,0.0,0.0,0.0
low_rank,27,18,12,48,0.0,0.0,0.0,0.0,0.0,0.0,0.0,0.0
low_rank,27,24,12,48,0.0,0.0,0.0,0.0,0.0,0.0,0.0,0.0
low_rank,27,30,12,48,0.0,0.0,0.0,0.0,0.0,0.0,0.0,0.0
low_rank,27,36,12,48,0.0,0.0,0.0,0.0,0.0,0.0,0.0,0.0
low_rank,27,42,12,48,0.0,0.0,0.0,0.0,0.0,0.0,0.0,0.0
low_rank,27,48,12,48,0.0,0.0,0.0,0.0,0.0,0.0,0.0,0.0
low_rank,27,54,12,48,0.0,0.0,0.0,0.0,0.0,0.0,0.0,0.0
low_rank,27,60,12,48,0.0,0.0,0.0,0.0,0.0,0.0,0.0,0.0
low_rank,28,6,6,54,1.0000000000000004,6.0,0.5000000000000004,0.4819463030428805,0.05555555555555555,0.05848087053936059,0.05760960380759797,5.901441165529368e-16
low_rank,28,12,12,48,0.0,0.0,0.0,0.0,0.0,0.0,0.0,0.0
low_rank,28,18,12,48,0.0,0.0,0.0,0.0,0.0,0.0,0.0,0.0
low_rank,28,24,12,48,0.0,0.0,0.0,0.0,0.0,0.0,0.0,0.0
low_rank,28,30,12,48,0.0,0.0,0.0,0.0,0.0,0.0,0.0,0.0
low_rank,28,36,12,48,0.0,0.0,0.0,0.0,0.0,0.0,0.0,0.0
low_rank,28,42,12,48,0.0,0.0,0.0,0.0,0.0,0.0,0.0,0.0
low_rank,28,48,12,48,0.0,0.0,0.0,0.0,0.0,0.0,0.0,0.0
low_rank,28,54,12,48,0.0,0.0,0.0,0.0,0.0,0.0,0.0,0.0
low_rank,28,60,12,48,0.0,0.0,0.0,0.0,0.0,0.0,0.0,0.0
low_rank,29,6,6,54,1.0000000000000007,6.0,0.5,0.48701400444398746,0.05555555555555555,0.05546135968549923,0.05510944821259697,1.3964921648299513e-15
low_rank,29,12,12,48,0.0,0.0,0.0,0.0,0.0,0.0,0.0,0.0
low_rank,29,18,12,48,0.0,0.0,0.0,0.0,0.0,0.0,0.0,0.0
low_rank,29,24,12,48,0.0,0.0,0.0,0.0,0.0,0.0,0.0,0.0
low_rank,29,30,12,48,0.0,0.0,0.0,0.0,0.0,0.0,0.0,0.0
low_rank,29,36,12,48,0.0,0.0,0.0,0.0,0.0,0.0,0.0,0.0
low_rank,29,42,12,48,0.0,0.0,0.0,0.0,0.0,0.0,0.0,0.0
low_rank,29,48,12,48,0.0,0.0,0.0,0.0,0.0,0.0,0.0,0.0
low_rank,29,54,12,48,0.0,0.0,0.0,0.0,0.0,0.0,0.0,0.0
low_rank,29,60,12,48,0.0,0.0,0.0,0.0,0.0,0.0,0.0,0.0
low_rank,30,6,6,54,1.0000000000000002,5.999999999999998,0.5,0.4882769221577711,0.05555555555555554,0.04958093092578819,0.04948509513997517,5.663203915881394e-16
low_rank,30,12,12,48,0.0,0.0,0.0,0.0,0.0,0.0,0.0,0.0
low_rank,30,18,12,48,0.0,0.0,0.0,0.0,0.0,0.0,0.0,0.0
low_rank,30,24,12,48,0.0,0.0,0.0,0.0,0.0,0.0,0.0,0.0
low_rank,30,30,12,48,0.0,0.0,0.0,0.0,0.0,0.0,0.0,0.0
low_rank,30,36,12,48,0.0,0.0,0.0,0.0,0.0,0.0,0.0,0.0
low_rank,30,42,12,48,0.0,0.0,0.0,0.0,0.0,0.0,0.0,0.0
low_rank,30,48,12,48,0.0,0.0,0.0,0.0,0.0,0.0,0.0,0.0
low_rank,30,54,12,48,0.0,0.0,0.0,0.0,0.0,0.0,0.0,0.0
low_rank,30,60,12,48,0.0,0.0,0.0,0.0,0.0,0.0,0.0,0.0
low_rank,31,6,6,54,1.0000000000000002,5.999999999999999,0.49999999999999983,0.5075096875091605,0.055555555555555546,0.04760635554601645,0.0479439728397766,1.0144461374209043e-15
low_rank,31,12,12,48,0.0,0.0,0.0,0.0,0.0,0.0,0.0,0.0
low_rank,31,18,12,48,0.0,0.0,0.0,0.0,0.0,0.0,0.0,0.0
low_rank,31,24,12,48,0.0,0.0,0.0,0.0,0.0,0.0,0.0,0.0
low_rank,31,30,12,48,0.0,0.0,0.0,0.0,0.0,0.0,0.0,0.0
low_rank,31,36,12,48,0.0,0.0,0.0,0.0,0.0,0.0,0.0,0.0
low_rank,31,42,12,48,0.0,0.0,0.0,0.0,0.0,0.0,0.0,0.0
low_rank,31,48,12,48,0.0,0.0,0.0,0.0,0.0,0.0,0.0,0.0
low_rank,31,54,12,48,0.0,0.0,0.0,0.0,0.0,0.0,0.0,0.0
low_rank,31,60,12,48,0.0,0.0,0.0,0.0,0.0,0.0,0.0,0.0
low_rank,32,6,6,54,1.0000000000000002,5.9999999999999964,0.5000000000000001,0.4877586255173477,0.055555555555555525,0.0557956399033837,0.056714352296051825,9.474948837435345e-16
low_rank,32,12,12,48,0.0,0.0,0.0,0.0,0.0,0.0,0.0,0.0
low_rank,32,18,12,48,0.0,0.0,0.0,0.0,0.0,0.0,0.0,0.0
low_rank,32,24,12,48,0.0,0.0,0.0,0.0,0.0,0.0,0.0,0.0
low_rank,32,30,12,48,0.0,0.0,0.0,0.0,0.0,0.0,0.0,0.0
low_rank,32,36,12,48,0.0,0.0,0.0,0.0,0.0,0.0,0.0,0.0
low_rank,32,42,12,48,0.0,0.0,0.0,0.0,0.0,0.0,0.0,0.0
low_rank,32,48,12,48,0.0,0.0,0.0,0.0,0.0,0.0,0.0,0.0
low_rank,32,54,12,48,0.0,0.0,0.0,0.0,0.0,0.0,0.0,0.0
low_rank,32,60,12,48,0.0,0.0,0.0,0.0,0.0,0.0,0.0,0.0
low_rank,33,6,6,54,1.0000000000000009,6.0,0.5000000000000004,0.5088989557198175,0.05555555555555555,0.05571727628892684,0.05642447551947277,4.939548672375843e-16
low_rank,33,12,12,48,0.0,0.0,0.0,0.0,0.0,0.0,0.0,0.0
low_rank,33,18,12,48,0.0,0.0,0.0,0.0,0.0,0.0,0.0,0.0
low_rank,33,24,12,48,0.0,0.0,0.0,0.0,0.0,0.0,0.0,0.0
low_rank,33,30,12,48,0.0,0.0,0.0,0.0,0.0,0.0,0.0,0.0
low_rank,33,36,12,48,0.0,0.0,0.0,0.0,0.0,0.0,0.0,0.0
low_rank,33,42,12,48,0.0,0.0,0.0,0.0,0.0,0.0,0.0,0.0
low_rank,33,48,12,48,0.0,0.0,0.0,0.0,0.0,0.0,0.0,0.0
low_rank,33,54,12,48,0.0,0.0,0.0,0.0,0.0,0.0,0.0,0.0
low_rank,33,60,12,48,0.0,0.0,0.0,0.0,0.0,0.0,0.0,0.0
low_rank,34,6,6,54,1.0000000000000002,5.999999999999998,0.5000000000000004,0.4909449500822841,0.05555555555555554,0.05481144016763431,0.05463300698666995,9.128904978957027e-16
low_rank,34,12,12,48,0.0,0.0,0.0,0.0,0.0,0.0,0.0,0.0
low_rank,34,18,12,48,0.0,0.0,0.0,0.0,0.0,0.0,0.0,0.0
low_rank,34,24,12,48,0.0,0.0,0.0,0.0,0.0,0.0,0.0,0.0
low_rank,34,30,12,48,0.0,0.0,0.0,0.0,0.0,0.0,0.0,0.0
low_rank,34,36,12,48,0.0,0.0,0.0,0.0,0.0,0.0,0.0,0.0
low_rank,34,42,12,48,0.0,0.0,0.0,0.0,0.0,0.0,0.0,0.0
low_rank,34,48,12,48,0.0,0.0,0.0,0.0,0.0,0.0,0.0,0.0
low_rank,34,54,12,48,0.0,0.0,0.0,0.0,0.0,0.0,0.0,0.0
low_rank,34,60,12,48,0.0,0.0,0.0,0.0,0.0,0.0,0.0,0.0
low_rank,35,6,6,54,1.0000000000000004,6.0,0.49999999999999994,0.490118384495277,0.05555555555555555,0.06216982964629361,0.062428068022463826,9.578799547068168e-16
low_rank,35,12,12,48,0.0,0.0,0.0,0.0,0.0,0.0,0.0,0.0
low_rank,35,18,12,48,0.0,0.0,0.0,0.0,0.0,0.0,0.0,0.0
low_rank,35,24,12,48,0.0,0.0,0.0,0.0,0.0,0.0,0.0,0.0
low_rank,35,30,12,48,0.0,0.0,0.0,0.0,0.0,0.0,0.0,0.0
low_rank,35,36,12,48,0.0,0.0,0.0,0.0,0.0,0.0,0.0,0.0
low_rank,35,42,12,48,0.0,0.0,0.0,0.0,0.0,0.0,0.0,0.0
low_rank,35,48,12,48,0.0,0.0,0.0,0.0,0.0,0.0,0.0,0.0
low_rank,35,54,12,48,0.0,0.0,0.0,0.0,0.0,0.0,0.0,0.0
low_rank,35,60,12,48,0.0,0.0,0.0,0.0,0.0,0.0,0.0,0.0
low_rank,36,6,6,54,1.0000000000000004,6.0,0.500000000000001,0.507592941763487,0.05555555555555555,0.05414575554203534,0.05385340324622069,1.3387459233377197e-15
low_rank,36,12,12,48,0.0,0.0,0.0,0.0,0.0,0.0,0.0,0.0
low_rank,36,18,12,48,0.0,0.0,0.0,0.0,0.0,0.0,0.0,0.0
low_rank,36,24,12,48,0.0,0.0,0.0,0.0,0.0,0.0,0.0,0.0
low_rank,36,30,12,48,0.0,0.0,0.0,0.0,0.0,0.0,0.0,0.0
low_rank,36,36,12,48,0.0,0.0,0.0,0.0,0.0,0.0,0.0,0.0
low_rank,36,42,12,48,0.0,0.0,0.0,0.0,0.0,0.0,0.0,0.0
low_rank,36,48,12,48,0.0,0.0,0.0,0.0,0.0,0.0,0.0,0.0
low_rank,36,54,12,48,0.0,0.0,0.0,0.0,0.0,0.0,0.0,0.0
low_rank,36,60,12,48,0.0,0.0,0.0,0.0,0.0,0.0,0.0,0.0
low_rank,37,6,6,54,1.0000000000000002,5.999999999999998,0.5000000000000002,0.5018434155560697,0.05555555555555554,0.062364350963236614,0.062350707826212944,8.987326898835862e-16
low_rank,37,12,12,48,0.0,0.0,0.0,0.0,0.0,0.0,0.0,0.0
low_rank,37,18,12,48,0.0,0.0,0.0,0.0,0.0,0.0,0.0,0.0
low_rank,37,24,12,48,0.0,0.0,0.0,0.0,0.0,0.0,0.0,0.0
low_rank,37,30,12,48,0.0,0.0,0.0,0.0,0.0,0.0,0.0,0.0
low_rank,37,36,12,48,0.0,0.0,0.0,0.0,0.0,0.0,0.0,0.0
low_rank,37,42,12,48,0.0,0.0,0.0,0.0,0.0,0.0,0.0,0.0
low_rank,37,48,12,48,0.0,0.0,0.0,0.0,0.0,0.0,0.0,0.0
low_rank,37,54,12,48,0.0,0.0,0.0,0.0,0.0,0.0,0.0,0.0
low_rank,37,60,12,48,0.0,0.0,0.0,0.0,0.0,0.0,0.0,0.0
low_rank,38,6,6,54,1.0000000000000004,6.0,0.5,0.4992956781317718,0.05555555555555555,0.05775289289337408,0.057788974071991794,1.0750640344245447e-15
low_rank,38,12,12,48,0.0,0.0,0.0,0.0,0.0,0.0,0.0,0.0
low_rank,38,18,12,48,0.0,0.0,0.0,0.0,0.0,0.0,0.0,0.0
low_rank,38,24,12,48,0.0,0.0,0.0,0.0,0.0,0.0,0.0,0.0
low_rank,38,30,12,48,0.0,0.0,0.0,0.0,0.0,0.0,0.0,0.0
low_rank,38,36,12,48,0.0,0.0,0.0,0.0,0.0,0.0,0.0,0.0
low_rank,38,42,12,48,0.0,0.0,0.0,0.0,0.0,0.0,0.0,0.0
low_rank,38,48,12,48,0.0,0.0,0.0,0.0,0.0,0.0,0.0,0.0
low_rank,38,54,12,48,0.0,0.0,0.0,0.0,0.0,0.0,0.0,0.0
low_rank,38,60,12,48,0.0,0.0,0.0,0.0,0.0,0.0,0.0,0.0
low_rank,39,6,6,54,1.0000000000000004,5.999999999999998,0.5000000000000002,0.4965470253825527,0.05555555555555554,0.04768644456181907,0.0473974149700311,8.102411103161327e-16
low_rank,39,12,12,48,0.0,0.0,0.0,0.0,0.0,0.0,0.0,0.0
low_rank,39,18,12,48,0.0,0.0,0.0,0.0,0.0,0.0,0.0,0.0
low_rank,39,24,12,48,0.0,0.0,0.0,0.0,0.0,0.0,0.0,0.0
low_rank,39,30,12,48,0.0,0.0,0.0,0.0,0.0,0.0,0.0,0.0
low_rank,39,36,12,48,0.0,0.0,0.0,0.0,0.0,0.0,0.0,0.0
low_rank,39,42,12,48,0.0,0.0,0.0,0.0,0.0,0.0,0.0,0.0
low_rank,39,48,12,48,0.0,0.0,0.0,0.0,0.0,0.0,0.0,0.0
low_rank,39,54,12,48,0.0,0.0,0.0,0.0,0.0,0.0,0.0,0.0
low_rank,39,60,12,48,0.0,0.0,0.0,0.0,0.0,0.0,0.0,0.0
low_rank,40,6,6,54,1.0000000000000009,6.000000000000001,0.5000000000000002,0.5046068422727368,0.055555555555555566,0.05538315665694517,0.05481624511440811,6.803236292477939e-16
low_rank,40,12,12,48,0.0,0.0,0.0,0.0,0.0,0.0,0.0,0.0
low_rank,40,18,12,48,0.0,0.0,0.0,0.0,0.0,0.0,0.0,0.0
low_rank,40,24,12,48,0.0,0.0,0.0,0.0,0.0,0.0,0.0,0.0
low_rank,40,30,12,48,0.0,0.0,0.0,0.0,0.0,0.0,0.0,0.0
low_rank,40,36,12,48,0.0,0.0,0.0,0.0,0.0,0.0,0.0,0.0
low_rank,40,42,12,48,0.0,0.0,0.0,0.0,0.0,0.0,0.0,0.0
low_rank,40,48,12,48,0.0,0.0,0.0,0.0,0.0,0.0,0.0,0.0
low_rank,40,54,12,48,0.0,0.0,0.0,0.0,0.0,0.0,0.0,0.0
low_rank,40,60,12,48,0.0,0.0,0.0,0.0,0.0,0.0,0.0,0.0
low_rank,41,6,6,54,1.0,5.999999999999998,0.49999999999999994,0.5009301110141497,0.05555555555555554,0.06184117313651803,0.06264026983090626,5.727537347052842e-16
low_rank,41,12,12,48,0.0,0.0,0.0,0.0,0.0,0.0,0.0,0.0
low_rank,41,18,12,48,0.0,0.0,0.0,0.0,0.0,0.0,0.0,0.0
low_rank,41,24,12,48,0.0,0.0,0.0,0.0,0.0,0.0,0.0,0.0
low_rank,41,30,12,48,0.0,0.0,0.0,0.0,0.0,0.0,0.0,0.0
low_rank,41,36,12,48,0.0,0.0,0.0,0.0,0.0,0.0,0.0,0.0
low_rank,41,42,12,48,0.0,0.0,0.0,0.0,0.0,0.0,0.0,0.0
low_rank,41,48,12,48,0.0,0.0,0.0,0.0,0.0,0.0,0.0,0.0
low_rank,41,54,12,48,0.0,0.0,0.0,0.0,0.0,0.0,0.0,0.0
low_rank,41,60,12,48,0.0,0.0,0.0,0.0,0.0,0.0,0.0,0.0
low_rank,42,6,6,54,1.0000000000000004,5.999999999999998,0.5000000000000004,0.4876828961088251,0.05555555555555554,0.05335388484731052,0.05260858946441571,1.3399991594540404e-15
low_rank,42,12,12,48,0.0,0.0,0.0,0.0,0.0,0.0,0.0,0.0
low_rank,42,18,12,48,0.0,0.0,0.0,0.0,0.0,0.0,0.0,0.0
low_rank,42,24,12,48,0.0,0.0,0.0,0.0,0.0,0.0,0.0,0.0
low_rank,42,30,12,48,0.0,0.0,0.0,0.0,0.0,0.0,0.0,0.0
low_rank,42,36,12,48,0.0,0.0,0.0,0.0,0.0,0.0,0.0,0.0
low_rank,42,42,12,48,0.0,0.0,0.0,0.0,0.0,0.0,0.0,0.0
low_rank,42,48,12,48,0.0,0.0,0.0,0.0,0.0,0.0,0.0,0.0
low_rank,42,54,12,48,0.0,0.0,0.0,0.0,0.0,0.0,0.0,0.0
low_rank,42,60,12,48,0.0,0.0,0.0,0.0,0.0,0.0,0.0,0.0
low_rank,43,6,6,54,1.0000000000000004,6.0,0.5000000000000001,0.5077589355508945,0.05555555555555555,0.05952379351280318,0.060566347577688466,9.132748827631723e-16
low_rank,43,12,12,48,0.0,0.0,0.0,0.0,0.0,0.0,0.0,0.0
low_rank,43,18,12,48,0.0,0.0,0.0,0.0,0.0,0.0,0.0,0.0
low_rank,43,24,12,48,0.0,0.0,0.0,0.0,0.0,0.0,0.0,0.0
low_rank,43,30,12,48,0.0,0.0,0.0,0.0,0.0,0.0,0.0,0.0
low_rank,43,36,12,48,0.0,0.0,0.0,0.0,0.0,0.0,0.0,0.0
low_rank,43,42,12,48,0.0,0.0,0.0,0.0,0.0,0.0,0.0,0.0
low_rank,43,48,12,48,0.0,0.0,0.0,0.0,0.0,0.0,0.0,0.0
low_rank,43,54,12,48,0.0,0.0,0.0,0.0,0.0,0.0,0.0,0.0
low_rank,43,60,12,48,0.0,0.0,0.0,0.0,0.0,0.0,0.0,0.0
low_rank,44,6,6,54,1.0000000000000007,6.0,0.5000000000000007,0.4866696147795929,0.05555555555555555,0.05059794095684909,0.050630034439980334,8.415568933355979e-16
low_rank,44,12,12,48,0.0,0.0,0.0,0.0,0.0,0.0,0.0,0.0
low_rank,44,18,12,48,0.0,0.0,0.0,0.0,0.0,0.0,0.0,0.0
low_rank,44,24,12,48,0.0,0.0,0.0,0.0,0.0,0.0,0.0,0.0
low_rank,44,30,12,48,0.0,0.0,0.0,0.0,0.0,0.0,0.0,0.0
low_rank,44,36,12,48,0.0,0.0,0.0,0.0,0.0,0.0,0.0,0.0
low_rank,44,42,12,48,0.0,0.0,0.0,0.0,0.0,0.0,0.0,0.0
low_rank,44,48,12,48,0.0,0.0,0.0,0.0,0.0,0.0,0.0,0.0
low_rank,44,54,12,48,0.0,0.0,0.0,0.0,0.0,0.0,0.0,0.0
low_rank,44,60,12,48,0.0,0.0,0.0,0.0,0.0,0.0,0.0,0.0
low_rank,45,6,6,54,1.0000000000000002,6.0,0.4999999999999999,0.49569529222760045,0.05555555555555555,0.048479569594859634,0.04845720769219217,7.609231590156314e-16
low_rank,45,12,12,48,0.0,0.0,0.0,0.0,0.0,0.0,0.0,0.0
low_rank,45,18,12,48,0.0,0.0,0.0,0.0,0.0,0.0,0.0,0.0
low_rank,45,24,12,48,0.0,0.0,0.0,0.0,0.0,0.0,0.0,0.0
low_rank,45,30,12,48,0.0,0.0,0.0,0.0,0.0,0.0,0.0,0.0
low_rank,45,36,12,48,0.0,0.0,0.0,0.0,0.0,0.0,0.0,0.0
low_rank,45,42,12,48,0.0,0.0,0.0,0.0,0.0,0.0,0.0,0.0
low_rank,45,48,12,48,0.0,0.0,0.0,0.0,0.0,0.0,0.0,0.0
low_rank,45,54,12,48,0.0,0.0,0.0,0.0,0.0,0.0,0.0,0.0
low_rank,45,60,12,48,0.0,0.0,0.0,0.0,0.0,0.0,0.0,0.0
low_rank,46,6,6,54,1.0000000000000002,5.999999999999998,0.5,0.49369170900056814,0.05555555555555554,0.050121881360611104,0.04976233016676257,1.0073165068461564e-15
low_rank,46,12,12,48,0.0,0.0,0.0,0.0,0.0,0.0,0.0,0.0
low_rank,46,18,12,48,0.0,0.0,0.0,0.0,0.0,0.0,0.0,0.0
low_rank,46,24,12,48,0.0,0.0,0.0,0.0,0.0,0.0,0.0,0.0
low_rank,46,30,12,48,0.0,0.0,0.0,0.0,0.0,0.0,0.0,0.0
low_rank,46,36,12,48,0.0,0.0,0.0,0.0,0.0,0.0,0.0,0.0
low_rank,46,42,12,48,0.0,0.0,0.0,0.0,0.0,0.0,0.0,0.0
low_rank,46,48,12,48,0.0,0.0,0.0,0.0,0.0,0.0,0.0,0.0
low_rank,46,54,12,48,0.0,0.0,0.0,0.0,0.0,0.0,0.0,0.0
low_rank,46,60,12,48,0.0,0.0,0.0,0.0,0.0,0.0,0.0,0.0
low_rank,47,6,6,54,1.0000000000000007,6.000000000000001,0.5000000000000007,0.49413520730303595,0.055555555555555566,0.058211576927659964,0.057971482641142234,1.0058111910769173e-15
low_rank,47,12,12,48,0.0,0.0,0.0,0.0,0.0,0.0,0.0,0.0
low_rank,47,18,12,48,0.0,0.0,0.0,0.0,0.0,0.0,0.0,0.0
low_rank,47,24,12,48,0.0,0.0,0.0,0.0,0.0,0.0,0.0,0.0
low_rank,47,30,12,48,0.0,0.0,0.0,0.0,0.0,0.0,0.0,0.0
low_rank,47,36,12,48,0.0,0.0,0.0,0.0,0.0,0.0,0.0,0.0
low_rank,47,42,12,48,0.0,0.0,0.0,0.0,0.0,0.0,0.0,0.0
low_rank,47,48,12,48,0.0,0.0,0.0,0.0,0.0,0.0,0.0,0.0
low_rank,47,54,12,48,0.0,0.0,0.0,0.0,0.0,0.0,0.0,0.0
low_rank,47,60,12,48,0.0,0.0,0.0,0.0,0.0,0.0,0.0,0.0
low_rank,48,6,6,54,1.0000000000000002,5.999999999999999,0.5000000000000002,0.4805627176666764,0.055555555555555546,0.05266062801405414,0.052581676532014426,7.9003055329247235e-16
low_rank,48,12,12,48,0.0,0.0,0.0,0.0,0.0,0.0,0.0,0.0
low_rank,48,18,12,48,0.0,0.0,0.0,0.0,0.0,0.0,0.0,0.0
low_rank,48,24,12,48,0.0,0.0,0.0,0.0,0.0,0.0,0.0,0.0
low_rank,48,30,12,48,0.0,0.0,0.0,0.0,0.0,0.0,0.0,0.0
low_rank,48,36,12,48,0.0,0.0,0.0,0.0,0.0,0.0,0.0,0.0
low_rank,48,42,12,48,0.0,0.0,0.0,0.0,0.0,0.0,0.0,0.0
low_rank,48,48,12,48,0.0,0.0,0.0,0.0,0.0,0.0,0.0,0.0
low_rank,48,54,12,48,0.0,0.0,0.0,0.0,0.0,0.0,0.0,0.0
low_rank,48,60,12,48,0.0,0.0,0.0,0.0,0.0,0.0,0.0,0.0
low_rank,49,6,6,54,1.0000000000000004,6.0,0.49999999999999994,0.49544016174025995,0.05555555555555555,0.059205518496693366,0.05883101905366228,9.635108009778726e-16
low_rank,49,12,12,48,0.0,0.0,0.0,0.0,0.0,0.0,0.0,0.0
low_rank,49,18,12,48,0.0,0.0,0.0,0.0,0.0,0.0,0.0,0.0
low_rank,49,24,12,48,0.0,0.0,0.0,0.0,0.0,0.0,0.0,0.0
low_rank,49,30,12,48,0.0,0.0,0.0,0.0,0.0,0.0,0.0,0.0
low_rank,49,36,12,48,0.0,0.0,0.0,0.0,0.0,0.0,0.0,0.0
low_rank,49,42,12,48,0.0,0.0,0.0,0.0,0.0,0.0,0.0,0.0
low_rank,49,48,12,48,0.0,0.0,0.0,0.0,0.0,0.0,0.0,0.0
low_rank,49,54,12,48,0.0,0.0,0.0,0.0,0.0,0.0,0.0,0.0
low_rank,49,60,12,48,0.0,0.0,0.0,0.0,0.0,0.0,0.0,0.0
low_rank,50,6,6,54,1.0000000000000007,6.0,0.5000000000000001,0.5154791569183106,0.05555555555555555,0.06037433104308211,0.061044630331484655,1.0411738450828133e-15
low_rank,50,12,12,48,0.0,0.0,0.0,0.0,0.0,0.0,0.0,0.0
low_rank,50,18,12,48,0.0,0.0,0.0,0.0,0.0,0.0,0.0,0.0
low_rank,50,24,12,48,0.0,0.0,0.0,0.0,0.0,0.0,0.0,0.0
low_rank,50,30,12,48,0.0,0.0,0.0,0.0,0.0,0.0,0.0,0.0
low_rank,50,36,12,48,0.0,0.0,0.0,0.0,0.0,0.0,0.0,0.0
low_rank,50,42,12,48,0.0,0.0,0.0,0.0,0.0,0.0,0.0,0.0
low_rank,50,48,12,48,0.0,0.0,0.0,0.0,0.0,0.0,0.0,0.0
low_rank,50,54,12,48,0.0,0.0,0.0,0.0,0.0,0.0,0.0,0.0
low_rank,50,60,12,48,0.0,0.0,0.0,0.0,0.0,0.0,0.0,0.0
low_rank,51,6,6,54,1.0000000000000002,5.999999999999998,0.5000000000000002,0.4889167153935837,0.05555555555555554,0.0615129666013536,0.06042867279105876,8.319995239270524e-16
low_rank,51,12,12,48,0.0,0.0,0.0,0.0,0.0,0.0,0.0,0.0
low_rank,51,18,12,48,0.0,0.0,0.0,0.0,0.0,0.0,0.0,0.0
low_rank,51,24,12,48,0.0,0.0,0.0,0.0,0.0,0.0,0.0,0.0
low_rank,51,30,12,48,0.0,0.0,0.0,0.0,0.0,0.0,0.0,0.0
low_rank,51,36,12,48,0.0,0.0,0.0,0.0,0.0,0.0,0.0,0.0
low_rank,51,42,12,48,0.0,0.0,0.0,0.0,0.0,0.0,0.0,0.0
low_rank,51,48,12,48,0.0,0.0,0.0,0.0,0.0,0.0,0.0,0.0
low_rank,51,54,12,48,0.0,0.0,0.0,0.0,0.0,0.0,0.0,0.0
low_rank,51,60,12,48,0.0,0.0,0.0,0.0,0.0,0.0,0.0,0.0
low_rank,52,6,6,54,1.0,5.999999999999999,0.49999999999999994,0.4911568350745021,0.055555555555555546,0.05731068244902079,0.05776583025718736,1.132924184942411e-15
low_rank,52,12,12,48,0.0,0.0,0.0,0.0,0.0,0.0,0.0,0.0
low_rank,52,18,12,48,0.0,0.0,0.0,0.0,0.0,0.0,0.0,0.0
low_rank,52,24,12,48,0.0,0.0,0.0,0.0,0.0,0.0,0.0,0.0
low_rank,52,30,12,48,0.0,0.0,0.0,0.0,0.0,0.0,0.0,0.0
low_rank,52,36,12,48,0.0,0.0,0.0,0.0,0.0,0.0,0.0,0.0
low_rank,52,42,12,48,0.0,0.0,0.0,0.0,0.0,0.0,0.0,0.0
low_rank,52,48,12,48,0.0,0.0,0.0,0.0,0.0,0.0,0.0,0.0
low_rank,52,54,12,48,0.0,0.0,0.0,0.0,0.0,0.0,0.0,0.0
low_rank,52,60,12,48,0.0,0.0,0.0,0.0,0.0,0.0,0.0,0.0
low_rank,53,6,6,54,1.0000000000000004,5.999999999999998,0.5000000000000001,0.4795154417166572,0.05555555555555554,0.05423168074099039,0.05488612102809674,1.0276765006653553e-15
low_rank,53,12,12,48,0.0,0.0,0.0,0.0,0.0,0.0,0.0,0.0
low_rank,53,18,12,48,0.0,0.0,0.0,0.0,0.0,0.0,0.0,0.0
low_rank,53,24,12,48,0.0,0.0,0.0,0.0,0.0,0.0,0.0,0.0
low_rank,53,30,12,48,0.0,0.0,0.0,0.0,0.0,0.0,0.0,0.0
low_rank,53,36,12,48,0.0,0.0,0.0,0.0,0.0,0.0,0.0,0.0
low_rank,53,42,12,48,0.0,0.0,0.0,0.0,0.0,0.0,0.0,0.0
low_rank,53,48,12,48,0.0,0.0,0.0,0.0,0.0,0.0,0.0,0.0
low_rank,53,54,12,48,0.0,0.0,0.0,0.0,0.0,0.0,0.0,0.0
low_rank,53,60,12,48,0.0,0.0,0.0,0.0,0.0,0.0,0.0,0.0
low_rank,54,6,6,54,1.0000000000000009,6.000000000000001,0.5000000000000002,0.4985402346362202,0.055555555555555566,0.062168314018191756,0.06234689391224671,6.478481544474306e-16
low_rank,54,12,12,48,0.0,0.0,0.0,0.0,0.0,0.0,0.0,0.0
low_rank,54,18,12,48,0.0,0.0,0.0,0.0,0.0,0.0,0.0,0.0
low_rank,54,24,12,48,0.0,0.0,0.0,0.0,0.0,0.0,0.0,0.0
low_rank,54,30,12,48,0.0,0.0,0.0,0.0,0.0,0.0,0.0,0.0
low_rank,54,36,12,48,0.0,0.0,0.0,0.0,0.0,0.0,0.0,0.0
low_rank,54,42,12,48,0.0,0.0,0.0,0.0,0.0,0.0,0.0,0.0
low_rank,54,48,12,48,0.0,0.0,0.0,0.0,0.0,0.0,0.0,0.0
low_rank,54,54,12,48,0.0,0.0,0.0,0.0,0.0,0.0,0.0,0.0
low_rank,54,60,12,48,0.0,0.0,0.0,0.0,0.0,0.0,0.0,0.0
low_rank,55,6,6,54,1.0000000000000007,5.999999999999999,0.5000000000000007,0.5033463126155648,0.055555555555555546,0.05455767290999207,0.054705458129986395,9.299912534840887e-16
low_rank,55,12,12,48,0.0,0.0,0.0,0.0,0.0,0.0,0.0,0.0
low_rank,55,18,12,48,0.0,0.0,0.0,0.0,0.0,0.0,0.0,0.0
low_rank,55,24,12,48,0.0,0.0,0.0,0.0,0.0,0.0,0.0,0.0
low_rank,55,30,12,48,0.0,0.0,0.0,0.0,0.0,0.0,0.0,0.0
low_rank,55,36,12,48,0.0,0.0,0.0,0.0,0.0,0.0,0.0,0.0
low_rank,55,42,12,48,0.0,0.0,0.0,0.0,0.0,0.0,0.0,0.0
low_rank,55,48,12,48,0.0,0.0,0.0,0.0,0.0,0.0,0.0,0.0
low_rank,55,54,12,48,0.0,0.0,0.0,0.0,0.0,0.0,0.0,0.0
low_rank,55,60,12,48,0.0,0.0,0.0,0.0,0.0,0.0,0.0,0.0
low_rank,56,6,6,54,1.000000000000001,6.000000000000002,0.5000000000000002,0.5012337283642632,0.05555555555555557,0.06061432358354989,0.06078271096942195,7.072561531178137e-16
low_rank,56,12,12,48,0.0,0.0,0.0,0.0,0.0,0.0,0.0,0.0
low_rank,56,18,12,48,0.0,0.0,0.0,0.0,0.0,0.0,0.0,0.0
low_rank,56,24,12,48,0.0,0.0,0.0,0.0,0.0,0.0,0.0,0.0
low_rank,56,30,12,48,0.0,0.0,0.0,0.0,0.0,0.0,0.0,0.0
low_rank,56,36,12,48,0.0,0.0,0.0,0.0,0.0,0.0,0.0,0.0
low_rank,56,42,12,48,0.0,0.0,0.0,0.0,0.0,0.0,0.0,0.0
low_rank,56,48,12,48,0.0,0.0,0.0,0.0,0.0,0.0,0.0,0.0
low_rank,56,54,12,48,0.0,0.0,0.0,0.0,0.0,0.0,0.0,0.0
low_rank,56,60,12,48,0.0,0.0,0.0,0.0,0.0,0.0,0.0,0.0
low_rank,57,6,6,54,1.0000000000000004,6.0,0.5000000000000001,0.49291576991469477,0.05555555555555555,0.051790255004168374,0.05223856963672659,8.504866797424531e-16
low_rank,57,12,12,48,0.0,0.0,0.0,0.0,0.0,0.0,0.0,0.0
low_rank,57,18,12,48,0.0,0.0,0.0,0.0,0.0,0.0,0.0,0.0
low_rank,57,24,12,48,0.0,0.0,0.0,0.0,0.0,0.0,0.0,0.0
low_rank,57,30,12,48,0.0,0.0,0.0,0.0,0.0,0.0,0.0,0.0
low_rank,57,36,12,48,0.0,0.0,0.0,0.0,0.0,0.0,0.0,0.0
low_rank,57,42,12,48,0.0,0.0,0.0,0.0,0.0,0.0,0.0,0.0
low_rank,57,48,12,48,0.0,0.0,0.0,0.0,0.0,0.0,0.0,0.0
low_rank,57,54,12,48,0.0,0.0,0.0,0.0,0.0,0.0,0.0,0.0
low_rank,57,60,12,48,0.0,0.0,0.0,0.0,0.0,0.0,0.0,0.0
low_rank,58,6,6,54,1.0000000000000004,5.999999999999998,0.49999999999999994,0.4978025810206907,0.05555555555555554,0.05692250572451989,0.057327715765375806,6.642064530137849e-16
low_rank,58,12,12,48,0.0,0.0,0.0,0.0,0.0,0.0,0.0,0.0
low_rank,58,18,12,48,0.0,0.0,0.0,0.0,0.0,0.0,0.0,0.0
low_rank,58,24,12,48,0.0,0.0,0.0,0.0,0.0,0.0,0.0,0.0
low_rank,58,30,12,48,0.0,0.0,0.0,0.0,0.0,0.0,0.0,0.0
low_rank,58,36,12,48,0.0,0.0,0.0,0.0,0.0,0.0,0.0,0.0
low_rank,58,42,12,48,0.0,0.0,0.0,0.0,0.0,0.0,0.0,0.0
low_rank,58,48,12,48,0.0,0.0,0.0,0.0,0.0,0.0,0.0,0.0
low_rank,58,54,12,48,0.0,0.0,0.0,0.0,0.0,0.0,0.0,0.0
low_rank,58,60,12,48,0.0,0.0,0.0,0.0,0.0,0.0,0.0,0.0
low_rank,59,6,6,54,1.0000000000000013,6.000000000000002,0.5000000000000004,0.4999797532848038,0.05555555555555557,0.056781990948427216,0.0555626389405631,6.136938618853823e-16
low_rank,59,12,12,48,0.0,0.0,0.0,0.0,0.0,0.0,0.0,0.0
low_rank,59,18,12,48,0.0,0.0,0.0,0.0,0.0,0.0,0.0,0.0
low_rank,59,24,12,48,0.0,0.0,0.0,0.0,0.0,0.0,0.0,0.0
low_rank,59,30,12,48,0.0,0.0,0.0,0.0,0.0,0.0,0.0,0.0
low_rank,59,36,12,48,0.0,0.0,0.0,0.0,0.0,0.0,0.0,0.0
low_rank,59,42,12,48,0.0,0.0,0.0,0.0,0.0,0.0,0.0,0.0
low_rank,59,48,12,48,0.0,0.0,0.0,0.0,0.0,0.0,0.0,0.0
low_rank,59,54,12,48,0.0,0.0,0.0,0.0,0.0,0.0,0.0,0.0
low_rank,59,60,12,48,0.0,0.0,0.0,0.0,0.0,0.0,0.0,0.0
low_rank,60,6,6,54,1.0000000000000004,6.0,0.5000000000000003,0.5086651843371013,0.05555555555555555,0.04659833246540107,0.047267663776834605,6.435196647639329e-16
low_rank,60,12,12,48,0.0,0.0,0.0,0.0,0.0,0.0,0.0,0.0
low_rank,60,18,12,48,0.0,0.0,0.0,0.0,0.0,0.0,0.0,0.0
low_rank,60,24,12,48,0.0,0.0,0.0,0.0,0.0,0.0,0.0,0.0
low_rank,60,30,12,48,0.0,0.0,0.0,0.0,0.0,0.0,0.0,0.0
low_rank,60,36,12,48,0.0,0.0,0.0,0.0,0.0,0.0,0.0,0.0
low_rank,60,42,12,48,0.0,0.0,0.0,0.0,0.0,0.0,0.0,0.0
low_rank,60,48,12,48,0.0,0.0,0.0,0.0,0.0,0.0,0.0,0.0
low_rank,60,54,12,48,0.0,0.0,0.0,0.0,0.0,0.0,0.0,0.0
low_rank,60,60,12,48,0.0,0.0,0.0,0.0,0.0,0.0,0.0,0.0
low_rank,61,6,6,54,1.0000000000000004,6.0,0.5000000000000004,0.4909326172208949,0.05555555555555555,0.054891617773138134,0.05531234257915723,9.983869050788403e-16
low_rank,61,12,12,48,0.0,0.0,0.0,0.0,0.0,0.0,0.0,0.0
low_rank,61,18,12,48,0.0,0.0,0.0,0.0,0.0,0.0,0.0,0.0
low_rank,61,24,12,48,0.0,0.0,0.0,0.0,0.0,0.0,0.0,0.0
low_rank,61,30,12,48,0.0,0.0,0.0,0.0,0.0,0.0,0.0,0.0
low_rank,61,36,12,48,0.0,0.0,0.0,0.0,0.0,0.0,0.0,0.0
low_rank,61,42,12,48,0.0,0.0,0.0,0.0,0.0,0.0,0.0,0.0
low_rank,61,48,12,48,0.0,0.0,0.0,0.0,0.0,0.0,0.0,0.0
low_rank,61,54,12,48,0.0,0.0,0.0,0.0,0.0,0.0,0.0,0.0
low_rank,61,60,12,48,0.0,0.0,0.0,0.0,0.0,0.0,0.0,0.0
low_rank,62,6,6,54,1.0000000000000002,5.999999999999998,0.5,0.5064177188818575,0.05555555555555554,0.05979331176941689,0.05998024994712502,1.3370397723073254e-15
low_rank,62,12,12,48,0.0,0.0,0.0,0.0,0.0,0.0,0.0,0.0
low_rank,62,18,12,48,0.0,0.0,0.0,0.0,0.0,0.0,0.0,0.0
low_rank,62,24,12,48,0.0,0.0,0.0,0.0,0.0,0.0,0.0,0.0
low_rank,62,30,12,48,0.0,0.0,0.0,0.0,0.0,0.0,0.0,0.0
low_rank,62,36,12,48,0.0,0.0,0.0,0.0,0.0,0.0,0.0,0.0
low_rank,62,42,12,48,0.0,0.0,0.0,0.0,0.0,0.0,0.0,0.0
low_rank,62,48,12,48,0.0,0.0,0.0,0.0,0.0,0.0,0.0,0.0
low_rank,62,54,12,48,0.0,0.0,0.0,0.0,0.0,0.0,0.0,0.0
low_rank,62,60,12,48,0.0,0.0,0.0,0.0,0.0,0.0,0.0,0.0
low_rank,63,6,6,54,1.0000000000000004,6.0,0.5000000000000001,0.4963399076669132,0.05555555555555555,0.06699503640924008,0.06744984262542122,1.1362100500262649e-15
low_rank,63,12,12,48,0.0,0.0,0.0,0.0,0.0,0.0,0.0,0.0
low_rank,63,18,12,48,0.0,0.0,0.0,0.0,0.0,0.0,0.0,0.0
low_rank,63,24,12,48,0.0,0.0,0.0,0.0,0.0,0.0,0.0,0.0
low_rank,63,30,12,48,0.0,0.0,0.0,0.0,0.0,0.0,0.0,0.0
low_rank,63,36,12,48,0.0,0.0,0.0,0.0,0.0,0.0,0.0,0.0
low_rank,63,42,12,48,0.0,0.0,0.0,0.0,0.0,0.0,0.0,0.0
low_rank,63,48,12,48,0.0,0.0,0.0,0.0,0.0,0.0,0.0,0.0
low_rank,63,54,12,48,0.0,0.0,0.0,0.0,0.0,0.0,0.0,0.0
low_rank,63,60,12,48,0.0,0.0,0.0,0.0,0.0,0.0,0.0,0.0
low_rank,64,6,6,54,1.0000000000000007,6.000000000000002,0.5000000000000001,0.4937447108004427,0.05555555555555557,0.044609074802585136,0.04474098117202299,9.428662406201182e-16
low_rank,64,12,12,48,0.0,0.0,0.0,0.0,0.0,0.0,0.0,0.0
low_rank,64,18,12,48,0.0,0.0,0.0,0.0,0.0,0.0,0.0,0.0
low_rank,64,24,12,48,0.0,0.0,0.0,0.0,0.0,0.0,0.0,0.0
low_rank,64,30,12,48,0.0,0.0,0.0,0.0,0.0,0.0,0.0,0.0
low_rank,64,36,12,48,0.0,0.0,0.0,0.0,0.0,0.0,0.0,0.0
low_rank,64,42,12,48,0.0,0.0,0.0,0.0,0.0,0.0,0.0,0.0
low_rank,64,48,12,48,0.0,0.0,0.0,0.0,0.0,0.0,0.0,0.0
low_rank,64,54,12,48,0.0,0.0,0.0,0.0,0.0,0.0,0.0,0.0
low_rank,64,60,12,48,0.0,0.0,0.0,0.0,0.0,0.0,0.0,0.0
low_rank,65,6,6,54,1.0000000000000004,6.0,0.5000000000000002,0.499745464691317,0.05555555555555555,0.05811224090202903,0.05830703633719671,1.022167432176716e-15
low_rank,65,12,12,48,0.0,0.0,0.0,0.0,0.0,0.0,0.0,0.0
low_rank,65,18,12,48,0.0,0.0,0.0,0.0,0.0,0.0,0.0,0.0
low_rank,65,24,12,48,0.0,0.0,0.0,0.0,0.0,0.0,0.0,0.0
low_rank,65,30,12,48,0.0,0.0,0.0,0.0,0.0,0.0,0.0,0.0
low_rank,65,36,12,48,0.0,0.0,0.0,0.0,0.0,0.0,0.0,0.0
low_rank,65,42,12,48,0.0,0.0,0.0,0.0,0.0,0.0,0.0,0.0
low_rank,65,48,12,48,0.0,0.0,0.0,0.0,0.0,0.0,0.0,0.0
low_rank,65,54,12,48,0.0,0.0,0.0,0.0,0.0,0.0,0.0,0.0
low_rank,65,60,12,48,0.0,0.0,0.0,0.0,0.0,0.0,0.0,0.0
low_rank,66,6,6,54,1.0000000000000013,6.0,0.5,0.511571604485076,0.05555555555555555,0.050569448966360356,0.04991735388652651,1.025224396304711e-15
low_rank,66,12,12,48,0.0,0.0,0.0,0.0,0.0,0.0,0.0,0.0
low_rank,66,18,12,48,0.0,0.0,0.0,0.0,0.0,0.0,0.0,0.0
low_rank,66,24,12,48,0.0,0.0,0.0,0.0,0.0,0.0,0.0,0.0
low_rank,66,30,12,48,0.0,0.0,0.0,0.0,0.0,0.0,0.0,0.0
low_rank,66,36,12,48,0.0,0.0,0.0,0.0,0.0,0.0,0.0,0.0
low_rank,66,42,12,48,0.0,0.0,0.0,0.0,0.0,0.0,0.0,0.0
low_rank,66,48,12,48,0.0,0.0,0.0,0.0,0.0,0.0,0.0,0.0
low_rank,66,54,12,48,0.0,0.0,0.0,0.0,0.0,0.0,0.0,0.0
low_rank,66,60,12,48,0.0,0.0,0.0,0.0,0.0,0.0,0.0,0.0
low_rank,67,6,6,54,1.0000000000000002,5.999999999999998,0.5000000000000001,0.5149981522655426,0.05555555555555554,0.05394038244381415,0.05411009496360261,9.757371690327767e-16
low_rank,67,12,12,48,0.0,0.0,0.0,0.0,0.0,0.0,0.0,0.0
low_rank,67,18,12,48,0.0,0.0,0.0,0.0,0.0,0.0,0.0,0.0
low_rank,67,24,12,48,0.0,0.0,0.0,0.0,0.0,0.0,0.0,0.0
low_rank,67,30,12,48,0.0,0.0,0.0,0.0,0.0,0.0,0.0,0.0
low_rank,67,36,12,48,0.0,0.0,0.0,0.0,0.0,0.0,0.0,0.0
low_rank,67,42,12,48,0.0,0.0,0.0,0.0,0.0,0.0,0.0,0.0
low_rank,67,48,12,48,0.0,0.0,0.0,0.0,0.0,0.0,0.0,0.0
low_rank,67,54,12,48,0.0,0.0,0.0,0.0,0.0,0.0,0.0,0.0
low_rank,67,60,12,48,0.0,0.0,0.0,0.0,0.0,0.0,0.0,0.0
low_rank,68,6,6,54,1.0000000000000002,5.999999999999999,0.5000000000000001,0.5121398033253901,0.055555555555555546,0.04995369498555215,0.050228517562201605,8.627161600554673e-16
low_rank,68,12,12,48,0.0,0.0,0.0,0.0,0.0,0.0,0.0,0.0
low_rank,68,18,12,48,0.0,0.0,0.0,0.0,0.0,0.0,0.0,0.0
low_rank,68,24,12,48,0.0,0.0,0.0,0.0,0.0,0.0,0.0,0.0
low_rank,68,30,12,48,0.0,0.0,0.0,0.0,0.0,0.0,0.0,0.0
low_rank,68,36,12,48,0.0,0.0,0.0,0.0,0.0,0.0,0.0,0.0
low_rank,68,42,12,48,0.0,0.0,0.0,0.0,0.0,0.0,0.0,0.0
low_rank,68,48,12,48,0.0,0.0,0.0,0.0,0.0,0.0,0.0,0.0
low_rank,68,54,12,48,0.0,0.0,0.0,0.0,0.0,0.0,0.0,0.0
low_rank,68,60,12,48,0.0,0.0,0.0,0.0,0.0,0.0,0.0,0.0
low_rank,69,6,6,54,1.0,6.0,0.5,0.4905882627658867,0.05555555555555555,0.06652835614203151,0.0664818118578997,7.235450323517297e-16
low_rank,69,12,12,48,0.0,0.0,0.0,0.0,0.0,0.0,0.0,0.0
low_rank,69,18,12,48,0.0,0.0,0.0,0.0,0.0,0.0,0.0,0.0
low_rank,69,24,12,48,0.0,0.0,0.0,0.0,0.0,0.0,0.0,0.0
low_rank,69,30,12,48,0.0,0.0,0.0,0.0,0.0,0.0,0.0,0.0
low_rank,69,36,12,48,0.0,0.0,0.0,0.0,0.0,0.0,0.0,0.0
low_rank,69,42,12,48,0.0,0.0,0.0,0.0,0.0,0.0,0.0,0.0
low_rank,69,48,12,48,0.0,0.0,0.0,0.0,0.0,0.0,0.0,0.0
low_rank,69,54,12,48,0.0,0.0,0.0,0.0,0.0,0.0,0.0,0.0
low_rank,69,60,12,48,0.0,0.0,0.0,0.0,0.0,0.0,0.0,0.0
low_rank,70,6,6,54,1.0000000000000004,5.999999999999998,0.49999999999999994,0.5015684287468181,0.05555555555555554,0.060209613270845744,0.059966717310458585,8.415222842106938e-16
low_rank,70,12,12,48,0.0,0.0,0.0,0.0,0.0,0.0,0.0,0.0
low_rank,70,18,12,48,0.0,0.0,0.0,0.0,0.0,0.0,0.0,0.0
low_rank,70,24,12,48,0.0,0.0,0.0,0.0,0.0,0.0,0.0,0.0
low_rank,70,30,12,48,0.0,0.0,0.0,0.0,0.0,0.0,0.0,0.0
low_rank,70,36,12,48,0.0,0.0,0.0,0.0,0.0,0.0,0.0,0.0
low_rank,70,42,12,48,0.0,0.0,0.0,0.0,0.0,0.0,0.0,0.0
low_rank,70,48,12,48,0.0,0.0,0.0,0.0,0.0,0.0,0.0,0.0
low_rank,70,54,12,48,0.0,0.0,0.0,0.0,0.0,0.0,0.0,0.0
low_rank,70,60,12,48,0.0,0.0,0.0,0.0,0.0,0.0,0.0,0.0
low_rank,71,6,6,54,1.0000000000000007,6.000000000000001,0.5000000000000003,0.5034062559024851,0.055555555555555566,0.0479537272190529,0.04768098090122161,1.0592680491001713e-15
low_rank,71,12,12,48,0.0,0.0,0.0,0.0,0.0,0.0,0.0,0.0
low_rank,71,18,12,48,0.0,0.0,0.0,0.0,0.0,0.0,0.0,0.0
low_rank,71,24,12,48,0.0,0.0,0.0,0.0,0.0,0.0,0.0,0.0
low_rank,71,30,12,48,0.0,0.0,0.0,0.0,0.0,0.0,0.0,0.0
low_rank,71,36,12,48,0.0,0.0,0.0,0.0,0.0,0.0,0.0,0.0
low_rank,71,42,12,48,0.0,0.0,0.0,0.0,0.0,0.0,0.0,0.0
low_rank,71,48,12,48,0.0,0.0,0.0,0.0,0.0,0.0,0.0,0.0
low_rank,71,54,12,48,0.0,0.0,0.0,0.0,0.0,0.0,0.0,0.0
low_rank,71,60,12,48,0.0,0.0,0.0,0.0,0.0,0.0,0.0,0.0
low_rank,72,6,6,54,1.0000000000000002,5.999999999999998,0.5000000000000003,0.5020757571422781,0.05555555555555554,0.053410418570391936,0.05350699720799521,8.55460635963476e-16
low_rank,72,12,12,48,0.0,0.0,0.0,0.0,0.0,0.0,0.0,0.0
low_rank,72,18,12,48,0.0,0.0,0.0,0.0,0.0,0.0,0.0,0.0
low_rank,72,24,12,48,0.0,0.0,0.0,0.0,0.0,0.0,0.0,0.0
low_rank,72,30,12,48,0.0,0.0,0.0,0.0,0.0,0.0,0.0,0.0
low_rank,72,36,12,48,0.0,0.0,0.0,0.0,0.0,0.0,0.0,0.0
low_rank,72,42,12,48,0.0,0.0,0.0,0.0,0.0,0.0,0.0,0.0
low_rank,72,48,12,48,0.0,0.0,0.0,0.0,0.0,0.0,0.0,0.0
low_rank,72,54,12,48,0.0,0.0,0.0,0.0,0.0,0.0,0.0,0.0
low_rank,72,60,12,48,0.0,0.0,0.0,0.0,0.0,0.0,0.0,0.0
low_rank,73,6,6,54,1.0000000000000009,6.000000000000001,0.4999999999999999,0.5019287528152785,0.055555555555555566,0.05509994088140395,0.055778509588992053,1.094409162787006e-15
low_rank,73,12,12,48,0.0,0.0,0.0,0.0,0.0,0.0,0.0,0.0
low_rank,73,18,12,48,0.0,0.0,0.0,0.0,0.0,0.0,0.0,0.0
low_rank,73,24,12,48,0.0,0.0,0.0,0.0,0.0,0.0,0.0,0.0
low_rank,73,30,12,48,0.0,0.0,0.0,0.0,0.0,0.0,0.0,0.0
low_rank,73,36,12,48,0.0,0.0,0.0,0.0,0.0,0.0,0.0,0.0
low_rank,73,42,12,48,0.0,0.0,0.0,0.0,0.0,0.0,0.0,0.0
low_rank,73,48,12,48,0.0,0.0,0.0,0.0,0.0,0.0,0.0,0.0
low_rank,73,54,12,48,0.0,0.0,0.0,0.0,0.0,0.0,0.0,0.0
low_rank,73,60,12,48,0.0,0.0,0.0,0.0,0.0,0.0,0.0,0.0
low_rank,74,6,6,54,1.0000000000000009,5.999999999999999,0.5000000000000006,0.5039112305385398,0.055555555555555546,0.06379058874466347,0.06314969031701677,1.085427015458574e-15
low_rank,74,12,12,48,0.0,0.0,0.0,0.0,0.0,0.0,0.0,0.0
low_rank,74,18,12,48,0.0,0.0,0.0,0.0,0.0,0.0,0.0,0.0
low_rank,74,24,12,48,0.0,0.0,0.0,0.0,0.0,0.0,0.0,0.0
low_rank,74,30,12,48,0.0,0.0,0.0,0.0,0.0,0.0,0.0,0.0
low_rank,74,36,12,48,0.0,0.0,0.0,0.0,0.0,0.0,0.0,0.0
low_rank,74,42,12,48,0.0,0.0,0.0,0.0,0.0,0.0,0.0,0.0
low_rank,74,48,12,48,0.0,0.0,0.0,0.0,0.0,0.0,0.0,0.0
low_rank,74,54,12,48,0.0,0.0,0.0,0.0,0.0,0.0,0.0,0.0
low_rank,74,60,12,48,0.0,0.0,0.0,0.0,0.0,0.0,0.0,0.0
low_rank,75,6,6,54,1.0000000000000002,5.999999999999999,0.5000000000000002,0.5112304246972502,0.055555555555555546,0.0584339209219284,0.058724797409771615,6.86601605263351e-16
low_rank,75,12,12,48,0.0,0.0,0.0,0.0,0.0,0.0,0.0,0.0
low_rank,75,18,12,48,0.0,0.0,0.0,0.0,0.0,0.0,0.0,0.0
low_rank,75,24,12,48,0.0,0.0,0.0,0.0,0.0,0.0,0.0,0.0
low_rank,75,30,12,48,0.0,0.0,0.0,0.0,0.0,0.0,0.0,0.0
low_rank,75,36,12,48,0.0,0.0,0.0,0.0,0.0,0.0,0.0,0.0
low_rank,75,42,12,48,0.0,0.0,0.0,0.0,0.0,0.0,0.0,0.0
low_rank,75,48,12,48,0.0,0.0,0.0,0.0,0.0,0.0,0.0,0.0
low_rank,75,54,12,48,0.0,0.0,0.0,0.0,0.0,0.0,0.0,0.0
low_rank,75,60,12,48,0.0,0.0,0.0,0.0,0.0,0.0,0.0,0.0
low_rank,76,6,6,54,1.0000000000000002,6.0,0.5000000000000003,0.5079630988466457,0.05555555555555555,0.05120083756639164,0.051103390555285705,5.593718257405771e-16
low_rank,76,12,12,48,0.0,0.0,0.0,0.0,0.0,0.0,0.0,0.0
low_rank,76,18,12,48,0.0,0.0,0.0,0.0,0.0,0.0,0.0,0.0
low_rank,76,24,12,48,0.0,0.0,0.0,0.0,0.0,0.0,0.0,0.0
low_rank,76,30,12,48,0.0,0.0,0.0,0.0,0.0,0.0,0.0,0.0
low_rank,76,36,12,48,0.0,0.0,0.0,0.0,0.0,0.0,0.0,0.0
low_rank,76,42,12,48,0.0,0.0,0.0,0.0,0.0,0.0,0.0,0.0
low_rank,76,48,12,48,0.0,0.0,0.0,0.0,0.0,0.0,0.0,0.0
low_rank,76,54,12,48,0.0,0.0,0.0,0.0,0.0,0.0,0.0,0.0
low_rank,76,60,12,48,0.0,0.0,0.0,0.0,0.0,0.0,0.0,0.0
low_rank,77,6,6,54,1.0000000000000004,6.0,0.5,0.504806776889895,0.05555555555555555,0.05589629143477439,0.056468191607693584,1.2782573604305465e-15
low_rank,77,12,12,48,0.0,0.0,0.0,0.0,0.0,0.0,0.0,0.0
low_rank,77,18,12,48,0.0,0.0,0.0,0.0,0.0,0.0,0.0,0.0
low_rank,77,24,12,48,0.0,0.0,0.0,0.0,0.0,0.0,0.0,0.0
low_rank,77,30,12,48,0.0,0.0,0.0,0.0,0.0,0.0,0.0,0.0
low_rank,77,36,12,48,0.0,0.0,0.0,0.0,0.0,0.0,0.0,0.0
low_rank,77,42,12,48,0.0,0.0,0.0,0.0,0.0,0.0,0.0,0.0
low_rank,77,48,12,48,0.0,0.0,0.0,0.0,0.0,0.0,0.0,0.0
low_rank,77,54,12,48,0.0,0.0,0.0,0.0,0.0,0.0,0.0,0.0
low_rank,77,60,12,48,0.0,0.0,0.0,0.0,0.0,0.0,0.0,0.0
low_rank,78,6,6,54,1.0000000000000002,5.999999999999999,0.5000000000000001,0.4904304856106697,0.055555555555555546,0.05911047673427689,0.05744445157199676,9.19855648070049e-16
low_rank,78,12,12,48,0.0,0.0,0.0,0.0,0.0,0.0,0.0,0.0
low_rank,78,18,12,48,0.0,0.0,0.0,0.0,0.0,0.0,0.0,0.0
low_rank,78,24,12,48,0.0,0.0,0.0,0.0,0.0,0.0,0.0,0.0
low_rank,78,30,12,48,0.0,0.0,0.0,0.0,0.0,0.0,0.0,0.0
low_rank,78,36,12,48,0.0,0.0,0.0,0.0,0.0,0.0,0.0,0.0
low_rank,78,42,12,48,0.0,0.0,0.0,0.0,0.0,0.0,0.0,0.0
low_rank,78,48,12,48,0.0,0.0,0.0,0.0,0.0,0.0,0.0,0.0
low_rank,78,54,12,48,0.0,0.0,0.0,0.0,0.0,0.0,0.0,0.0
low_rank,78,60,12,48,0.0,0.0,0.0,0.0,0.0,0.0,0.0,0.0
low_rank,79,6,6,54,1.0000000000000009,5.999999999999999,0.5000000000000002,0.5069720936611202,0.055555555555555546,0.056398971268742444,0.05614561714901563,1.7094405308879313e-15
low_rank,79,12,12,48,0.0,0.0,0.0,0.0,0.0,0.0,0.0,0.0
low_rank,79,18,12,48,0.0,0.0,0.0,0.0,0.0,0.0,0.0,0.0
low_rank,79,24,12,48,0.0,0.0,0.0,0.0,0.0,0.0,0.0,0.0
low_rank,79,30,12,48,0.0,0.0,0.0,0.0,0.0,0.0,0.0,0.0
low_rank,79,36,12,48,0.0,0.0,0.0,0.0,0.0,0.0,0.0,0.0
low_rank,79,42,12,48,0.0,0.0,0.0,0.0,0.0,0.0,0.0,0.0
low_rank,79,48,12,48,0.0,0.0,0.0,0.0,0.0,0.0,0.0,0.0
low_rank,79,54,12,48,0.0,0.0,0.0,0.0,0.0,0.0,0.0,0.0
low_rank,79,60,12,48,0.0,0.0,0.0,0.0,0.0,0.0,0.0,0.0
low_rank,80,6,6,54,1.000000000000001,6.000000000000001,0.5,0.49851289233936597,0.055555555555555566,0.05733363938752446,0.05732098736813625,8.162851443968697e-16
low_rank,80,12,12,48,0.0,0.0,0.0,0.0,0.0,0.0,0.0,0.0
low_rank,80,18,12,48,0.0,0.0,0.0,0.0,0.0,0.0,0.0,0.0
low_rank,80,24,12,48,0.0,0.0,0.0,0.0,0.0,0.0,0.0,0.0
low_rank,80,30,12,48,0.0,0.0,0.0,0.0,0.0,0.0,0.0,0.0
low_rank,80,36,12,48,0.0,0.0,0.0,0.0,0.0,0.0,0.0,0.0
low_rank,80,42,12,48,0.0,0.0,0.0,0.0,0.0,0.0,0.0,0.0
low_rank,80,48,12,48,0.0,0.0,0.0,0.0,0.0,0.0,0.0,0.0
low_rank,80,54,12,48,0.0,0.0,0.0,0.0,0.0,0.0,0.0,0.0
low_rank,80,60,12,48,0.0,0.0,0.0,0.0,0.0,0.0,0.0,0.0
low_rank,81,6,6,54,1.0000000000000007,6.000000000000001,0.5000000000000002,0.48657197720290096,0.055555555555555566,0.05329382983656155,0.05272004432839944,1.0174436838697072e-15
low_rank,81,12,12,48,0.0,0.0,0.0,0.0,0.0,0.0,0.0,0.0
low_rank,81,18,12,48,0.0,0.0,0.0,0.0,0.0,0.0,0.0,0.0
low_rank,81,24,12,48,0.0,0.0,0.0,0.0,0.0,0.0,0.0,0.0
low_rank,81,30,12,48,0.0,0.0,0.0,0.0,0.0,0.0,0.0,0.0
low_rank,81,36,12,48,0.0,0.0,0.0,0.0,0.0,0.0,0.0,0.0
low_rank,81,42,12,48,0.0,0.0,0.0,0.0,0.0,0.0,0.0,0.0
low_rank,81,48,12,48,0.0,0.0,0.0,0.0,0.0,0.0,0.0,0.0
low_rank,81,54,12,48,0.0,0.0,0.0,0.0,0.0,0.0,0.0,0.0
low_rank,81,60,12,48,0.0,0.0,0.0,0.0,0.0,0.0,0.0,0.0
low_rank,82,6,6,54,1.0000000000000007,5.999999999999999,0.4999999999999999,0.49277690246390793,0.055555555555555546,0.051219757754926175,0.051702006355787755,6.056804401808422e-16
low_rank,82,12,12,48,0.0,0.0,0.0,0.0,0.0,0.0,0.0,0.0
low_rank,82,18,12,48,0.0,0.0,0.0,0.0,0.0,0.0,0.0,0.0
low_rank,82,24,12,48,0.0,0.0,0.0,0.0,0.0,0.0,0.0,0.0
low_rank,82,30,12,48,0.0,0.0,0.0,0.0,0.0,0.0,0.0,0.0
low_rank,82,36,12,48,0.0,0.0,0.0,0.0,0.0,0.0,0.0,0.0
low_rank,82,42,12,48,0.0,0.0,0.0,0.0,0.0,0.0,0.0,0.0
low_rank,82,48,12,48,0.0,0.0,0.0,0.0,0.0,0.0,0.0,0.0
low_rank,82,54,12,48,0.0,0.0,0.0,0.0,0.0,0.0,0.0,0.0
low_rank,82,60,12,48,0.0,0.0,0.0,0.0,0.0,0.0,0.0,0.0
low_rank,83,6,6,54,1.0000000000000004,6.0,0.5000000000000002,0.49726303194220545,0.05555555555555555,0.054327051519205145,0.053859351331481266,1.0088330929859274e-15
low_rank,83,12,12,48,0.0,0.0,0.0,0.0,0.0,0.0,0.0,0.0
low_rank,83,18,12,48,0.0,0.0,0.0,0.0,0.0,0.0,0.0,0.0
low_rank,83,24,12,48,0.0,0.0,0.0,0.0,0.0,0.0,0.0,0.0
low_rank,83,30,12,48,0.0,0.0,0.0,0.0,0.0,0.0,0.0,0.0
low_rank,83,36,12,48,0.0,0.0,0.0,0.0,0.0,0.0,0.0,0.0
low_rank,83,42,12,48,0.0,0.0,0.0,0.0,0.0,0.0,0.0,0.0
low_rank,83,48,12,48,0.0,0.0,0.0,0.0,0.0,0.0,0.0,0.0
low_rank,83,54,12,48,0.0,0.0,0.0,0.0,0.0,0.0,0.0,0.0
low_rank,83,60,12,48,0.0,0.0,0.0,0.0,0.0,0.0,0.0,0.0
low_rank,84,6,6,54,1.0000000000000007,6.000000000000001,0.5000000000000003,0.5049587244080432,0.055555555555555566,0.05962762287961707,0.05966116993254958,1.0947602684915374e-15
low_rank,84,12,12,48,0.0,0.0,0.0,0.0,0.0,0.0,0.0,0.0
low_rank,84,18,12,48,0.0,0.0,0.0,0.0,0.0,0.0,0.0,0.0
low_rank,84,24,12,48,0.0,0.0,0.0,0.0,0.0,0.0,0.0,0.0
low_rank,84,30,12,48,0.0,0.0,0.0,0.0,0.0,0.0,0.0,0.0
low_rank,84,36,12,48,0.0,0.0,0.0,0.0,0.0,0.0,0.0,0.0
low_rank,84,42,12,48,0.0,0.0,0.0,0.0,0.0,0.0,0.0,0.0
low_rank,84,48,12,48,0.0,0.0,0.0,0.0,0.0,0.0,0.0,0.0
low_rank,84,54,12,48,0.0,0.0,0.0,0.0,0.0,0.0,0.0,0.0
low_rank,84,60,12,48,0.0,0.0,0.0,0.0,0.0,0.0,0.0,0.0
low_rank,85,6,6,54,1.0000000000000002,6.0,0.5000000000000004,0.49183000688743767,0.05555555555555555,0.05186970368649808,0.05134685591088996,1.1053192560906267e-15
low_rank,85,12,12,48,0.0,0.0,0.0,0.0,0.0,0.0,0.0,0.0
low_rank,85,18,12,48,0.0,0.0,0.0,0.0,0.0,0.0,0.0,0.0
low_rank,85,24,12,48,0.0,0.0,0.0,0.0,0.0,0.0,0.0,0.0
low_rank,85,30,12,48,0.0,0.0,0.0,0.0,0.0,0.0,0.0,0.0
low_rank,85,36,12,48,0.0,0.0,0.0,0.0,0.0,0.0,0.0,0.0
low_rank,85,42,12,48,0.0,0.0,0.0,0.0,0.0,0.0,0.0,0.0
low_rank,85,48,12,48,0.0,0.0,0.0,0.0,0.0,0.0,0.0,0.0
low_rank,85,54,12,48,0.0,0.0,0.0,0.0,0.0,0.0,0.0,0.0
low_rank,85,60,12,48,0.0,0.0,0.0,0.0,0.0,0.0,0.0,0.0
low_rank,86,6,6,54,1.0000000000000004,6.0,0.5000000000000001,0.5040674213080537,0.05555555555555555,0.05698317974201306,0.056366146173245486,9.418495536787112e-16
low_rank,86,12,12,48,0.0,0.0,0.0,0.0,0.0,0.0,0.0,0.0
low_rank,86,18,12,48,0.0,0.0,0.0,0.0,0.0,0.0,0.0,0.0
low_rank,86,24,12,48,0.0,0.0,0.0,0.0,0.0,0.0,0.0,0.0
low_rank,86,30,12,48,0.0,0.0,0.0,0.0,0.0,0.0,0.0,0.0
low_rank,86,36,12,48,0.0,0.0,0.0,0.0,0.0,0.0,0.0,0.0
low_rank,86,42,12,48,0.0,0.0,0.0,0.0,0.0,0.0,0.0,0.0
low_rank,86,48,12,48,0.0,0.0,0.0,0.0,0.0,0.0,0.0,0.0
low_rank,86,54,12,48,0.0,0.0,0.0,0.0,0.0,0.0,0.0,0.0
low_rank,86,60,12,48,0.0,0.0,0.0,0.0,0.0,0.0,0.0,0.0
low_rank,87,6,6,54,1.0000000000000004,5.999999999999998,0.5000000000000003,0.4983041463865966,0.05555555555555554,0.05598107153347495,0.05645251454982926,8.700559051559976e-16
low_rank,87,12,12,48,0.0,0.0,0.0,0.0,0.0,0.0,0.0,0.0
low_rank,87,18,12,48,0.0,0.0,0.0,0.0,0.0,0.0,0.0,0.0
low_rank,87,24,12,48,0.0,0.0,0.0,0.0,0.0,0.0,0.0,0.0
low_rank,87,30,12,48,0.0,0.0,0.0,0.0,0.0,0.0,0.0,0.0
low_rank,87,36,12,48,0.0,0.0,0.0,0.0,0.0,0.0,0.0,0.0
low_rank,87,42,12,48,0.0,0.0,0.0,0.0,0.0,0.0,0.0,0.0
low_rank,87,48,12,48,0.0,0.0,0.0,0.0,0.0,0.0,0.0,0.0
low_rank,87,54,12,48,0.0,0.0,0.0,0.0,0.0,0.0,0.0,0.0
low_rank,87,60,12,48,0.0,0.0,0.0,0.0,0.0,0.0,0.0,0.0
low_rank,88,6,6,54,1.0000000000000004,5.999999999999998,0.5,0.49219421686662185,0.05555555555555554,0.05533599645818023,0.05498344756575154,9.237139150118146e-16
low_rank,88,12,12,48,0.0,0.0,0.0,0.0,0.0,0.0,0.0,0.0
low_rank,88,18,12,48,0.0,0.0,0.0,0.0,0.0,0.0,0.0,0.0
low_rank,88,24,12,48,0.0,0.0,0.0,0.0,0.0,0.0,0.0,0.0
low_rank,88,30,12,48,0.0,0.0,0.0,0.0,0.0,0.0,0.0,0.0
low_rank,88,36,12,48,0.0,0.0,0.0,0.0,0.0,0.0,0.0,0.0
low_rank,88,42,12,48,0.0,0.0,0.0,0.0,0.0,0.0,0.0,0.0
low_rank,88,48,12,48,0.0,0.0,0.0,0.0,0.0,0.0,0.0,0.0
low_rank,88,54,12,48,0.0,0.0,0.0,0.0,0.0,0.0,0.0,0.0
low_rank,88,60,12,48,0.0,0.0,0.0,0.0,0.0,0.0,0.0,0.0
low_rank,89,6,6,54,1.0000000000000007,6.0,0.5000000000000001,0.49421654746566324,0.05555555555555555,0.05673088396218116,0.057165228309184246,6.806387523476331e-16
low_rank,89,12,12,48,0.0,0.0,0.0,0.0,0.0,0.0,0.0,0.0
low_rank,89,18,12,48,0.0,0.0,0.0,0.0,0.0,0.0,0.0,0.0
low_rank,89,24,12,48,0.0,0.0,0.0,0.0,0.0,0.0,0.0,0.0
low_rank,89,30,12,48,0.0,0.0,0.0,0.0,0.0,0.0,0.0,0.0
low_rank,89,36,12,48,0.0,0.0,0.0,0.0,0.0,0.0,0.0,0.0
low_rank,89,42,12,48,0.0,0.0,0.0,0.0,0.0,0.0,0.0,0.0
low_rank,89,48,12,48,0.0,0.0,0.0,0.0,0.0,0.0,0.0,0.0
low_rank,89,54,12,48,0.0,0.0,0.0,0.0,0.0,0.0,0.0,0.0
low_rank,89,60,12,48,0.0,0.0,0.0,0.0,0.0,0.0,0.0,0.0
low_rank,90,6,6,54,1.0000000000000009,5.999999999999999,0.5,0.4769512781596775,0.055555555555555546,0.06181953453636646,0.06192647771350181,7.667084582231565e-16
low_rank,90,12,12,48,0.0,0.0,0.0,0.0,0.0,0.0,0.0,0.0
low_rank,90,18,12,48,0.0,0.0,0.0,0.0,0.0,0.0,0.0,0.0
low_rank,90,24,12,48,0.0,0.0,0.0,0.0,0.0,0.0,0.0,0.0
low_rank,90,30,12,48,0.0,0.0,0.0,0.0,0.0,0.0,0.0,0.0
low_rank,90,36,12,48,0.0,0.0,0.0,0.0,0.0,0.0,0.0,0.0
low_rank,90,42,12,48,0.0,0.0,0.0,0.0,0.0,0.0,0.0,0.0
low_rank,90,48,12,48,0.0,0.0,0.0,0.0,0.0,0.0,0.0,0.0
low_rank,90,54,12,48,0.0,0.0,0.0,0.0,0.0,0.0,0.0,0.0
low_rank,90,60,12,48,0.0,0.0,0.0,0.0,0.0,0.0,0.0,0.0
low_rank,91,6,6,54,1.0000000000000002,5.999999999999998,0.5000000000000004,0.4943997764952089,0.05555555555555554,0.0476968184352179,0.04718570563019647,1.526696041896519e-15
low_rank,91,12,12,48,0.0,0.0,0.0,0.0,0.0,0.0,0.0,0.0
low_rank,91,18,12,48,0.0,0.0,0.0,0.0,0.0,0.0,0.0,0.0
low_rank,91,24,12,48,0.0,0.0,0.0,0.0,0.0,0.0,0.0,0.0
low_rank,91,30,12,48,0.0,0.0,0.0,0.0,0.0,0.0,0.0,0.0
low_rank,91,36,12,48,0.0,0.0,0.0,0.0,0.0,0.0,0.0,0.0
low_rank,91,42,12,48,0.0,0.0,0.0,0.0,0.0,0.0,0.0,0.0
low_rank,91,48,12,48,0.0,0.0,0.0,0.0,0.0,0.0,0.0,0.0
low_rank,91,54,12,48,0.0,0.0,0.0,0.0,0.0,0.0,0.0,0.0
low_rank,91,60,12,48,0.0,0.0,0.0,0.0,0.0,0.0,0.0,0.0
low_rank,92,6,6,54,1.0000000000000007,5.999999999999999,0.49999999999999994,0.49243356116170833,0.055555555555555546,0.04906778724514898,0.04854184427843728,7.645605278912337e-16
low_rank,92,12,12,48,0.0,0.0,0.0,0.0,0.0,0.0,0.0,0.0
low_rank,92,18,12,48,0.0,0.0,0.0,0.0,0.0,0.0,0.0,0.0
low_rank,92,24,12,48,0.0,0.0,0.0,0.0,0.0,0.0,0.0,0.0
low_rank,92,30,12,48,0.0,0.0,0.0,0.0,0.0,0.0,0.0,0.0
low_rank,92,36,12,48,0.0,0.0,0.0,0.0,0.0,0.0,0.0,0.0
low_rank,92,42,12,48,0.0,0.0,0.0,0.0,0.0,0.0,0.0,0.0
low_rank,92,48,12,48,0.0,0.0,0.0,0.0,0.0,0.0,0.0,0.0
low_rank,92,54,12,48,0.0,0.0,0.0,0.0,0.0,0.0,0.0,0.0
low_rank,92,60,12,48,0.0,0.0,0.0,0.0,0.0,0.0,0.0,0.0
low_rank,93,6,6,54,1.0000000000000002,5.999999999999998,0.4999999999999998,0.5113915872434611,0.05555555555555554,0.05426840451332428,0.054416394121538675,5.688244681953304e-16
low_rank,93,12,12,48,0.0,0.0,0.0,0.0,0.0,0.0,0.0,0.0
low_rank,93,18,12,48,0.0,0.0,0.0,0.0,0.0,0.0,0.0,0.0
low_rank,93,24,12,48,0.0,0.0,0.0,0.0,0.0,0.0,0.0,0.0
low_rank,93,30,12,48,0.0,0.0,0.0,0.0,0.0,0.0,0.0,0.0
low_rank,93,36,12,48,0.0,0.0,0.0,0.0,0.0,0.0,0.0,0.0
low_rank,93,42,12,48,0.0,0.0,0.0,0.0,0.0,0.0,0.0,0.0
low_rank,93,48,12,48,0.0,0.0,0.0,0.0,0.0,0.0,0.0,0.0
low_rank,93,54,12,48,0.0,0.0,0.0,0.0,0.0,0.0,0.0,0.0
low_rank,93,60,12,48,0.0,0.0,0.0,0.0,0.0,0.0,0.0,0.0
low_rank,94,6,6,54,1.0000000000000004,6.0,0.5,0.5060623195257374,0.05555555555555555,0.06427985688415125,0.06516481107369912,1.1107299745837416e-15
low_rank,94,12,12,48,0.0,0.0,0.0,0.0,0.0,0.0,0.0,0.0
low_rank,94,18,12,48,0.0,0.0,0.0,0.0,0.0,0.0,0.0,0.0
low_rank,94,24,12,48,0.0,0.0,0.0,0.0,0.0,0.0,0.0,0.0
low_rank,94,30,12,48,0.0,0.0,0.0,0.0,0.0,0.0,0.0,0.0
low_rank,94,36,12,48,0.0,0.0,0.0,0.0,0.0,0.0,0.0,0.0
low_rank,94,42,12,48,0.0,0.0,0.0,0.0,0.0,0.0,0.0,0.0
low_rank,94,48,12,48,0.0,0.0,0.0,0.0,0.0,0.0,0.0,0.0
low_rank,94,54,12,48,0.0,0.0,0.0,0.0,0.0,0.0,0.0,0.0
low_rank,94,60,12,48,0.0,0.0,0.0,0.0,0.0,0.0,0.0,0.0
low_rank,95,6,6,54,1.0000000000000004,5.999999999999998,0.5000000000000002,0.5043682720277674,0.05555555555555554,0.05139002162945343,0.05197350964962211,6.678621759783553e-16
low_rank,95,12,12,48,0.0,0.0,0.0,0.0,0.0,0.0,0.0,0.0
low_rank,95,18,12,48,0.0,0.0,0.0,0.0,0.0,0.0,0.0,0.0
low_rank,95,24,12,48,0.0,0.0,0.0,0.0,0.0,0.0,0.0,0.0
low_rank,95,30,12,48,0.0,0.0,0.0,0.0,0.0,0.0,0.0,0.0
low_rank,95,36,12,48,0.0,0.0,0.0,0.0,0.0,0.0,0.0,0.0
low_rank,95,42,12,48,0.0,0.0,0.0,0.0,0.0,0.0,0.0,0.0
low_rank,95,48,12,48,0.0,0.0,0.0,0.0,0.0,0.0,0.0,0.0
low_rank,95,54,12,48,0.0,0.0,0.0,0.0,0.0,0.0,0.0,0.0
low_rank,95,60,12,48,0.0,0.0,0.0,0.0,0.0,0.0,0.0,0.0
low_rank,96,6,6,54,1.0000000000000002,5.999999999999999,0.5,0.48936972412106805,0.055555555555555546,0.052200516199496304,0.052556623585619786,7.207195526377923e-16
low_rank,96,12,12,48,0.0,0.0,0.0,0.0,0.0,0.0,0.0,0.0
low_rank,96,18,12,48,0.0,0.0,0.0,0.0,0.0,0.0,0.0,0.0
low_rank,96,24,12,48,0.0,0.0,0.0,0.0,0.0,0.0,0.0,0.0
low_rank,96,30,12,48,0.0,0.0,0.0,0.0,0.0,0.0,0.0,0.0
low_rank,96,36,12,48,0.0,0.0,0.0,0.0,0.0,0.0,0.0,0.0
low_rank,96,42,12,48,0.0,0.0,0.0,0.0,0.0,0.0,0.0,0.0
low_rank,96,48,12,48,0.0,0.0,0.0,0.0,0.0,0.0,0.0,0.0
low_rank,96,54,12,48,0.0,0.0,0.0,0.0,0.0,0.0,0.0,0.0
low_rank,96,60,12,48,0.0,0.0,0.0,0.0,0.0,0.0,0.0,0.0
low_rank,97,6,6,54,1.0000000000000002,5.999999999999998,0.5000000000000001,0.4610153821544092,0.05555555555555554,0.06098212191180105,0.060742415755485446,8.70148517065511e-16
low_rank,97,12,12,48,0.0,0.0,0.0,0.0,0.0,0.0,0.0,0.0
low_rank,97,18,12,48,0.0,0.0,0.0,0.0,0.0,0.0,0.0,0.0
low_rank,97,24,12,48,0.0,0.0,0.0,0.0,0.0,0.0,0.0,0.0
low_rank,97,30,12,48,0.0,0.0,0.0,0.0,0.0,0.0,0.0,0.0
low_rank,97,36,12,48,0.0,0.0,0.0,0.0,0.0,0.0,0.0,0.0
low_rank,97,42,12,48,0.0,0.0,0.0,0.0,0.0,0.0,0.0,0.0
low_rank,97,48,12,48,0.0,0.0,0.0,0.0,0.0,0.0,0.0,0.0
low_rank,97,54,12,48,0.0,0.0,0.0,0.0,0.0,0.0,0.0,0.0
low_rank,97,60,12,48,0.0,0.0,0.0,0.0,0.0,0.0,0.0,0.0
low_rank,98,6,6,54,1.0000000000000007,5.999999999999998,0.5,0.5096512472117538,0.05555555555555554,0.0614361783489316,0.0618166102874928,8.198821182029292e-16
low_rank,98,12,12,48,0.0,0.0,0.0,0.0,0.0,0.0,0.0,0.0
low_rank,98,18,12,48,0.0,0.0,0.0,0.0,0.0,0.0,0.0,0.0
low_rank,98,24,12,48,0.0,0.0,0.0,0.0,0.0,0.0,0.0,0.0
low_rank,98,30,12,48,0.0,0.0,0.0,0.0,0.0,0.0,0.0,0.0
low_rank,98,36,12,48,0.0,0.0,0.0,0.0,0.0,0.0,0.0,0.0
low_rank,98,42,12,48,0.0,0.0,0.0,0.0,0.0,0.0,0.0,0.0
low_rank,98,48,12,48,0.0,0.0,0.0,0.0,0.0,0.0,0.0,0.0
low_rank,98,54,12,48,0.0,0.0,0.0,0.0,0.0,0.0,0.0,0.0
low_rank,98,60,12,48,0.0,0.0,0.0,0.0,0.0,0.0,0.0,0.0
low_rank,99,6,6,54,1.0000000000000013,6.0,0.5000000000000003,0.5039940864853915,0.05555555555555555,0.05703372920645128,0.0571441432473517,7.479807658628333e-16
low_rank,99,12,12,48,0.0,0.0,0.0,0.0,0.0,0.0,0.0,0.0
low_rank,99,18,12,48,0.0,0.0,0.0,0.0,0.0,0.0,0.0,0.0
low_rank,99,24,12,48,0.0,0.0,0.0,0.0,0.0,0.0,0.0,0.0
low_rank,99,30,12,48,0.0,0.0,0.0,0.0,0.0,0.0,0.0,0.0
low_rank,99,36,12,48,0.0,0.0,0.0,0.0,0.0,0.0,0.0,0.0
low_rank,99,42,12,48,0.0,0.0,0.0,0.0,0.0,0.0,0.0,0.0
low_rank,99,48,12,48,0.0,0.0,0.0,0.0,0.0,0.0,0.0,0.0
low_rank,99,54,12,48,0.0,0.0,0.0,0.0,0.0,0.0,0.0,0.0
low_rank,99,60,12,48,0.0,0.0,0.0,0.0,0.0,0.0,0.0,0.0
